id;origem;destino;valor;timestamp
ID00000;ORIG018;DEST666;160.24;2020-04-13
ID00001;ORIG010;DEST205;36.14;2023-03-26
ID00002;ORIG001;DEST555;100.63;2022-02-26
ID00003;ORIG015;DEST230;832.28;2023-09-14
ID00004;ORIG015;DEST936;739.52;2022-08-17
ID00005;ORIG015;DEST735;641.15;2021-07-06
ID00006;ORIG097;DEST018;597.55;2021-08-12
ID00007;ORIG043;DEST221;60.75;2022-08-14
ID00000;ORIG072;DEST321;852.94;2022-04-28
ID00007;ORIG023;DEST390;515.67;2020-09-24
ID00010;ORIG008;DEST216;754.54;2024-12-18
ID00000;ORIG054;DEST384;208.55;2021-03-08
ID00012;ORIG005;DEST088;47.50;2023-01-27
ID00013;ORIG024;DEST240;31.38;2022-10-11
ID00014;ORIG005;DEST086;730.75;2022-07-04
ID00015;ORIG006;DEST431;293.56;2023-04-04
ID00016;ORIG001;DEST985;81.61;2020-06-21
ID00017;ORIG008;DEST082;566.22;2023-01-05
ID00018;ORIG001;DEST619;661.24;2023-01-22
ID00019;ORIG014;DEST564;260.40;2022-05-14
ID00020;ORIG014;DEST866;436.30;2022-03-05
ID00021;ORIG007;DEST743;530.38;2024-06-10
ID00022;ORIG016;DEST292;392.76;2024-01-15
ID00023;ORIG053;DEST117;714.22;2022-04-22
ID00024;ORIG005;DEST744;16.68;2024-07-07
ID00025;ORIG015;DEST805;556.10;2022-05-28
ID00026;ORIG007;DEST775;861.92;2022-02-01
ID00027;ORIG012;DEST089;949.71;2024-02-05
ID00028;ORIG016;DEST399;797.02;2020-07-08
ID00029;ORIG007;DEST245;374.83;2024-03-22
ID00030;ORIG001;DEST148;450.16;2022-12-28
ID00031;ORIG006;DEST782;509.11;2021-11-23
ID00032;ORIG044;DEST006;968.03;2020-08-11
ID00033;ORIG097;DEST849;52.67;2022-03-10
ID00013;ORIG014;DEST821;475.30;2022-07-15
ID00035;ORIG015;DEST502;624.48;2020-05-16
ID00036;ORIG014;DEST695;643.38;2022-01-19
ID00037;ORIG031;DEST493;869.12;2021-12-08
ID00038;ORIG015;DEST300;788.64;2023-06-24
ID00039;ORIG012;DEST999;462.90;2021-02-17
ID00040;ORIG011;DEST834;19.18;2021-11-11
ID00041;ORIG032;DEST721;771.35;2020-02-15
ID00042;ORIG012;DEST230;884.55;2021-01-12
ID00043;ORIG017;DEST770;770.28;2021-02-20
ID00042;ORIG001;DEST063;285.33;2023-10-25
ID00045;ORIG005;DEST786;791.65;2023-02-22
ID00046;ORIG096;DEST487;545.02;2020-09-03
ID00047;ORIG002;DEST683;741.10;2022-03-02
ID00048;ORIG003;DEST006;209.97;2024-02-22
ID00049;ORIG001;DEST153;227.91;2022-04-06
ID00050;ORIG008;DEST343;781.94;2023-12-27
ID00051;ORIG001;DEST163;461.43;2021-05-01
ID00052;ORIG003;DEST403;80.37;2021-12-12
ID00053;ORIG012;DEST334;466.54;2022-12-23
ID00054;ORIG005;DEST099;404.64;2024-06-12
ID00055;ORIG015;DEST836;252.12;2021-03-06
ID00056;ORIG001;DEST254;142.37;2024-06-07
ID00057;ORIG000;DEST995;517.42;2022-12-19
ID00058;ORIG018;DEST827;766.41;2021-04-08
ID00059;ORIG006;DEST377;722.16;2022-05-15
ID00060;ORIG006;DEST359;18.45;2024-12-11
ID00061;ORIG000;DEST245;629.38;2020-08-10
ID00062;ORIG002;DEST180;51.38;2020-01-05
ID00063;ORIG006;DEST000;293.69;2024-05-20
ID00064;ORIG016;DEST210;886.86;2021-04-28
ID00065;ORIG009;DEST270;855.42;2023-01-06
ID00066;ORIG000;DEST414;971.63;2023-08-27
ID00067;ORIG011;DEST338;216.22;2023-10-05
ID00068;ORIG070;DEST813;169.15;2022-05-07
ID00069;ORIG034;DEST747;712.75;2023-05-20
ID00070;ORIG019;DEST178;821.87;2022-08-07
ID00071;ORIG066;DEST863;616.47;2020-05-20
ID00072;ORIG012;DEST341;426.50;2024-10-15
ID00073;ORIG006;DEST984;293.19;2024-11-27
ID00074;ORIG010;DEST183;457.23;2022-08-09
ID00075;ORIG015;DEST462;696.39;2023-10-14
ID00076;ORIG003;DEST094;587.34;2024-09-08
ID00077;ORIG008;DEST413;596.10;2023-09-20
ID00060;ORIG001;DEST039;338.84;2024-11-23
ID00079;ORIG036;DEST083;668.12;2024-10-03
ID00080;ORIG002;DEST021;973.00;2020-02-12
ID00081;ORIG011;DEST268;624.12;2020-06-08
ID00082;ORIG010;DEST539;965.12;2021-10-01
ID00083;ORIG017;DEST283;280.78;2020-10-09
ID00084;ORIG001;DEST035;652.91;2022-05-27
ID00085;ORIG000;DEST796;172.88;2020-08-05
ID00056;ORIG008;DEST391;889.64;2023-06-08
ID00087;ORIG016;DEST969;824.47;2024-02-03
ID00088;ORIG003;DEST836;656.32;2022-12-06
ID00089;ORIG018;DEST567;526.65;2021-06-20
ID00039;ORIG002;DEST685;437.77;2023-04-24
ID00091;ORIG012;DEST054;33.70;2021-04-08
ID00092;ORIG072;DEST181;756.82;2024-06-07
ID00022;ORIG001;DEST439;960.74;2023-01-12
ID00094;ORIG001;DEST303;960.66;2024-12-28
ID00095;ORIG013;DEST906;738.45;2023-08-26
ID00096;ORIG000;DEST598;869.21;2024-03-12
ID00097;ORIG011;DEST882;814.95;2022-04-09
ID00098;ORIG002;DEST894;826.99;2021-01-28
ID00099;ORIG006;DEST491;922.11;2023-09-17
ID00100;ORIG003;DEST546;643.64;2024-07-19
ID00101;ORIG089;DEST271;567.67;2022-02-15
ID00102;ORIG019;DEST887;662.70;2022-04-10
ID00103;ORIG006;DEST255;438.68;2023-12-06
ID00104;ORIG061;DEST137;736.03;2020-10-28
ID00105;ORIG008;DEST142;34.62;2023-07-24
ID00106;ORIG002;DEST264;991.96;2022-03-05
ID00107;ORIG013;DEST450;529.72;2021-12-02
ID00108;ORIG004;DEST082;490.14;2024-10-19
ID00109;ORIG012;DEST712;453.30;2020-11-04
ID00110;ORIG016;DEST656;943.37;2024-07-08
ID00111;ORIG000;DEST244;613.91;2021-06-27
ID00112;ORIG028;DEST961;507.56;2020-03-05
ID00113;ORIG011;DEST606;127.13;2020-11-26
ID00114;ORIG009;DEST168;846.04;2023-12-01
ID00115;ORIG010;DEST380;732.23;2022-11-06
ID00116;ORIG014;DEST026;585.31;2024-02-07
ID00117;ORIG018;DEST120;396.62;2024-10-01
ID00118;ORIG083;DEST031;247.60;2022-06-20
ID00119;ORIG003;DEST184;839.71;2022-11-02
ID00120;ORIG000;DEST840;914.63;2022-09-23
ID00121;ORIG027;DEST091;210.88;2022-06-20
ID00122;ORIG011;DEST525;412.44;2020-05-28
ID00123;ORIG000;DEST077;240.17;2021-06-11
ID00124;ORIG006;DEST934;186.35;2023-01-10
ID00125;ORIG004;DEST742;829.71;2022-03-14
ID00126;ORIG057;DEST270;675.92;2021-10-05
ID00127;ORIG002;DEST057;663.43;2020-05-02
ID00128;ORIG031;DEST238;957.41;2022-03-04
ID00129;ORIG001;DEST977;252.16;2022-11-04
ID00039;ORIG011;DEST523;493.34;2020-09-02
ID00131;ORIG015;DEST180;202.19;2021-08-16
ID00132;ORIG052;DEST206;19.07;2024-12-17
ID00133;ORIG003;DEST798;121.89;2023-05-13
ID00134;ORIG098;DEST744;395.65;2022-07-26
ID00135;ORIG031;DEST063;257.60;2023-04-22
ID00000;ORIG096;DEST167;567.97;2021-02-17
ID00137;ORIG013;DEST457;971.50;2024-09-27
ID00138;ORIG003;DEST163;587.73;2021-04-20
ID00139;ORIG017;DEST657;931.89;2021-05-21
ID00140;ORIG003;DEST277;353.88;2023-05-05
ID00141;ORIG016;DEST180;680.90;2022-05-06
ID00142;ORIG007;DEST423;833.26;2020-12-19
ID00143;ORIG076;DEST781;241.43;2024-10-25
ID00144;ORIG016;DEST189;873.18;2022-02-13
ID00145;ORIG015;DEST768;436.44;2021-02-22
ID00146;ORIG007;DEST718;695.20;2024-05-16
ID00147;ORIG031;DEST431;585.10;2020-11-22
ID00148;ORIG083;DEST442;161.75;2021-01-01
ID00149;ORIG002;DEST737;475.63;2021-02-10
ID00150;ORIG008;DEST799;280.59;2023-09-21
ID00151;ORIG016;DEST047;383.38;2020-11-04
ID00152;ORIG016;DEST955;481.49;2022-02-26
ID00153;ORIG013;DEST658;701.15;2021-10-16
ID00154;ORIG013;DEST456;504.70;2024-04-26
ID00155;ORIG007;DEST931;558.25;2020-07-11
ID00156;ORIG014;DEST137;428.38;2022-06-02
ID00157;ORIG019;DEST410;261.15;2020-11-08
ID00134;ORIG009;DEST019;275.11;2020-07-25
ID00159;ORIG004;DEST911;923.29;2021-08-12
ID00160;ORIG003;DEST770;608.23;2022-04-11
ID00161;ORIG046;DEST603;782.77;2021-02-22
ID00162;ORIG005;DEST491;979.56;2020-11-24
ID00163;ORIG002;DEST632;336.68;2021-01-24
ID00164;ORIG057;DEST928;949.75;2020-12-08
ID00165;ORIG012;DEST822;175.73;2024-09-10
ID00166;ORIG016;DEST064;494.17;2024-01-19
ID00167;ORIG016;DEST002;259.86;2022-03-24
ID00168;ORIG060;DEST246;677.24;2022-03-20
ID00169;ORIG015;DEST574;840.52;2024-09-17
ID00010;ORIG004;DEST434;837.58;2022-04-14
ID00171;ORIG006;DEST573;584.14;2024-05-07
ID00172;ORIG018;DEST835;258.31;2020-03-10
ID00173;ORIG010;DEST660;341.34;2021-07-07
ID00174;ORIG014;DEST271;28.14;2021-06-04
ID00018;ORIG005;DEST944;135.25;2020-10-10
ID00176;ORIG013;DEST905;854.16;2020-11-19
ID00177;ORIG004;DEST619;273.56;2020-07-07
ID00178;ORIG006;DEST070;189.21;2020-01-04
ID00179;ORIG008;DEST390;425.78;2024-04-26
ID00180;ORIG006;DEST617;56.45;2021-07-23
ID00181;ORIG072;DEST980;215.25;2022-12-17
ID00182;ORIG041;DEST748;569.28;2022-05-11
ID00183;ORIG015;DEST262;337.10;2020-09-02
ID00184;ORIG004;DEST583;800.15;2023-12-28
ID00185;ORIG008;DEST184;103.10;2022-07-21
ID00186;ORIG008;DEST503;567.72;2021-01-07
ID00187;ORIG009;DEST353;568.67;2024-03-22
ID00188;ORIG016;DEST778;992.80;2021-04-19
ID00189;ORIG002;DEST061;511.58;2020-04-14
ID00190;ORIG009;DEST159;997.09;2023-09-11
ID00191;ORIG005;DEST507;486.94;2024-07-08
ID00192;ORIG012;DEST736;904.69;2021-02-07
ID00193;ORIG017;DEST858;25.97;2022-08-12
ID00194;ORIG024;DEST335;613.72;2024-01-12
ID00195;ORIG016;DEST657;653.37;2023-10-16
ID00196;ORIG014;DEST058;803.30;2023-10-13
ID00101;ORIG010;DEST629;541.13;2023-09-20
ID00198;ORIG063;DEST497;501.86;2020-08-04
ID00199;ORIG010;DEST702;371.31;2024-03-13
ID00200;ORIG018;DEST375;538.18;2021-03-06
ID00201;ORIG009;DEST595;622.85;2020-07-04
ID00202;ORIG074;DEST098;936.99;2022-12-28
ID00203;ORIG017;DEST562;763.42;2024-04-08
ID00204;ORIG015;DEST726;369.00;2021-08-18
ID00205;ORIG014;DEST798;761.60;2021-06-24
ID00206;ORIG013;DEST138;443.82;2021-11-27
ID00207;ORIG012;DEST577;146.67;2024-09-21
ID00208;ORIG017;DEST336;332.86;2023-09-14
ID00059;ORIG047;DEST167;940.08;2021-11-22
ID00210;ORIG002;DEST479;34.80;2024-12-05
ID00211;ORIG015;DEST238;890.36;2024-07-28
ID00212;ORIG013;DEST875;225.95;2024-12-04
ID00213;ORIG000;DEST149;664.98;2021-09-27
ID00214;ORIG071;DEST396;907.66;2020-04-17
ID00215;ORIG001;DEST803;743.20;2020-06-13
ID00188;ORIG012;DEST891;572.61;2024-03-25
ID00217;ORIG007;DEST787;969.44;2020-10-18
ID00218;ORIG010;DEST537;915.08;2020-08-22
ID00219;ORIG002;DEST026;347.09;2024-01-14
ID00220;ORIG073;DEST305;139.94;2024-02-13
ID00221;ORIG017;DEST866;969.55;2021-07-26
ID00222;ORIG010;DEST445;588.60;2021-12-12
ID00223;ORIG019;DEST907;701.20;2023-10-06
ID00224;ORIG002;DEST902;438.85;2021-07-21
ID00225;ORIG005;DEST361;388.84;2024-09-03
ID00226;ORIG000;DEST032;939.21;2021-09-07
ID00227;ORIG005;DEST667;229.86;2023-03-04
ID00228;ORIG006;DEST274;452.06;2022-08-21
ID00229;ORIG033;DEST363;379.55;2022-04-11
ID00230;ORIG015;DEST379;781.70;2022-01-26
ID00231;ORIG012;DEST106;600.14;2023-01-03
ID00227;ORIG003;DEST708;980.63;2023-06-22
ID00233;ORIG009;DEST265;971.17;2020-12-08
ID00234;ORIG002;DEST721;662.22;2024-12-10
ID00235;ORIG004;DEST928;160.05;2023-10-12
ID00236;ORIG003;DEST223;726.84;2022-02-20
ID00237;ORIG061;DEST203;698.70;2022-03-05
ID00238;ORIG015;DEST170;294.82;2022-11-04
ID00239;ORIG006;DEST867;756.94;2021-06-09
ID00240;ORIG006;DEST438;126.26;2023-09-23
ID00241;ORIG083;DEST487;107.25;2021-05-01
ID00242;ORIG002;DEST479;650.40;2021-11-13
ID00243;ORIG001;DEST070;344.55;2023-07-20
ID00244;ORIG008;DEST516;420.90;2022-01-06
ID00245;ORIG060;DEST797;152.35;2022-12-27
ID00204;ORIG009;DEST920;970.54;2022-04-27
ID00247;ORIG034;DEST563;682.74;2022-02-08
ID00248;ORIG036;DEST653;591.71;2021-07-02
ID00249;ORIG000;DEST994;515.26;2020-10-27
ID00250;ORIG005;DEST261;641.10;2021-01-22
ID00251;ORIG018;DEST184;935.06;2020-03-13
ID00252;ORIG000;DEST604;889.96;2021-07-10
ID00253;ORIG012;DEST491;582.21;2024-07-13
ID00254;ORIG066;DEST530;81.86;2024-08-18
ID00255;ORIG009;DEST893;176.75;2022-02-23
ID00256;ORIG016;DEST821;861.01;2023-08-28
ID00257;ORIG085;DEST446;290.95;2024-04-14
ID00258;ORIG019;DEST024;889.68;2021-04-08
ID00259;ORIG005;DEST541;341.15;2021-09-19
ID00260;ORIG036;DEST594;571.25;2021-09-08
ID00261;ORIG007;DEST653;840.06;2022-11-17
ID00262;ORIG015;DEST598;185.43;2022-10-06
ID00263;ORIG001;DEST523;132.70;2023-07-03
ID00264;ORIG000;DEST169;421.19;2020-07-20
ID00265;ORIG011;DEST077;791.43;2024-02-22
ID00266;ORIG018;DEST993;972.85;2020-04-17
ID00267;ORIG021;DEST971;669.87;2021-10-10
ID00268;ORIG014;DEST111;550.21;2024-10-06
ID00269;ORIG019;DEST048;362.03;2024-11-04
ID00062;ORIG085;DEST864;814.72;2024-03-06
ID00271;ORIG012;DEST254;579.94;2022-12-18
ID00272;ORIG015;DEST810;231.20;2021-10-12
ID00273;ORIG018;DEST175;66.57;2021-04-20
ID00274;ORIG004;DEST106;647.04;2023-06-20
ID00275;ORIG002;DEST562;20.23;2024-11-15
ID00080;ORIG001;DEST713;669.36;2023-10-16
ID00277;ORIG002;DEST352;128.05;2022-04-28
ID00278;ORIG010;DEST368;932.91;2023-05-04
ID00279;ORIG008;DEST274;313.15;2021-07-08
ID00280;ORIG004;DEST101;617.96;2023-04-22
ID00281;ORIG000;DEST539;943.64;2022-08-28
ID00282;ORIG014;DEST601;323.49;2020-01-04
ID00283;ORIG017;DEST528;62.45;2022-02-19
ID00132;ORIG011;DEST185;985.06;2022-04-16
ID00285;ORIG013;DEST401;285.65;2020-08-01
ID00083;ORIG015;DEST820;647.78;2020-04-04
ID00287;ORIG004;DEST048;174.71;2020-11-12
ID00288;ORIG019;DEST066;954.09;2020-09-01
ID00289;ORIG081;DEST378;894.18;2021-12-06
ID00290;ORIG006;DEST145;691.71;2024-05-13
ID00291;ORIG004;DEST851;468.27;2022-10-17
ID00292;ORIG003;DEST362;140.06;2022-11-12
ID00154;ORIG015;DEST552;602.35;2021-03-19
ID00294;ORIG005;DEST185;630.53;2022-06-24
ID00295;ORIG004;DEST712;939.76;2021-05-06
ID00296;ORIG040;DEST401;227.27;2024-03-25
ID00297;ORIG018;DEST076;948.82;2023-10-12
ID00298;ORIG015;DEST565;449.16;2022-03-10
ID00299;ORIG018;DEST597;743.14;2024-03-03
ID00300;ORIG002;DEST787;530.20;2020-11-01
ID00301;ORIG059;DEST182;190.15;2021-03-24
ID00302;ORIG084;DEST870;626.79;2024-01-15
ID00261;ORIG048;DEST168;571.30;2021-05-13
ID00304;ORIG005;DEST618;319.90;2024-03-09
ID00305;ORIG011;DEST177;208.54;2020-12-25
ID00306;ORIG029;DEST161;87.88;2024-08-04
ID00307;ORIG053;DEST919;778.58;2022-07-10
ID00308;ORIG009;DEST343;354.02;2023-04-23
ID00309;ORIG008;DEST094;655.50;2020-02-02
ID00310;ORIG000;DEST202;943.46;2020-01-16
ID00311;ORIG097;DEST939;452.69;2024-06-01
ID00199;ORIG064;DEST083;468.33;2021-10-16
ID00313;ORIG007;DEST552;965.73;2023-02-03
ID00314;ORIG004;DEST480;612.92;2020-07-09
ID00315;ORIG016;DEST194;687.14;2023-04-19
ID00316;ORIG006;DEST447;682.07;2020-10-01
ID00317;ORIG038;DEST326;963.70;2023-01-12
ID00318;ORIG024;DEST224;59.18;2022-10-16
ID00245;ORIG002;DEST290;619.03;2023-04-20
ID00320;ORIG072;DEST631;696.89;2023-05-12
ID00321;ORIG006;DEST324;871.56;2020-09-01
ID00314;ORIG030;DEST842;250.27;2021-03-06
ID00323;ORIG005;DEST340;667.46;2024-05-15
ID00324;ORIG009;DEST604;775.52;2022-06-06
ID00198;ORIG056;DEST038;97.24;2021-07-07
ID00326;ORIG004;DEST578;616.38;2022-09-08
ID00327;ORIG006;DEST058;338.76;2020-11-18
ID00328;ORIG005;DEST645;257.90;2024-06-14
ID00329;ORIG003;DEST162;188.12;2022-01-18
ID00330;ORIG019;DEST260;544.73;2021-01-19
ID00015;ORIG013;DEST067;649.33;2021-09-09
ID00332;ORIG003;DEST298;114.02;2020-07-28
ID00333;ORIG006;DEST143;262.26;2021-10-08
ID00334;ORIG003;DEST257;414.19;2020-12-10
ID00335;ORIG003;DEST112;436.50;2023-08-09
ID00336;ORIG070;DEST677;176.48;2020-06-28
ID00160;ORIG019;DEST151;551.00;2020-03-10
ID00114;ORIG002;DEST501;89.34;2021-09-18
ID00339;ORIG018;DEST164;469.52;2020-07-15
ID00340;ORIG014;DEST677;856.34;2021-03-25
ID00341;ORIG083;DEST796;314.35;2023-05-27
ID00342;ORIG033;DEST702;602.59;2023-05-18
ID00343;ORIG012;DEST736;552.25;2021-03-19
ID00344;ORIG009;DEST122;538.64;2020-01-21
ID00345;ORIG007;DEST193;417.89;2020-10-18
ID00346;ORIG019;DEST112;532.17;2021-07-21
ID00347;ORIG001;DEST755;697.16;2021-08-04
ID00348;ORIG007;DEST236;888.79;2021-02-11
ID00349;ORIG006;DEST716;398.17;2021-12-26
ID00350;ORIG072;DEST524;163.23;2020-10-06
ID00351;ORIG000;DEST999;558.61;2020-02-16
ID00352;ORIG008;DEST348;677.32;2022-09-08
ID00353;ORIG016;DEST048;525.68;2021-11-07
ID00354;ORIG005;DEST938;866.19;2020-04-19
ID00355;ORIG017;DEST369;406.81;2022-08-21
ID00356;ORIG015;DEST146;735.75;2024-09-27
ID00235;ORIG012;DEST636;403.96;2024-12-14
ID00358;ORIG012;DEST549;536.38;2021-11-23
ID00359;ORIG041;DEST607;425.10;2020-07-13
ID00360;ORIG011;DEST072;539.58;2022-02-26
ID00361;ORIG043;DEST095;658.73;2021-12-26
ID00362;ORIG003;DEST987;656.28;2021-01-28
ID00363;ORIG010;DEST572;496.97;2024-07-13
ID00364;ORIG019;DEST078;547.10;2022-04-04
ID00365;ORIG009;DEST961;943.38;2023-11-20
ID00238;ORIG016;DEST213;253.77;2022-01-18
ID00367;ORIG017;DEST686;222.97;2024-04-14
ID00368;ORIG011;DEST117;663.10;2023-11-04
ID00369;ORIG017;DEST867;879.89;2023-02-02
ID00370;ORIG006;DEST368;543.16;2021-12-01
ID00371;ORIG010;DEST069;147.64;2020-10-28
ID00372;ORIG007;DEST918;603.84;2024-04-17
ID00373;ORIG016;DEST024;910.33;2024-11-24
ID00374;ORIG012;DEST740;849.23;2020-07-04
ID00375;ORIG085;DEST758;882.96;2024-03-02
ID00376;ORIG007;DEST012;762.72;2021-08-10
ID00377;ORIG016;DEST629;278.35;2020-01-15
ID00378;ORIG016;DEST361;259.09;2022-11-04
ID00379;ORIG007;DEST847;978.31;2024-12-20
ID00380;ORIG004;DEST179;127.46;2024-11-20
ID00381;ORIG010;DEST651;251.17;2023-02-27
ID00382;ORIG034;DEST254;529.95;2023-08-03
ID00383;ORIG028;DEST486;802.19;2024-08-24
ID00384;ORIG019;DEST110;574.61;2023-05-17
ID00385;ORIG011;DEST233;938.38;2021-09-19
ID00386;ORIG001;DEST388;891.76;2021-10-20
ID00387;ORIG071;DEST146;432.79;2023-09-15
ID00388;ORIG018;DEST279;544.87;2020-08-27
ID00389;ORIG055;DEST332;258.19;2023-03-19
ID00390;ORIG000;DEST827;82.96;2022-05-06
ID00391;ORIG003;DEST076;575.70;2021-02-18
ID00392;ORIG047;DEST043;674.65;2021-12-15
ID00393;ORIG006;DEST190;84.78;2021-05-02
ID00394;ORIG086;DEST685;812.01;2024-05-22
ID00395;ORIG013;DEST788;263.69;2020-07-04
ID00396;ORIG010;DEST138;525.10;2023-08-15
ID00250;ORIG046;DEST810;881.18;2020-12-24
ID00398;ORIG013;DEST223;358.92;2021-08-04
ID00399;ORIG051;DEST643;505.92;2022-06-15
ID00400;ORIG052;DEST630;161.51;2023-03-14
ID00401;ORIG002;DEST456;336.39;2022-12-13
ID00257;ORIG016;DEST432;970.51;2023-08-12
ID00403;ORIG001;DEST346;865.58;2021-07-08
ID00404;ORIG067;DEST218;701.44;2020-11-16
ID00405;ORIG014;DEST474;843.15;2023-10-26
ID00406;ORIG069;DEST527;985.26;2023-06-15
ID00407;ORIG015;DEST745;295.97;2024-01-02
ID00408;ORIG006;DEST594;108.66;2021-12-02
ID00409;ORIG004;DEST331;537.87;2020-04-25
ID00410;ORIG051;DEST851;859.67;2024-10-08
ID00411;ORIG098;DEST006;24.16;2020-12-04
ID00412;ORIG055;DEST938;820.46;2020-12-07
ID00413;ORIG082;DEST492;373.28;2021-03-07
ID00414;ORIG019;DEST178;83.38;2022-02-06
ID00415;ORIG001;DEST009;255.92;2021-02-17
ID00416;ORIG001;DEST445;584.39;2023-06-24
ID00417;ORIG016;DEST164;770.40;2022-07-09
ID00418;ORIG001;DEST186;995.40;2022-05-27
ID00419;ORIG014;DEST750;744.68;2023-06-13
ID00420;ORIG006;DEST096;910.37;2021-08-13
ID00421;ORIG009;DEST469;714.07;2022-06-05
ID00422;ORIG012;DEST737;230.77;2021-11-23
ID00423;ORIG017;DEST212;567.85;2024-08-21
ID00424;ORIG002;DEST169;212.75;2023-01-01
ID00425;ORIG011;DEST567;171.88;2024-01-26
ID00426;ORIG007;DEST434;937.05;2021-09-13
ID00017;ORIG018;DEST380;722.80;2020-02-02
ID00428;ORIG004;DEST406;167.81;2021-12-20
ID00429;ORIG001;DEST697;115.82;2020-02-23
ID00430;ORIG002;DEST633;250.04;2023-11-21
ID00431;ORIG006;DEST574;431.69;2020-06-08
ID00432;ORIG009;DEST316;428.95;2021-06-06
ID00433;ORIG000;DEST239;213.05;2021-08-08
ID00128;ORIG006;DEST111;387.92;2020-05-23
ID00435;ORIG007;DEST209;959.73;2022-04-02
ID00436;ORIG007;DEST567;139.00;2022-08-06
ID00437;ORIG003;DEST785;378.00;2022-08-19
ID00239;ORIG007;DEST376;973.91;2022-09-08
ID00439;ORIG061;DEST618;820.99;2023-03-14
ID00440;ORIG008;DEST809;849.23;2024-02-02
ID00441;ORIG016;DEST649;637.63;2021-03-01
ID00442;ORIG060;DEST731;288.26;2024-08-07
ID00443;ORIG085;DEST523;730.37;2022-11-03
ID00444;ORIG028;DEST701;731.22;2020-06-02
ID00445;ORIG026;DEST948;95.97;2021-08-02
ID00446;ORIG013;DEST624;584.61;2020-02-18
ID00447;ORIG004;DEST444;540.88;2024-08-23
ID00448;ORIG009;DEST151;641.91;2024-11-26
ID00449;ORIG071;DEST664;271.86;2021-09-26
ID00450;ORIG013;DEST678;58.33;2024-06-15
ID00451;ORIG007;DEST130;964.46;2021-12-20
ID00452;ORIG078;DEST818;408.96;2022-04-23
ID00453;ORIG007;DEST929;941.54;2023-03-19
ID00454;ORIG004;DEST481;929.18;2023-03-06
ID00455;ORIG019;DEST037;634.86;2022-12-03
ID00363;ORIG010;DEST373;959.88;2022-09-15
ID00457;ORIG014;DEST534;644.02;2023-12-06
ID00196;ORIG005;DEST065;555.57;2024-11-10
ID00459;ORIG002;DEST362;282.18;2021-07-11
ID00460;ORIG000;DEST477;724.13;2023-09-02
ID00461;ORIG004;DEST728;294.27;2022-12-21
ID00462;ORIG014;DEST344;305.19;2024-04-22
ID00463;ORIG013;DEST259;928.07;2021-03-20
ID00017;ORIG014;DEST602;992.59;2023-03-01
ID00465;ORIG044;DEST595;351.25;2021-08-28
ID00466;ORIG014;DEST552;946.68;2022-11-10
ID00064;ORIG007;DEST947;68.84;2021-09-14
ID00468;ORIG001;DEST729;250.16;2020-12-25
ID00269;ORIG016;DEST110;153.06;2022-04-21
ID00470;ORIG010;DEST842;200.65;2023-02-14
ID00471;ORIG034;DEST151;293.70;2024-05-19
ID00472;ORIG051;DEST412;207.00;2022-09-08
ID00473;ORIG074;DEST866;94.77;2021-07-20
ID00474;ORIG005;DEST111;455.14;2023-01-12
ID00475;ORIG004;DEST584;97.75;2022-07-13
ID00280;ORIG006;DEST198;186.97;2024-08-01
ID00477;ORIG016;DEST872;699.80;2020-03-17
ID00478;ORIG015;DEST388;228.38;2024-04-17
ID00479;ORIG004;DEST526;737.31;2021-02-13
ID00480;ORIG000;DEST842;624.37;2020-11-15
ID00359;ORIG004;DEST005;63.89;2024-11-18
ID00482;ORIG000;DEST621;10.09;2020-08-15
ID00483;ORIG004;DEST843;702.78;2024-11-18
ID00484;ORIG013;DEST694;406.77;2023-11-27
ID00485;ORIG061;DEST015;432.50;2020-11-11
ID00486;ORIG009;DEST974;614.65;2020-11-08
ID00487;ORIG001;DEST392;20.89;2021-07-08
ID00488;ORIG012;DEST829;706.27;2022-10-04
ID00489;ORIG006;DEST254;385.98;2024-08-26
ID00490;ORIG008;DEST785;712.47;2024-06-16
ID00491;ORIG044;DEST363;250.80;2024-03-16
ID00492;ORIG014;DEST606;519.80;2020-05-19
ID00493;ORIG068;DEST501;688.41;2024-10-24
ID00494;ORIG014;DEST171;35.16;2021-03-16
ID00495;ORIG018;DEST290;845.55;2021-10-12
ID00496;ORIG002;DEST565;755.44;2023-04-08
ID00497;ORIG000;DEST088;189.20;2021-04-06
ID00498;ORIG077;DEST414;888.88;2022-06-19
ID00131;ORIG012;DEST091;821.12;2022-08-03
ID00500;ORIG006;DEST886;912.41;2024-11-18
ID00501;ORIG015;DEST805;207.46;2020-02-02
ID00502;ORIG016;DEST831;139.26;2024-02-06
ID00177;ORIG000;DEST594;951.33;2020-08-26
ID00134;ORIG007;DEST590;552.01;2020-11-03
ID00505;ORIG004;DEST318;863.57;2022-10-10
ID00506;ORIG019;DEST268;713.48;2021-07-28
ID00507;ORIG006;DEST251;809.83;2020-12-13
ID00508;ORIG040;DEST066;929.06;2023-07-28
ID00509;ORIG012;DEST666;449.81;2021-06-16
ID00510;ORIG018;DEST992;938.96;2020-12-06
ID00511;ORIG000;DEST563;596.78;2024-11-15
ID00494;ORIG000;DEST321;84.08;2020-05-26
ID00025;ORIG003;DEST694;869.37;2022-01-14
ID00514;ORIG019;DEST950;253.07;2022-07-11
ID00515;ORIG012;DEST493;502.66;2020-03-12
ID00516;ORIG013;DEST989;526.77;2024-10-20
ID00517;ORIG010;DEST351;456.10;2024-01-08
ID00518;ORIG004;DEST055;670.06;2024-03-25
ID00519;ORIG009;DEST079;754.28;2024-06-02
ID00520;ORIG021;DEST540;785.15;2024-01-12
ID00521;ORIG019;DEST681;389.18;2023-03-24
ID00522;ORIG014;DEST021;219.99;2024-11-04
ID00523;ORIG011;DEST591;664.05;2022-04-09
ID00064;ORIG013;DEST973;275.64;2021-05-17
ID00525;ORIG004;DEST323;966.85;2020-04-25
ID00526;ORIG003;DEST332;997.37;2021-04-14
ID00527;ORIG008;DEST417;249.63;2020-05-11
ID00060;ORIG086;DEST244;520.13;2021-04-21
ID00529;ORIG015;DEST073;151.91;2021-01-01
ID00530;ORIG011;DEST558;632.08;2020-04-25
ID00323;ORIG019;DEST513;724.08;2024-03-26
ID00129;ORIG004;DEST547;222.25;2023-10-28
ID00533;ORIG018;DEST162;750.20;2022-08-17
ID00534;ORIG007;DEST754;735.12;2020-07-07
ID00535;ORIG098;DEST216;446.92;2020-04-06
ID00536;ORIG096;DEST306;963.34;2023-07-06
ID00537;ORIG016;DEST862;23.17;2024-02-10
ID00538;ORIG005;DEST257;342.32;2023-12-06
ID00539;ORIG064;DEST189;982.20;2023-12-24
ID00540;ORIG000;DEST833;270.06;2022-08-14
ID00541;ORIG001;DEST792;456.80;2020-10-23
ID00542;ORIG019;DEST579;420.13;2021-04-16
ID00543;ORIG004;DEST611;91.69;2020-02-22
ID00544;ORIG001;DEST645;575.14;2023-11-22
ID00042;ORIG080;DEST924;91.79;2024-08-19
ID00546;ORIG044;DEST644;849.01;2020-11-15
ID00547;ORIG003;DEST902;65.37;2024-09-25
ID00548;ORIG005;DEST584;762.35;2020-09-01
ID00549;ORIG080;DEST489;134.79;2020-07-22
ID00550;ORIG018;DEST538;672.52;2024-12-23
ID00551;ORIG003;DEST267;702.40;2023-03-11
ID00552;ORIG007;DEST579;803.97;2021-11-28
ID00553;ORIG005;DEST491;254.15;2020-06-17
ID00554;ORIG091;DEST937;963.26;2021-01-03
ID00555;ORIG010;DEST848;810.94;2021-08-05
ID00556;ORIG018;DEST059;15.17;2023-04-17
ID00557;ORIG096;DEST224;641.50;2021-04-03
ID00558;ORIG002;DEST314;612.30;2022-02-22
ID00559;ORIG002;DEST774;15.88;2020-02-21
ID00560;ORIG056;DEST585;66.31;2024-11-27
ID00561;ORIG014;DEST378;734.24;2023-12-10
ID00562;ORIG006;DEST784;36.41;2022-07-10
ID00563;ORIG006;DEST876;52.30;2020-09-15
ID00564;ORIG008;DEST092;907.45;2020-02-18
ID00565;ORIG013;DEST225;471.98;2024-04-07
ID00566;ORIG019;DEST284;791.28;2021-02-11
ID00194;ORIG026;DEST282;333.59;2020-05-04
ID00514;ORIG005;DEST139;264.84;2024-04-10
ID00569;ORIG073;DEST886;121.12;2022-12-05
ID00570;ORIG003;DEST211;689.95;2024-01-14
ID00571;ORIG006;DEST201;790.85;2022-04-24
ID00572;ORIG009;DEST254;693.94;2021-09-22
ID00573;ORIG013;DEST958;907.62;2023-11-16
ID00574;ORIG037;DEST214;250.00;2022-04-04
ID00575;ORIG012;DEST562;864.04;2021-12-23
ID00576;ORIG003;DEST592;319.50;2023-10-06
ID00577;ORIG004;DEST648;384.13;2023-05-08
ID00578;ORIG013;DEST600;266.09;2020-08-02
ID00579;ORIG000;DEST972;815.49;2024-12-09
ID00580;ORIG010;DEST640;785.96;2024-12-05
ID00581;ORIG001;DEST561;692.36;2021-11-08
ID00582;ORIG001;DEST444;582.20;2020-11-28
ID00583;ORIG008;DEST566;531.10;2020-09-18
ID00584;ORIG071;DEST828;544.22;2023-12-11
ID00084;ORIG005;DEST300;671.67;2023-01-17
ID00586;ORIG094;DEST419;269.63;2022-08-17
ID00587;ORIG051;DEST337;609.98;2023-10-02
ID00588;ORIG004;DEST646;430.54;2022-05-17
ID00589;ORIG018;DEST984;982.69;2023-12-17
ID00590;ORIG011;DEST900;753.13;2023-06-08
ID00591;ORIG084;DEST467;38.80;2022-04-13
ID00592;ORIG016;DEST579;185.82;2023-12-01
ID00563;ORIG031;DEST617;919.43;2023-03-20
ID00594;ORIG015;DEST578;460.96;2021-02-15
ID00595;ORIG018;DEST933;402.40;2021-01-08
ID00596;ORIG019;DEST012;243.23;2022-05-07
ID00597;ORIG035;DEST893;296.19;2021-12-18
ID00598;ORIG000;DEST891;202.47;2020-08-19
ID00599;ORIG012;DEST396;591.83;2021-04-11
ID00134;ORIG010;DEST491;668.20;2023-09-13
ID00601;ORIG008;DEST963;623.82;2020-03-25
ID00602;ORIG005;DEST052;765.67;2020-04-15
ID00603;ORIG010;DEST470;815.74;2021-05-24
ID00604;ORIG018;DEST007;451.61;2022-10-23
ID00605;ORIG003;DEST364;933.33;2022-03-20
ID00309;ORIG010;DEST762;916.95;2020-10-19
ID00607;ORIG009;DEST980;934.75;2022-08-08
ID00608;ORIG014;DEST115;691.40;2022-01-07
ID00609;ORIG069;DEST075;162.72;2022-05-10
ID00610;ORIG007;DEST592;19.91;2024-07-05
ID00611;ORIG030;DEST524;465.98;2020-09-20
ID00612;ORIG031;DEST718;527.87;2023-07-21
ID00613;ORIG072;DEST197;560.19;2024-09-06
ID00614;ORIG002;DEST290;832.43;2020-01-06
ID00615;ORIG010;DEST399;488.77;2021-02-23
ID00616;ORIG006;DEST952;718.23;2021-03-02
ID00617;ORIG001;DEST104;448.46;2023-06-24
ID00618;ORIG005;DEST867;902.53;2024-12-20
ID00619;ORIG000;DEST681;605.23;2021-12-23
ID00620;ORIG025;DEST088;685.91;2021-06-23
ID00621;ORIG013;DEST210;968.84;2023-03-17
ID00622;ORIG072;DEST443;459.88;2020-01-19
ID00623;ORIG019;DEST988;296.75;2023-12-27
ID00624;ORIG016;DEST111;186.07;2023-05-18
ID00625;ORIG050;DEST118;895.06;2022-05-16
ID00626;ORIG066;DEST712;787.57;2024-09-11
ID00627;ORIG017;DEST515;640.59;2024-06-07
ID00161;ORIG052;DEST807;257.91;2024-04-20
ID00629;ORIG000;DEST012;119.69;2023-06-22
ID00630;ORIG068;DEST521;690.76;2023-01-11
ID00631;ORIG016;DEST221;830.06;2024-08-09
ID00632;ORIG000;DEST456;645.09;2023-12-15
ID00326;ORIG018;DEST473;114.95;2023-12-15
ID00634;ORIG027;DEST278;925.76;2024-06-10
ID00635;ORIG007;DEST785;622.59;2023-11-20
ID00636;ORIG013;DEST158;132.51;2021-09-14
ID00637;ORIG017;DEST237;162.01;2023-03-15
ID00638;ORIG019;DEST049;727.45;2024-11-26
ID00639;ORIG013;DEST789;793.18;2021-11-10
ID00640;ORIG012;DEST791;565.95;2022-02-17
ID00641;ORIG016;DEST297;37.34;2023-11-09
ID00642;ORIG006;DEST306;104.39;2022-12-11
ID00643;ORIG006;DEST484;901.10;2021-04-14
ID00644;ORIG091;DEST626;169.02;2022-01-25
ID00645;ORIG018;DEST734;739.32;2021-07-03
ID00646;ORIG003;DEST706;252.73;2022-09-11
ID00647;ORIG019;DEST800;819.96;2022-04-23
ID00648;ORIG007;DEST692;49.97;2023-03-22
ID00649;ORIG067;DEST459;886.51;2024-07-13
ID00421;ORIG018;DEST484;125.74;2023-10-12
ID00651;ORIG015;DEST809;630.53;2021-05-23
ID00652;ORIG003;DEST756;593.26;2023-05-14
ID00653;ORIG014;DEST226;499.54;2024-03-25
ID00654;ORIG014;DEST689;373.58;2024-08-21
ID00655;ORIG015;DEST936;386.22;2021-08-24
ID00656;ORIG017;DEST193;509.41;2021-11-07
ID00657;ORIG008;DEST302;961.25;2022-01-26
ID00658;ORIG005;DEST695;23.40;2020-02-11
ID00082;ORIG001;DEST356;478.90;2023-05-15
ID00660;ORIG008;DEST586;513.61;2020-07-05
ID00661;ORIG016;DEST964;942.88;2021-05-06
ID00662;ORIG013;DEST143;322.67;2020-08-02
ID00663;ORIG013;DEST620;983.78;2023-05-12
ID00064;ORIG004;DEST208;740.27;2020-12-12
ID00665;ORIG007;DEST158;579.07;2024-01-01
ID00666;ORIG000;DEST989;724.83;2020-09-15
ID00484;ORIG017;DEST884;138.80;2024-08-21
ID00668;ORIG003;DEST086;204.93;2022-02-21
ID00669;ORIG006;DEST019;29.56;2020-01-16
ID00670;ORIG002;DEST862;356.00;2024-07-19
ID00671;ORIG003;DEST651;835.53;2022-08-02
ID00672;ORIG045;DEST282;954.61;2022-04-08
ID00673;ORIG006;DEST335;488.86;2024-07-14
ID00674;ORIG039;DEST251;390.84;2020-02-11
ID00122;ORIG002;DEST760;408.95;2021-04-07
ID00560;ORIG007;DEST906;445.38;2022-06-07
ID00677;ORIG005;DEST405;132.73;2024-04-22
ID00678;ORIG083;DEST586;365.15;2021-09-09
ID00679;ORIG008;DEST611;974.94;2020-12-16
ID00680;ORIG000;DEST812;507.66;2021-03-23
ID00681;ORIG057;DEST316;313.75;2022-03-05
ID00682;ORIG000;DEST152;519.86;2020-12-01
ID00683;ORIG009;DEST969;230.94;2020-12-07
ID00497;ORIG010;DEST296;789.88;2022-01-04
ID00685;ORIG044;DEST273;479.95;2022-02-20
ID00102;ORIG015;DEST246;206.77;2020-03-06
ID00687;ORIG000;DEST400;791.77;2023-09-26
ID00688;ORIG035;DEST653;202.05;2022-09-23
ID00689;ORIG008;DEST993;775.07;2023-01-09
ID00690;ORIG096;DEST596;795.95;2020-04-16
ID00691;ORIG006;DEST022;635.47;2021-05-06
ID00692;ORIG013;DEST185;904.05;2023-11-19
ID00693;ORIG017;DEST732;874.19;2022-04-12
ID00694;ORIG025;DEST161;521.40;2023-10-04
ID00695;ORIG010;DEST164;928.32;2020-08-15
ID00132;ORIG016;DEST443;247.83;2021-09-09
ID00000;ORIG003;DEST333;371.59;2024-12-04
ID00698;ORIG050;DEST740;66.37;2020-04-02
ID00699;ORIG003;DEST567;303.13;2023-08-09
ID00700;ORIG014;DEST793;80.11;2023-06-19
ID00701;ORIG013;DEST400;69.16;2022-06-14
ID00702;ORIG052;DEST441;459.35;2022-09-11
ID00703;ORIG001;DEST532;269.38;2021-02-07
ID00704;ORIG009;DEST899;515.59;2022-04-21
ID00705;ORIG001;DEST450;583.53;2024-04-18
ID00706;ORIG002;DEST330;462.14;2022-12-12
ID00707;ORIG000;DEST172;842.27;2024-11-21
ID00708;ORIG005;DEST061;178.97;2022-08-19
ID00709;ORIG026;DEST952;862.05;2022-01-17
ID00710;ORIG002;DEST149;630.90;2021-08-24
ID00711;ORIG003;DEST093;781.92;2023-10-11
ID00323;ORIG013;DEST255;641.93;2020-04-17
ID00713;ORIG058;DEST533;18.83;2024-04-14
ID00714;ORIG001;DEST846;748.67;2022-07-13
ID00715;ORIG018;DEST974;581.16;2021-12-05
ID00716;ORIG017;DEST593;132.06;2023-08-26
ID00717;ORIG005;DEST823;233.28;2022-12-10
ID00718;ORIG003;DEST122;955.57;2024-10-21
ID00719;ORIG016;DEST615;267.32;2021-10-03
ID00720;ORIG013;DEST661;866.88;2024-10-21
ID00721;ORIG012;DEST276;772.15;2023-05-11
ID00722;ORIG012;DEST862;25.54;2021-09-02
ID00723;ORIG007;DEST589;921.02;2020-06-18
ID00724;ORIG009;DEST045;462.27;2023-11-10
ID00725;ORIG016;DEST009;672.18;2021-01-01
ID00726;ORIG005;DEST928;923.90;2022-04-12
ID00727;ORIG016;DEST151;255.01;2021-04-04
ID00728;ORIG014;DEST923;853.48;2021-06-03
ID00729;ORIG004;DEST449;249.21;2021-07-14
ID00730;ORIG004;DEST423;843.50;2024-02-22
ID00731;ORIG003;DEST988;196.22;2024-12-14
ID00732;ORIG014;DEST566;327.69;2020-01-15
ID00733;ORIG008;DEST555;76.19;2021-12-09
ID00734;ORIG007;DEST770;215.31;2020-09-06
ID00735;ORIG014;DEST000;507.46;2024-03-04
ID00736;ORIG014;DEST509;182.11;2021-06-17
ID00737;ORIG056;DEST222;547.80;2022-02-23
ID00738;ORIG019;DEST557;955.00;2021-10-11
ID00739;ORIG018;DEST879;923.56;2023-11-06
ID00740;ORIG013;DEST269;741.58;2023-03-09
ID00741;ORIG014;DEST026;580.30;2020-08-10
ID00627;ORIG004;DEST921;494.18;2024-05-28
ID00743;ORIG002;DEST907;517.84;2023-09-18
ID00744;ORIG007;DEST700;234.02;2023-06-10
ID00745;ORIG009;DEST892;243.51;2023-02-10
ID00746;ORIG007;DEST780;820.20;2022-01-18
ID00747;ORIG005;DEST343;914.12;2022-04-12
ID00748;ORIG014;DEST925;124.73;2021-02-08
ID00749;ORIG008;DEST923;197.49;2022-08-24
ID00750;ORIG006;DEST435;365.73;2022-03-18
ID00751;ORIG005;DEST585;443.41;2020-02-28
ID00752;ORIG007;DEST301;577.56;2023-03-24
ID00753;ORIG006;DEST158;313.65;2024-07-16
ID00754;ORIG018;DEST114;876.14;2020-05-26
ID00755;ORIG019;DEST915;15.97;2022-01-10
ID00756;ORIG070;DEST448;983.62;2020-03-25
ID00757;ORIG020;DEST077;419.00;2024-12-19
ID00758;ORIG002;DEST363;511.49;2020-02-06
ID00759;ORIG058;DEST482;160.12;2024-05-06
ID00760;ORIG001;DEST610;832.42;2023-05-11
ID00761;ORIG003;DEST891;208.99;2022-09-02
ID00762;ORIG013;DEST761;468.89;2021-05-06
ID00763;ORIG017;DEST780;943.46;2020-03-24
ID00764;ORIG011;DEST360;852.19;2024-06-16
ID00765;ORIG015;DEST689;437.13;2020-05-23
ID00766;ORIG023;DEST514;329.35;2022-08-24
ID00767;ORIG017;DEST339;41.57;2024-10-10
ID00191;ORIG013;DEST808;961.55;2022-01-10
ID00769;ORIG018;DEST349;928.27;2021-10-26
ID00770;ORIG081;DEST609;31.95;2022-08-14
ID00771;ORIG012;DEST566;183.68;2022-08-05
ID00772;ORIG069;DEST533;307.19;2024-10-16
ID00773;ORIG019;DEST669;432.12;2022-02-08
ID00774;ORIG002;DEST876;427.19;2022-11-15
ID00775;ORIG015;DEST926;675.99;2020-10-02
ID00776;ORIG062;DEST928;719.17;2024-07-21
ID00777;ORIG012;DEST037;647.62;2023-10-08
ID00778;ORIG002;DEST252;136.93;2023-11-24
ID00779;ORIG015;DEST318;902.05;2023-07-07
ID00780;ORIG060;DEST933;327.02;2023-11-07
ID00781;ORIG002;DEST789;63.74;2020-02-19
ID00782;ORIG011;DEST504;543.14;2020-10-06
ID00783;ORIG018;DEST158;931.21;2024-06-03
ID00784;ORIG008;DEST317;800.49;2022-03-03
ID00785;ORIG000;DEST302;579.59;2024-02-01
ID00786;ORIG061;DEST981;435.74;2022-01-05
ID00787;ORIG010;DEST685;779.17;2020-12-13
ID00788;ORIG004;DEST042;430.90;2024-12-11
ID00374;ORIG012;DEST427;87.83;2024-06-16
ID00790;ORIG014;DEST544;44.10;2022-09-06
ID00791;ORIG097;DEST781;531.64;2022-10-01
ID00792;ORIG014;DEST287;130.46;2023-01-15
ID00793;ORIG001;DEST772;688.18;2023-07-09
ID00794;ORIG003;DEST129;104.58;2022-06-06
ID00795;ORIG016;DEST412;476.97;2021-04-27
ID00796;ORIG030;DEST919;28.12;2023-05-28
ID00797;ORIG010;DEST225;881.07;2020-05-18
ID00798;ORIG011;DEST577;232.50;2023-11-08
ID00702;ORIG007;DEST307;977.29;2022-07-24
ID00800;ORIG015;DEST650;507.66;2024-12-03
ID00801;ORIG004;DEST827;563.57;2023-02-26
ID00802;ORIG070;DEST948;477.55;2023-11-16
ID00803;ORIG000;DEST059;845.33;2024-03-27
ID00804;ORIG092;DEST751;731.10;2022-02-04
ID00805;ORIG004;DEST220;406.94;2023-05-14
ID00806;ORIG015;DEST929;16.06;2021-07-01
ID00807;ORIG043;DEST055;619.23;2023-10-20
ID00692;ORIG014;DEST775;15.59;2024-10-03
ID00809;ORIG005;DEST353;206.42;2024-08-25
ID00810;ORIG000;DEST215;841.72;2022-04-28
ID00811;ORIG031;DEST524;999.39;2023-10-27
ID00812;ORIG011;DEST235;334.20;2021-08-14
ID00813;ORIG007;DEST394;558.77;2021-05-16
ID00814;ORIG013;DEST431;454.43;2023-01-07
ID00815;ORIG011;DEST620;65.55;2021-11-27
ID00816;ORIG015;DEST639;659.65;2024-09-13
ID00817;ORIG004;DEST920;23.46;2022-08-04
ID00818;ORIG011;DEST116;505.20;2020-01-13
ID00819;ORIG000;DEST669;907.10;2020-04-07
ID00820;ORIG007;DEST259;100.51;2020-11-14
ID00821;ORIG067;DEST595;926.50;2023-03-01
ID00822;ORIG013;DEST888;150.41;2023-03-03
ID00823;ORIG004;DEST487;654.64;2020-12-02
ID00824;ORIG068;DEST911;469.32;2023-06-09
ID00825;ORIG007;DEST183;397.40;2023-10-09
ID00826;ORIG010;DEST455;613.25;2020-02-11
ID00827;ORIG018;DEST145;782.97;2023-05-14
ID00828;ORIG000;DEST788;399.00;2023-06-15
ID00829;ORIG005;DEST208;568.92;2024-10-15
ID00830;ORIG001;DEST228;784.14;2021-01-28
ID00831;ORIG055;DEST146;689.01;2021-07-03
ID00832;ORIG019;DEST315;780.46;2020-02-13
ID00833;ORIG008;DEST922;292.00;2023-10-17
ID00160;ORIG018;DEST111;927.33;2022-05-18
ID00835;ORIG008;DEST173;968.11;2023-12-11
ID00836;ORIG009;DEST891;172.46;2024-02-16
ID00132;ORIG008;DEST649;803.19;2022-05-06
ID00838;ORIG013;DEST137;492.00;2020-04-17
ID00839;ORIG062;DEST423;90.40;2022-12-28
ID00840;ORIG000;DEST035;752.67;2022-05-22
ID00841;ORIG005;DEST683;435.35;2022-11-23
ID00842;ORIG099;DEST250;136.70;2024-07-28
ID00843;ORIG007;DEST321;16.45;2023-07-20
ID00844;ORIG015;DEST708;137.33;2021-03-20
ID00845;ORIG011;DEST354;379.18;2021-09-06
ID00846;ORIG011;DEST372;330.13;2023-05-19
ID00847;ORIG002;DEST344;582.23;2023-01-11
ID00848;ORIG008;DEST733;568.67;2022-03-23
ID00849;ORIG016;DEST607;571.76;2024-01-03
ID00850;ORIG079;DEST975;298.46;2021-10-26
ID00851;ORIG006;DEST454;906.00;2023-12-22
ID00852;ORIG009;DEST902;613.07;2024-03-11
ID00853;ORIG001;DEST804;567.48;2022-03-19
ID00854;ORIG014;DEST844;739.26;2022-08-16
ID00855;ORIG013;DEST112;183.65;2023-07-28
ID00856;ORIG085;DEST115;343.19;2020-02-08
ID00857;ORIG009;DEST805;143.77;2024-07-26
ID00269;ORIG009;DEST116;657.88;2022-03-21
ID00859;ORIG008;DEST294;230.00;2022-11-20
ID00860;ORIG005;DEST449;59.85;2022-10-12
ID00861;ORIG013;DEST583;63.78;2023-08-23
ID00148;ORIG017;DEST254;203.64;2022-07-15
ID00054;ORIG087;DEST464;989.12;2024-11-17
ID00864;ORIG014;DEST393;572.86;2020-12-20
ID00865;ORIG019;DEST482;147.61;2023-09-10
ID00866;ORIG007;DEST004;972.45;2021-01-22
ID00867;ORIG041;DEST059;22.28;2023-07-07
ID00868;ORIG080;DEST117;248.91;2020-12-07
ID00869;ORIG009;DEST194;299.40;2020-05-24
ID00870;ORIG013;DEST874;162.85;2021-10-02
ID00871;ORIG011;DEST189;729.85;2022-11-17
ID00872;ORIG000;DEST543;430.47;2022-06-03
ID00873;ORIG007;DEST623;194.82;2021-02-10
ID00874;ORIG013;DEST170;468.69;2024-06-28
ID00875;ORIG009;DEST501;780.06;2023-06-26
ID00876;ORIG026;DEST770;483.35;2020-07-08
ID00877;ORIG092;DEST118;145.83;2023-11-28
ID00878;ORIG072;DEST851;909.89;2020-04-23
ID00879;ORIG011;DEST743;825.17;2022-06-17
ID00880;ORIG013;DEST449;725.60;2024-03-10
ID00881;ORIG010;DEST089;547.65;2023-07-06
ID00294;ORIG011;DEST582;206.87;2020-10-28
ID00883;ORIG014;DEST789;175.86;2024-11-16
ID00884;ORIG019;DEST923;171.43;2024-07-04
ID00885;ORIG019;DEST094;476.47;2022-02-03
ID00886;ORIG006;DEST695;452.42;2024-05-07
ID00887;ORIG046;DEST153;945.04;2021-06-13
ID00888;ORIG067;DEST267;368.90;2023-06-05
ID00889;ORIG006;DEST653;415.82;2021-12-12
ID00890;ORIG015;DEST443;308.56;2022-04-13
ID00891;ORIG002;DEST098;396.29;2023-07-20
ID00892;ORIG002;DEST871;843.73;2022-06-08
ID00893;ORIG040;DEST230;170.77;2022-05-12
ID00894;ORIG007;DEST408;481.02;2022-12-04
ID00475;ORIG006;DEST657;335.69;2021-07-06
ID00896;ORIG013;DEST589;206.45;2023-06-16
ID00897;ORIG004;DEST242;580.18;2023-02-21
ID00898;ORIG006;DEST591;774.37;2022-04-23
ID00899;ORIG087;DEST940;323.13;2024-10-01
ID00900;ORIG000;DEST196;77.61;2024-04-20
ID00901;ORIG012;DEST768;685.67;2021-06-19
ID00902;ORIG011;DEST886;666.38;2024-07-28
ID00903;ORIG009;DEST899;924.00;2023-09-21
ID00904;ORIG072;DEST117;968.94;2023-06-10
ID00905;ORIG000;DEST198;334.97;2023-09-28
ID00906;ORIG016;DEST062;580.52;2020-06-15
ID00907;ORIG012;DEST195;994.07;2022-03-12
ID00908;ORIG019;DEST259;736.87;2020-06-26
ID00909;ORIG004;DEST848;493.35;2023-09-16
ID00910;ORIG099;DEST671;674.94;2022-09-20
ID00911;ORIG087;DEST992;747.60;2021-04-16
ID00912;ORIG016;DEST835;587.71;2020-07-08
ID00913;ORIG003;DEST699;522.14;2024-01-10
ID00914;ORIG094;DEST596;564.36;2022-01-08
ID00915;ORIG013;DEST023;20.53;2024-10-27
ID00916;ORIG014;DEST817;141.61;2023-04-04
ID00917;ORIG079;DEST384;334.25;2024-08-03
ID00918;ORIG014;DEST341;960.20;2023-02-23
ID00310;ORIG006;DEST057;57.24;2023-07-20
ID00920;ORIG007;DEST748;867.42;2024-03-05
ID00921;ORIG002;DEST571;233.18;2023-11-11
ID00922;ORIG014;DEST613;851.06;2023-11-09
ID00923;ORIG009;DEST201;742.14;2021-05-19
ID00924;ORIG017;DEST927;868.30;2022-06-07
ID00925;ORIG007;DEST249;928.81;2023-04-26
ID00926;ORIG016;DEST679;951.79;2024-03-19
ID00927;ORIG002;DEST536;391.38;2022-09-07
ID00928;ORIG081;DEST573;41.38;2022-05-15
ID00894;ORIG002;DEST461;420.16;2020-11-22
ID00930;ORIG012;DEST040;371.97;2023-02-25
ID00931;ORIG017;DEST926;829.82;2020-09-10
ID00932;ORIG004;DEST864;429.77;2022-03-04
ID00933;ORIG099;DEST870;611.78;2024-06-21
ID00934;ORIG001;DEST201;624.61;2021-07-18
ID00935;ORIG004;DEST103;338.01;2022-01-25
ID00936;ORIG004;DEST694;675.26;2020-10-02
ID00937;ORIG007;DEST146;691.62;2023-12-14
ID00938;ORIG000;DEST555;634.14;2021-04-10
ID00939;ORIG006;DEST165;479.71;2024-09-24
ID00940;ORIG022;DEST129;899.70;2022-05-26
ID00941;ORIG009;DEST148;170.82;2023-11-08
ID00942;ORIG040;DEST445;637.21;2023-08-01
ID00943;ORIG009;DEST079;294.54;2021-11-07
ID00944;ORIG064;DEST141;335.88;2022-06-11
ID00945;ORIG051;DEST931;204.41;2023-08-23
ID00946;ORIG005;DEST986;694.69;2024-12-27
ID00947;ORIG046;DEST066;675.31;2024-12-05
ID00948;ORIG008;DEST848;657.20;2022-09-03
ID00949;ORIG036;DEST232;974.37;2021-10-24
ID00950;ORIG015;DEST666;97.33;2023-06-20
ID00951;ORIG016;DEST598;276.76;2023-09-26
ID00952;ORIG079;DEST107;75.02;2021-09-10
ID00953;ORIG014;DEST805;38.88;2020-02-14
ID00954;ORIG078;DEST854;815.39;2024-11-11
ID00955;ORIG018;DEST623;115.96;2024-11-09
ID00956;ORIG005;DEST329;341.29;2020-11-10
ID00957;ORIG015;DEST892;753.32;2021-12-20
ID00958;ORIG011;DEST582;900.16;2021-07-19
ID00959;ORIG095;DEST657;736.46;2022-04-07
ID00960;ORIG000;DEST832;871.36;2024-02-26
ID00815;ORIG014;DEST293;766.82;2023-02-25
ID00962;ORIG006;DEST714;469.65;2020-10-21
ID00963;ORIG011;DEST606;571.14;2021-06-26
ID00964;ORIG017;DEST230;311.80;2024-01-06
ID00965;ORIG015;DEST078;528.34;2023-10-05
ID00966;ORIG006;DEST662;857.34;2020-03-17
ID00967;ORIG001;DEST745;85.62;2020-07-04
ID00968;ORIG001;DEST388;531.68;2021-02-25
ID00969;ORIG015;DEST335;737.84;2021-03-23
ID00970;ORIG015;DEST111;123.12;2022-06-04
ID00971;ORIG069;DEST593;355.39;2022-09-15
ID00972;ORIG002;DEST461;313.00;2020-09-02
ID00973;ORIG003;DEST625;876.89;2024-01-08
ID00974;ORIG015;DEST289;240.66;2020-02-01
ID00150;ORIG004;DEST090;878.99;2024-10-04
ID00976;ORIG011;DEST120;199.58;2021-02-08
ID00346;ORIG009;DEST299;924.71;2021-03-08
ID00978;ORIG006;DEST907;474.73;2020-12-07
ID00979;ORIG015;DEST106;458.89;2021-09-14
ID00980;ORIG010;DEST662;928.90;2022-02-17
ID00981;ORIG079;DEST697;841.62;2023-07-07
ID00982;ORIG056;DEST232;837.60;2024-03-09
ID00983;ORIG010;DEST491;657.40;2023-04-15
ID00625;ORIG014;DEST473;727.42;2024-03-10
ID00363;ORIG012;DEST233;722.09;2021-10-04
ID00986;ORIG002;DEST065;966.48;2024-07-09
ID00987;ORIG001;DEST425;86.22;2023-04-20
ID00988;ORIG013;DEST062;441.65;2021-05-14
ID00989;ORIG012;DEST003;948.94;2023-06-16
ID00990;ORIG016;DEST554;63.70;2024-06-12
ID00765;ORIG007;DEST937;453.04;2020-11-28
ID00992;ORIG013;DEST376;934.27;2023-07-07
ID00198;ORIG007;DEST672;649.25;2020-01-12
ID00994;ORIG004;DEST816;446.26;2022-07-08
ID00995;ORIG090;DEST384;614.73;2021-01-20
ID00019;ORIG015;DEST058;519.59;2020-11-07
ID00997;ORIG013;DEST106;733.56;2023-09-01
ID00998;ORIG089;DEST811;596.74;2024-11-28
ID00999;ORIG006;DEST879;80.83;2020-09-12
ID01000;ORIG045;DEST296;789.18;2022-10-08
ID01001;ORIG018;DEST168;811.20;2020-09-12
ID00296;ORIG012;DEST328;196.76;2021-03-01
ID01003;ORIG005;DEST482;335.80;2022-07-15
ID01004;ORIG009;DEST262;488.35;2022-11-19
ID01005;ORIG013;DEST550;872.66;2020-11-13
ID00290;ORIG009;DEST550;160.75;2023-12-15
ID01007;ORIG079;DEST264;437.50;2022-03-09
ID00064;ORIG000;DEST562;88.72;2023-04-26
ID01009;ORIG033;DEST913;986.57;2024-03-17
ID01010;ORIG001;DEST455;583.09;2021-07-10
ID01011;ORIG017;DEST953;407.70;2022-11-18
ID01012;ORIG009;DEST775;96.88;2021-01-25
ID01013;ORIG086;DEST321;461.34;2020-02-15
ID01014;ORIG014;DEST669;372.24;2020-10-20
ID01015;ORIG000;DEST499;908.40;2020-02-18
ID01016;ORIG045;DEST115;518.54;2022-11-26
ID01017;ORIG000;DEST743;181.59;2021-08-16
ID01018;ORIG083;DEST018;136.90;2022-06-13
ID01019;ORIG031;DEST687;456.22;2021-08-04
ID00601;ORIG017;DEST190;777.47;2020-10-17
ID01021;ORIG005;DEST982;394.50;2024-01-03
ID01022;ORIG000;DEST153;530.92;2021-10-28
ID01023;ORIG010;DEST544;873.78;2022-11-13
ID01024;ORIG062;DEST180;382.52;2020-04-08
ID01025;ORIG002;DEST615;850.08;2022-10-06
ID01026;ORIG019;DEST889;653.22;2022-10-17
ID01027;ORIG081;DEST986;324.86;2021-09-21
ID01028;ORIG018;DEST556;270.23;2024-07-15
ID01029;ORIG019;DEST621;345.80;2020-12-09
ID01030;ORIG007;DEST938;477.11;2020-09-19
ID01031;ORIG005;DEST682;628.60;2023-11-15
ID01032;ORIG045;DEST292;478.06;2022-09-01
ID01033;ORIG009;DEST283;638.56;2024-01-07
ID01034;ORIG019;DEST077;775.08;2023-04-10
ID01035;ORIG013;DEST945;800.82;2024-12-16
ID01036;ORIG008;DEST918;83.29;2023-03-04
ID01037;ORIG004;DEST311;249.47;2024-02-17
ID01038;ORIG017;DEST061;87.11;2023-01-06
ID01039;ORIG012;DEST987;188.13;2022-05-17
ID01040;ORIG005;DEST409;425.89;2021-08-26
ID01041;ORIG048;DEST372;494.85;2023-06-14
ID01042;ORIG013;DEST187;450.56;2022-03-07
ID01043;ORIG087;DEST960;172.06;2023-09-28
ID01044;ORIG012;DEST175;662.04;2022-08-18
ID01045;ORIG000;DEST947;433.23;2020-02-19
ID00059;ORIG026;DEST307;903.15;2023-08-18
ID01047;ORIG019;DEST002;520.82;2024-06-08
ID01007;ORIG015;DEST954;630.17;2020-12-16
ID01049;ORIG098;DEST404;548.24;2023-01-27
ID01013;ORIG012;DEST727;83.25;2022-06-13
ID01051;ORIG000;DEST589;622.18;2021-06-26
ID01052;ORIG007;DEST470;603.37;2024-09-04
ID01053;ORIG004;DEST123;744.22;2021-07-09
ID01054;ORIG002;DEST162;318.23;2020-01-05
ID01055;ORIG088;DEST444;419.46;2024-12-25
ID00076;ORIG019;DEST985;855.26;2020-07-21
ID01057;ORIG018;DEST365;767.14;2023-01-04
ID00864;ORIG006;DEST156;138.83;2023-02-09
ID01059;ORIG016;DEST109;795.37;2024-01-01
ID01060;ORIG039;DEST805;104.75;2020-07-18
ID01061;ORIG084;DEST344;693.30;2020-10-17
ID01062;ORIG020;DEST981;630.50;2021-08-07
ID01063;ORIG006;DEST742;438.56;2021-06-20
ID01064;ORIG013;DEST675;844.20;2024-07-27
ID01065;ORIG091;DEST430;712.55;2023-10-17
ID00245;ORIG009;DEST800;360.36;2024-09-10
ID01067;ORIG045;DEST126;365.64;2024-10-21
ID01068;ORIG007;DEST278;798.72;2024-08-02
ID01069;ORIG000;DEST476;794.27;2021-06-28
ID01070;ORIG005;DEST410;271.01;2021-03-19
ID01071;ORIG048;DEST155;356.36;2021-07-04
ID01072;ORIG010;DEST036;700.43;2024-06-19
ID01073;ORIG008;DEST543;86.16;2023-12-27
ID01074;ORIG057;DEST160;496.05;2022-06-03
ID01075;ORIG016;DEST858;358.11;2023-12-05
ID00830;ORIG017;DEST358;605.15;2022-06-28
ID01077;ORIG000;DEST340;86.80;2021-08-05
ID01078;ORIG010;DEST720;98.69;2022-11-04
ID00207;ORIG007;DEST216;491.79;2022-07-14
ID01080;ORIG019;DEST150;66.91;2022-11-09
ID01081;ORIG096;DEST973;45.30;2023-05-02
ID01082;ORIG008;DEST709;624.38;2020-08-26
ID01083;ORIG016;DEST664;370.87;2023-07-25
ID00740;ORIG014;DEST588;813.87;2020-05-03
ID01053;ORIG011;DEST835;241.32;2024-10-15
ID01086;ORIG004;DEST316;416.80;2024-11-08
ID01087;ORIG014;DEST042;818.86;2023-12-27
ID01088;ORIG001;DEST767;470.38;2021-12-14
ID01089;ORIG012;DEST990;202.10;2021-03-03
ID00169;ORIG008;DEST910;78.77;2024-05-14
ID01091;ORIG007;DEST816;81.53;2024-08-09
ID00388;ORIG011;DEST233;838.29;2023-11-19
ID01093;ORIG011;DEST567;468.51;2020-02-11
ID01094;ORIG010;DEST577;529.00;2020-09-04
ID01095;ORIG004;DEST077;492.10;2020-03-01
ID01096;ORIG008;DEST993;411.93;2021-02-24
ID01097;ORIG015;DEST960;647.55;2023-03-20
ID01098;ORIG009;DEST862;341.17;2023-11-22
ID00192;ORIG007;DEST789;293.86;2024-06-03
ID00263;ORIG019;DEST561;455.67;2023-01-01
ID01101;ORIG007;DEST442;603.30;2022-06-08
ID01102;ORIG077;DEST524;168.88;2020-08-12
ID01103;ORIG001;DEST989;657.74;2022-01-08
ID01104;ORIG003;DEST777;412.34;2024-07-24
ID01105;ORIG016;DEST482;850.16;2023-12-08
ID01106;ORIG016;DEST614;139.91;2022-11-10
ID00016;ORIG011;DEST150;618.54;2024-02-02
ID01108;ORIG011;DEST464;203.60;2024-10-23
ID01109;ORIG014;DEST511;595.27;2021-03-21
ID01110;ORIG006;DEST448;307.92;2020-01-23
ID01111;ORIG014;DEST419;376.95;2021-01-01
ID01112;ORIG007;DEST931;322.01;2024-05-06
ID01113;ORIG011;DEST065;393.89;2023-11-03
ID01114;ORIG018;DEST359;235.54;2020-04-28
ID01115;ORIG008;DEST550;396.30;2022-11-03
ID01116;ORIG009;DEST066;377.16;2024-04-24
ID01117;ORIG014;DEST090;840.78;2022-08-05
ID01118;ORIG029;DEST579;655.22;2023-02-12
ID01119;ORIG093;DEST841;510.75;2023-11-27
ID01120;ORIG013;DEST564;743.60;2022-10-26
ID01121;ORIG002;DEST891;692.75;2024-09-15
ID01122;ORIG001;DEST196;408.66;2020-11-24
ID01123;ORIG014;DEST219;642.76;2023-05-17
ID01124;ORIG070;DEST161;362.58;2024-08-02
ID01125;ORIG011;DEST204;218.81;2021-05-26
ID01126;ORIG073;DEST916;158.15;2024-04-04
ID01127;ORIG002;DEST275;255.79;2021-06-26
ID01128;ORIG025;DEST108;144.85;2022-04-28
ID01129;ORIG008;DEST012;248.21;2021-11-21
ID01130;ORIG011;DEST155;668.99;2022-09-20
ID01131;ORIG007;DEST018;744.90;2020-08-04
ID00971;ORIG014;DEST378;152.15;2023-06-26
ID01133;ORIG017;DEST060;10.84;2023-06-25
ID01134;ORIG003;DEST651;580.33;2022-10-18
ID01135;ORIG026;DEST457;444.13;2021-03-25
ID01136;ORIG018;DEST702;104.73;2023-09-14
ID01137;ORIG001;DEST976;947.43;2021-11-02
ID01138;ORIG055;DEST090;458.71;2021-10-14
ID00888;ORIG017;DEST173;836.55;2024-11-12
ID01140;ORIG001;DEST776;686.03;2022-02-26
ID01141;ORIG018;DEST297;564.96;2020-07-27
ID01142;ORIG017;DEST931;195.98;2023-08-10
ID01143;ORIG011;DEST514;856.68;2022-03-02
ID01144;ORIG005;DEST157;729.27;2023-05-20
ID01145;ORIG010;DEST216;348.61;2024-05-15
ID01146;ORIG006;DEST866;854.15;2021-05-26
ID01147;ORIG013;DEST547;560.66;2023-12-28
ID01148;ORIG010;DEST850;841.99;2023-12-19
ID01149;ORIG016;DEST308;583.53;2023-01-18
ID01150;ORIG005;DEST414;751.35;2020-03-01
ID01151;ORIG008;DEST003;283.94;2020-12-18
ID01152;ORIG011;DEST373;354.35;2024-09-21
ID00444;ORIG030;DEST041;916.48;2024-07-20
ID01154;ORIG013;DEST994;681.73;2021-10-26
ID01155;ORIG016;DEST027;154.94;2021-02-11
ID00442;ORIG006;DEST544;851.28;2023-07-25
ID01157;ORIG040;DEST048;556.11;2020-09-14
ID01158;ORIG008;DEST989;298.33;2020-07-08
ID01159;ORIG007;DEST786;102.81;2021-01-14
ID01160;ORIG008;DEST390;584.03;2022-05-10
ID01161;ORIG018;DEST559;112.26;2022-02-26
ID01162;ORIG010;DEST305;581.97;2022-11-18
ID01163;ORIG004;DEST928;50.17;2021-01-28
ID01164;ORIG015;DEST004;339.78;2020-10-24
ID01165;ORIG001;DEST721;168.29;2024-06-11
ID01166;ORIG018;DEST086;521.70;2024-04-08
ID01167;ORIG004;DEST119;140.73;2023-04-27
ID01168;ORIG016;DEST872;926.44;2024-03-07
ID01169;ORIG013;DEST515;588.70;2024-11-05
ID01170;ORIG008;DEST853;713.03;2023-07-20
ID01171;ORIG016;DEST863;182.76;2023-08-06
ID01172;ORIG013;DEST143;59.20;2024-03-28
ID01173;ORIG016;DEST038;82.42;2023-02-19
ID01174;ORIG068;DEST332;564.62;2022-05-07
ID01175;ORIG005;DEST389;893.45;2020-04-01
ID01176;ORIG074;DEST789;72.70;2022-04-05
ID01177;ORIG001;DEST615;148.44;2021-12-03
ID01178;ORIG024;DEST937;390.61;2023-01-20
ID01179;ORIG098;DEST742;623.44;2024-06-23
ID01180;ORIG000;DEST621;460.53;2020-09-14
ID01181;ORIG018;DEST219;103.84;2023-07-08
ID00207;ORIG001;DEST417;265.91;2021-02-20
ID01183;ORIG005;DEST670;698.11;2022-09-08
ID01184;ORIG011;DEST937;277.06;2023-02-08
ID01185;ORIG075;DEST123;476.11;2023-07-14
ID01186;ORIG002;DEST330;721.85;2020-03-20
ID01187;ORIG019;DEST233;261.63;2022-01-10
ID01188;ORIG017;DEST671;481.70;2024-04-21
ID01189;ORIG001;DEST933;944.45;2023-10-02
ID01190;ORIG018;DEST299;235.21;2020-11-21
ID01191;ORIG088;DEST051;276.83;2024-02-06
ID01192;ORIG013;DEST073;435.49;2024-06-26
ID01193;ORIG001;DEST575;662.92;2023-03-08
ID01194;ORIG005;DEST647;510.43;2024-08-28
ID01195;ORIG003;DEST517;224.79;2021-12-02
ID01196;ORIG073;DEST111;99.97;2022-07-12
ID01197;ORIG010;DEST534;527.24;2023-09-05
ID01198;ORIG098;DEST728;25.10;2024-09-03
ID00155;ORIG060;DEST680;795.03;2021-12-19
ID01200;ORIG099;DEST478;385.09;2021-12-03
ID00068;ORIG003;DEST489;255.92;2023-10-24
ID01202;ORIG008;DEST006;351.79;2020-01-12
ID01203;ORIG003;DEST917;334.53;2024-09-24
ID01204;ORIG014;DEST642;35.84;2021-10-23
ID01205;ORIG001;DEST981;343.86;2023-08-18
ID01206;ORIG008;DEST062;19.21;2020-04-14
ID01207;ORIG071;DEST027;699.69;2020-02-11
ID01112;ORIG000;DEST750;525.26;2021-10-19
ID01209;ORIG070;DEST208;53.81;2021-04-11
ID01210;ORIG002;DEST952;422.17;2020-11-17
ID01211;ORIG009;DEST408;954.02;2022-01-11
ID01212;ORIG013;DEST225;546.30;2024-07-27
ID01213;ORIG007;DEST440;681.47;2024-12-08
ID01214;ORIG013;DEST242;750.74;2023-11-26
ID01215;ORIG075;DEST908;994.83;2020-10-02
ID00127;ORIG044;DEST290;818.35;2021-09-05
ID01217;ORIG000;DEST128;98.84;2021-09-26
ID01218;ORIG007;DEST997;73.90;2024-12-16
ID01219;ORIG017;DEST293;350.70;2021-05-16
ID01220;ORIG018;DEST025;696.91;2024-12-13
ID01221;ORIG009;DEST359;927.04;2021-02-05
ID01222;ORIG007;DEST724;138.25;2024-08-28
ID01223;ORIG005;DEST333;359.38;2020-08-16
ID00735;ORIG001;DEST332;394.96;2024-09-02
ID01225;ORIG016;DEST679;554.42;2021-03-08
ID01226;ORIG016;DEST454;442.98;2023-04-19
ID01227;ORIG019;DEST291;153.55;2022-06-09
ID01228;ORIG003;DEST584;303.69;2023-07-24
ID01229;ORIG011;DEST061;790.28;2024-04-20
ID01230;ORIG018;DEST373;948.09;2022-09-14
ID01231;ORIG005;DEST371;863.68;2023-11-15
ID01232;ORIG002;DEST892;781.01;2023-12-02
ID01233;ORIG046;DEST282;796.60;2020-11-27
ID01234;ORIG018;DEST939;302.31;2021-04-27
ID01235;ORIG009;DEST911;230.42;2023-01-17
ID01236;ORIG013;DEST607;478.46;2023-11-03
ID00623;ORIG011;DEST875;545.42;2024-07-13
ID01238;ORIG006;DEST713;670.31;2024-05-25
ID01239;ORIG002;DEST851;483.01;2021-02-28
ID01240;ORIG023;DEST674;996.09;2023-03-25
ID01241;ORIG036;DEST298;241.27;2021-01-24
ID01242;ORIG003;DEST837;93.19;2024-04-21
ID01243;ORIG007;DEST168;664.20;2021-04-04
ID01244;ORIG005;DEST269;950.50;2022-04-10
ID01245;ORIG002;DEST015;411.55;2024-08-10
ID01246;ORIG012;DEST396;403.81;2023-12-11
ID01247;ORIG007;DEST715;310.46;2024-07-03
ID01248;ORIG013;DEST677;130.76;2024-09-25
ID01249;ORIG011;DEST757;192.07;2022-04-10
ID01250;ORIG011;DEST592;567.87;2020-09-18
ID01251;ORIG000;DEST933;472.45;2024-01-22
ID01252;ORIG000;DEST117;262.08;2023-03-23
ID01253;ORIG008;DEST209;604.23;2024-04-26
ID01254;ORIG015;DEST365;742.96;2020-08-16
ID00601;ORIG004;DEST700;695.00;2022-06-04
ID01256;ORIG045;DEST651;828.17;2023-03-08
ID01257;ORIG016;DEST805;482.32;2024-07-04
ID01258;ORIG020;DEST237;481.18;2020-11-03
ID01259;ORIG015;DEST336;943.98;2022-06-28
ID01260;ORIG007;DEST362;407.98;2021-02-05
ID01261;ORIG019;DEST754;467.16;2022-07-26
ID01262;ORIG007;DEST541;375.54;2020-07-17
ID01263;ORIG070;DEST936;583.22;2020-12-26
ID01264;ORIG016;DEST977;759.75;2023-03-26
ID01265;ORIG007;DEST506;781.92;2021-09-26
ID01266;ORIG065;DEST418;72.18;2024-09-20
ID01267;ORIG018;DEST281;906.06;2020-02-16
ID01268;ORIG007;DEST351;223.14;2022-05-19
ID01269;ORIG089;DEST365;428.27;2024-08-06
ID01270;ORIG051;DEST693;485.83;2021-07-10
ID01271;ORIG016;DEST706;199.49;2023-10-13
ID01272;ORIG002;DEST469;574.10;2022-11-07
ID00132;ORIG041;DEST290;418.27;2020-03-21
ID01038;ORIG004;DEST847;869.40;2024-12-24
ID01275;ORIG009;DEST416;896.47;2024-12-23
ID01276;ORIG002;DEST774;429.92;2024-02-04
ID01277;ORIG010;DEST964;196.08;2020-06-02
ID01278;ORIG074;DEST031;894.66;2021-07-27
ID01279;ORIG015;DEST810;556.03;2021-12-23
ID01280;ORIG003;DEST237;765.56;2022-10-06
ID01281;ORIG019;DEST204;474.00;2023-10-20
ID01282;ORIG005;DEST356;194.80;2023-09-25
ID01283;ORIG002;DEST663;304.04;2023-12-21
ID00059;ORIG000;DEST730;259.43;2021-02-10
ID01285;ORIG032;DEST824;638.31;2020-01-02
ID01286;ORIG018;DEST262;942.25;2022-11-13
ID01287;ORIG007;DEST117;780.56;2023-08-09
ID01288;ORIG073;DEST441;956.51;2021-05-26
ID01289;ORIG004;DEST006;412.34;2023-07-14
ID01290;ORIG012;DEST770;541.97;2023-05-21
ID01291;ORIG016;DEST752;441.60;2022-06-18
ID01292;ORIG080;DEST137;914.44;2021-01-12
ID01293;ORIG017;DEST408;723.34;2021-03-06
ID01294;ORIG007;DEST439;519.53;2024-10-23
ID01295;ORIG004;DEST142;391.41;2024-07-27
ID01296;ORIG007;DEST609;361.90;2024-06-18
ID01297;ORIG010;DEST547;867.67;2024-10-05
ID01298;ORIG015;DEST927;133.02;2020-02-07
ID01299;ORIG001;DEST905;377.04;2023-09-01
ID01300;ORIG084;DEST327;546.69;2022-01-24
ID01301;ORIG059;DEST002;182.86;2021-04-11
ID01302;ORIG002;DEST875;150.99;2024-04-03
ID01229;ORIG001;DEST552;701.97;2023-10-22
ID01304;ORIG003;DEST670;852.29;2022-08-09
ID00786;ORIG002;DEST134;830.41;2021-09-03
ID01306;ORIG004;DEST237;256.88;2021-11-03
ID01307;ORIG017;DEST679;738.41;2022-02-06
ID01308;ORIG006;DEST135;585.76;2021-10-14
ID01309;ORIG016;DEST316;46.68;2023-07-28
ID01310;ORIG002;DEST723;222.33;2022-05-06
ID01311;ORIG008;DEST809;915.21;2023-08-15
ID00189;ORIG033;DEST003;340.18;2020-10-11
ID01313;ORIG008;DEST358;565.80;2020-07-20
ID01314;ORIG016;DEST515;143.60;2020-05-16
ID01315;ORIG004;DEST270;924.76;2020-07-12
ID01316;ORIG016;DEST436;677.25;2021-05-13
ID01317;ORIG004;DEST461;665.56;2023-03-02
ID01318;ORIG088;DEST336;278.90;2021-04-26
ID01319;ORIG010;DEST030;714.45;2023-11-19
ID00930;ORIG096;DEST491;276.46;2020-01-16
ID01321;ORIG093;DEST039;932.38;2022-06-21
ID01322;ORIG017;DEST584;288.23;2021-05-10
ID01323;ORIG001;DEST497;607.55;2024-05-24
ID01324;ORIG091;DEST455;634.84;2021-11-03
ID01325;ORIG029;DEST116;105.54;2020-12-04
ID01326;ORIG013;DEST470;958.60;2021-08-03
ID00849;ORIG019;DEST640;953.28;2020-06-04
ID00666;ORIG003;DEST732;66.97;2020-06-19
ID01329;ORIG012;DEST776;44.24;2023-06-19
ID01330;ORIG015;DEST305;974.06;2023-05-11
ID01331;ORIG004;DEST548;832.88;2021-12-11
ID01332;ORIG000;DEST258;544.26;2023-11-01
ID01333;ORIG014;DEST293;973.73;2020-03-05
ID01334;ORIG000;DEST686;672.72;2020-02-19
ID01335;ORIG060;DEST810;843.86;2021-12-26
ID01336;ORIG018;DEST379;241.04;2023-02-13
ID01337;ORIG018;DEST953;652.21;2021-02-11
ID01338;ORIG007;DEST830;738.40;2024-12-06
ID01339;ORIG002;DEST778;791.31;2021-02-13
ID01340;ORIG010;DEST750;785.09;2023-07-24
ID01341;ORIG001;DEST069;260.80;2023-07-18
ID01342;ORIG015;DEST094;253.05;2020-01-22
ID01343;ORIG073;DEST256;522.02;2022-10-20
ID01344;ORIG000;DEST781;678.42;2024-10-11
ID01345;ORIG087;DEST818;991.23;2024-07-04
ID01346;ORIG019;DEST254;172.68;2024-02-23
ID01243;ORIG042;DEST383;45.64;2020-05-14
ID01348;ORIG001;DEST898;387.61;2023-11-15
ID01349;ORIG011;DEST775;859.65;2022-12-07
ID01350;ORIG013;DEST954;281.59;2023-06-20
ID01351;ORIG008;DEST619;793.95;2023-09-18
ID01352;ORIG065;DEST244;276.35;2023-10-22
ID01353;ORIG088;DEST475;723.92;2022-05-25
ID00893;ORIG000;DEST459;494.89;2022-11-08
ID01355;ORIG009;DEST895;417.54;2023-02-09
ID01356;ORIG012;DEST378;46.44;2022-01-18
ID01357;ORIG016;DEST384;734.75;2020-09-20
ID01358;ORIG037;DEST334;310.81;2023-12-16
ID01359;ORIG015;DEST242;698.25;2024-07-23
ID01360;ORIG013;DEST514;164.84;2020-02-01
ID01361;ORIG038;DEST851;947.44;2020-08-19
ID01362;ORIG017;DEST129;624.81;2023-12-08
ID01363;ORIG083;DEST883;767.15;2021-07-13
ID01364;ORIG008;DEST377;979.78;2022-10-12
ID01365;ORIG012;DEST683;49.17;2020-03-10
ID01366;ORIG006;DEST208;551.97;2023-11-21
ID00088;ORIG092;DEST915;102.11;2024-01-22
ID01368;ORIG019;DEST202;230.15;2020-01-04
ID01369;ORIG007;DEST404;798.41;2020-01-12
ID01370;ORIG016;DEST943;48.64;2021-04-12
ID01371;ORIG019;DEST683;371.37;2024-04-19
ID01372;ORIG043;DEST519;802.77;2023-04-19
ID01373;ORIG002;DEST316;511.46;2021-05-21
ID01374;ORIG013;DEST916;184.61;2021-09-08
ID01375;ORIG048;DEST884;911.99;2021-06-19
ID01376;ORIG094;DEST758;444.64;2021-03-18
ID01377;ORIG080;DEST666;787.44;2024-04-23
ID01378;ORIG011;DEST333;218.97;2024-11-15
ID01379;ORIG007;DEST270;337.75;2024-06-23
ID01380;ORIG029;DEST487;91.39;2022-07-16
ID01381;ORIG037;DEST950;910.46;2022-04-26
ID01382;ORIG005;DEST316;568.31;2022-01-19
ID01383;ORIG094;DEST188;118.59;2022-06-19
ID01384;ORIG002;DEST763;604.04;2024-09-05
ID01014;ORIG026;DEST893;280.56;2023-02-08
ID01386;ORIG000;DEST843;448.48;2020-04-17
ID01387;ORIG005;DEST650;25.01;2020-07-01
ID01388;ORIG006;DEST134;197.71;2023-09-10
ID01389;ORIG019;DEST829;772.50;2020-04-15
ID01390;ORIG096;DEST460;501.68;2023-04-25
ID01391;ORIG000;DEST353;919.06;2023-12-08
ID01392;ORIG034;DEST862;799.75;2021-02-21
ID01091;ORIG008;DEST668;784.63;2020-09-16
ID01394;ORIG012;DEST510;692.15;2023-07-10
ID01395;ORIG008;DEST010;798.80;2024-04-16
ID01396;ORIG016;DEST152;287.52;2024-08-17
ID01397;ORIG004;DEST913;749.06;2021-07-23
ID01398;ORIG008;DEST503;975.89;2023-10-10
ID01399;ORIG018;DEST075;610.71;2023-02-17
ID01400;ORIG015;DEST093;433.57;2024-07-04
ID01401;ORIG001;DEST344;894.73;2021-11-05
ID01402;ORIG005;DEST556;163.59;2024-05-13
ID01403;ORIG000;DEST803;517.53;2022-10-09
ID01404;ORIG018;DEST302;99.36;2024-09-23
ID01405;ORIG069;DEST335;543.40;2020-04-22
ID01406;ORIG003;DEST661;312.12;2020-06-13
ID01407;ORIG016;DEST662;512.17;2020-09-22
ID01408;ORIG014;DEST370;869.80;2022-09-18
ID01409;ORIG006;DEST802;438.82;2021-04-14
ID01410;ORIG096;DEST807;971.95;2023-07-19
ID01411;ORIG082;DEST325;778.00;2024-02-04
ID01405;ORIG018;DEST751;173.67;2022-05-17
ID01413;ORIG000;DEST611;249.81;2023-03-16
ID01414;ORIG015;DEST316;937.91;2020-01-01
ID01415;ORIG017;DEST869;608.71;2022-08-08
ID01416;ORIG057;DEST003;533.88;2024-11-13
ID01417;ORIG002;DEST817;99.97;2022-01-21
ID00122;ORIG015;DEST612;296.88;2021-08-18
ID01419;ORIG000;DEST351;237.54;2022-03-13
ID00563;ORIG094;DEST336;149.03;2023-12-11
ID01421;ORIG011;DEST044;837.78;2020-05-17
ID01422;ORIG001;DEST509;623.99;2024-03-16
ID00706;ORIG043;DEST580;459.72;2021-05-23
ID01424;ORIG019;DEST275;747.90;2021-09-27
ID01425;ORIG016;DEST612;217.66;2024-10-20
ID01426;ORIG011;DEST772;372.35;2020-01-22
ID01427;ORIG013;DEST476;584.09;2024-05-12
ID01428;ORIG008;DEST912;882.52;2022-05-27
ID01429;ORIG077;DEST989;917.97;2024-01-26
ID01430;ORIG016;DEST335;851.83;2024-02-14
ID01431;ORIG057;DEST394;923.77;2024-07-14
ID01432;ORIG016;DEST612;803.16;2023-10-14
ID01433;ORIG019;DEST638;824.80;2022-07-02
ID01434;ORIG018;DEST305;160.70;2020-01-27
ID01435;ORIG002;DEST653;452.16;2020-11-17
ID01436;ORIG003;DEST852;235.14;2021-11-05
ID01437;ORIG017;DEST614;432.49;2020-05-07
ID01438;ORIG001;DEST478;87.57;2021-09-05
ID01439;ORIG013;DEST513;153.37;2020-02-27
ID00439;ORIG001;DEST127;909.10;2024-04-12
ID00624;ORIG018;DEST718;685.63;2020-01-05
ID01442;ORIG015;DEST179;862.93;2022-09-15
ID00274;ORIG000;DEST097;184.31;2021-09-25
ID01444;ORIG079;DEST348;616.24;2023-01-01
ID01445;ORIG005;DEST673;293.36;2024-10-12
ID01446;ORIG008;DEST759;621.04;2022-12-16
ID01447;ORIG004;DEST245;979.05;2020-11-11
ID01448;ORIG013;DEST262;22.71;2023-01-21
ID01449;ORIG017;DEST589;121.14;2024-11-28
ID01450;ORIG010;DEST738;435.12;2021-08-16
ID01451;ORIG018;DEST505;37.20;2024-02-05
ID01452;ORIG015;DEST348;950.57;2024-11-01
ID01453;ORIG013;DEST163;64.53;2021-03-11
ID01454;ORIG009;DEST799;473.77;2024-11-11
ID01455;ORIG011;DEST899;985.70;2020-08-12
ID01456;ORIG005;DEST115;649.56;2024-01-16
ID01457;ORIG002;DEST732;485.46;2024-11-16
ID01458;ORIG000;DEST694;366.44;2023-04-22
ID00918;ORIG015;DEST656;859.84;2024-04-23
ID01460;ORIG010;DEST063;825.55;2020-08-03
ID01461;ORIG017;DEST209;815.32;2020-11-17
ID01462;ORIG085;DEST676;435.51;2020-10-21
ID01463;ORIG003;DEST277;852.77;2020-01-19
ID01464;ORIG016;DEST049;433.91;2020-01-19
ID01465;ORIG030;DEST634;576.00;2024-08-26
ID01466;ORIG014;DEST317;378.01;2024-06-23
ID01467;ORIG006;DEST383;336.84;2023-05-01
ID01468;ORIG017;DEST866;525.65;2020-10-13
ID01469;ORIG001;DEST129;710.72;2024-01-02
ID01470;ORIG004;DEST781;680.87;2020-01-22
ID01471;ORIG002;DEST412;322.23;2024-11-14
ID01472;ORIG015;DEST147;24.91;2023-01-07
ID01473;ORIG009;DEST790;562.24;2020-06-17
ID01474;ORIG002;DEST673;917.61;2024-10-15
ID01475;ORIG048;DEST387;804.38;2022-08-12
ID01476;ORIG013;DEST141;822.89;2024-09-13
ID01477;ORIG015;DEST353;926.59;2021-03-13
ID01478;ORIG013;DEST909;978.73;2023-05-27
ID01479;ORIG035;DEST204;598.87;2022-10-14
ID01480;ORIG003;DEST605;692.64;2022-10-07
ID01481;ORIG001;DEST073;956.49;2023-05-06
ID01482;ORIG018;DEST761;291.77;2021-05-16
ID01483;ORIG009;DEST666;177.34;2023-09-28
ID00451;ORIG011;DEST984;686.93;2022-12-16
ID01485;ORIG017;DEST480;929.01;2020-07-20
ID01486;ORIG002;DEST979;703.65;2022-01-05
ID00710;ORIG007;DEST669;271.77;2022-01-13
ID01488;ORIG020;DEST202;725.39;2022-11-09
ID01489;ORIG003;DEST145;231.05;2020-03-09
ID01490;ORIG057;DEST859;953.71;2024-03-22
ID01491;ORIG064;DEST118;678.62;2023-03-25
ID00027;ORIG071;DEST981;791.07;2023-12-19
ID01493;ORIG059;DEST214;86.37;2024-11-19
ID01494;ORIG031;DEST722;37.36;2022-04-13
ID00346;ORIG099;DEST303;655.48;2024-08-25
ID01496;ORIG007;DEST150;232.24;2020-07-20
ID01497;ORIG012;DEST252;468.04;2021-10-09
ID01498;ORIG016;DEST306;215.58;2020-07-14
ID01499;ORIG085;DEST115;828.06;2023-10-19
ID01500;ORIG015;DEST160;229.36;2024-05-08
ID01501;ORIG005;DEST693;893.61;2020-02-06
ID01502;ORIG007;DEST667;48.91;2021-04-06
ID01017;ORIG010;DEST279;339.14;2020-02-18
ID01504;ORIG006;DEST012;458.34;2023-06-10
ID01505;ORIG019;DEST843;753.77;2024-06-01
ID01506;ORIG019;DEST025;646.46;2022-04-20
ID01507;ORIG015;DEST445;712.82;2023-02-01
ID01508;ORIG010;DEST303;599.24;2024-01-24
ID01509;ORIG019;DEST676;521.41;2020-01-02
ID01510;ORIG084;DEST092;890.73;2023-12-26
ID01511;ORIG059;DEST532;213.29;2024-08-16
ID01512;ORIG004;DEST977;788.10;2022-07-22
ID01513;ORIG033;DEST838;995.92;2023-03-06
ID01514;ORIG072;DEST717;109.36;2024-07-01
ID01515;ORIG002;DEST515;425.53;2021-01-13
ID01516;ORIG005;DEST488;199.59;2022-01-07
ID01517;ORIG015;DEST957;16.53;2023-06-10
ID00815;ORIG007;DEST645;162.09;2021-04-20
ID01519;ORIG018;DEST098;339.54;2020-10-26
ID01520;ORIG010;DEST928;61.26;2023-08-19
ID01521;ORIG012;DEST630;353.03;2022-01-21
ID01522;ORIG087;DEST928;329.62;2024-08-22
ID01523;ORIG013;DEST144;197.22;2022-04-11
ID01524;ORIG016;DEST471;30.03;2022-04-14
ID01525;ORIG084;DEST099;222.30;2023-11-24
ID01526;ORIG002;DEST439;150.89;2021-03-17
ID01527;ORIG012;DEST491;358.10;2021-12-15
ID01528;ORIG006;DEST282;356.51;2024-10-02
ID00267;ORIG019;DEST765;38.10;2024-02-08
ID01530;ORIG000;DEST919;970.59;2022-07-15
ID00359;ORIG014;DEST605;325.73;2020-09-01
ID01532;ORIG010;DEST488;84.36;2020-11-13
ID01533;ORIG002;DEST750;170.15;2022-12-22
ID01210;ORIG004;DEST026;656.88;2023-06-26
ID01535;ORIG012;DEST720;911.34;2024-04-17
ID01536;ORIG079;DEST428;487.66;2020-03-14
ID01537;ORIG006;DEST485;51.91;2020-04-06
ID01538;ORIG000;DEST101;114.47;2022-04-23
ID01539;ORIG012;DEST644;384.47;2020-09-02
ID01540;ORIG014;DEST397;701.57;2023-03-12
ID01541;ORIG040;DEST556;509.24;2021-12-05
ID01542;ORIG012;DEST415;944.66;2023-11-23
ID01543;ORIG002;DEST235;347.55;2022-05-03
ID01544;ORIG059;DEST062;724.67;2023-01-16
ID01545;ORIG064;DEST608;906.79;2021-09-27
ID01546;ORIG001;DEST570;360.12;2020-08-03
ID01547;ORIG019;DEST459;479.06;2024-05-13
ID01548;ORIG036;DEST950;753.92;2020-03-23
ID01549;ORIG005;DEST702;367.33;2020-10-07
ID01550;ORIG085;DEST379;283.12;2023-11-04
ID01551;ORIG003;DEST649;728.66;2020-10-12
ID01552;ORIG008;DEST761;982.56;2023-07-18
ID01553;ORIG016;DEST169;426.87;2023-12-10
ID01554;ORIG010;DEST597;877.73;2021-12-12
ID01555;ORIG017;DEST659;400.62;2022-01-06
ID01556;ORIG019;DEST893;214.29;2020-07-18
ID01557;ORIG008;DEST756;322.58;2021-05-09
ID01558;ORIG019;DEST365;602.06;2023-09-02
ID01559;ORIG039;DEST772;390.96;2021-01-11
ID01560;ORIG012;DEST722;99.60;2023-05-17
ID01561;ORIG000;DEST778;426.66;2020-01-21
ID01562;ORIG005;DEST896;451.33;2024-08-01
ID01563;ORIG073;DEST838;611.30;2024-12-06
ID01564;ORIG006;DEST593;597.75;2021-06-02
ID01565;ORIG035;DEST773;347.99;2023-07-28
ID01566;ORIG088;DEST225;713.55;2020-07-26
ID01567;ORIG008;DEST984;99.65;2020-03-20
ID01568;ORIG040;DEST189;422.33;2023-09-22
ID01569;ORIG000;DEST722;332.63;2023-02-02
ID01570;ORIG031;DEST414;99.93;2022-05-24
ID01571;ORIG011;DEST309;430.07;2021-06-02
ID01572;ORIG018;DEST910;855.26;2022-09-12
ID01573;ORIG042;DEST005;995.88;2022-06-14
ID01574;ORIG001;DEST090;422.85;2023-05-21
ID01037;ORIG016;DEST876;77.02;2021-02-11
ID01576;ORIG023;DEST950;573.20;2022-04-07
ID01577;ORIG009;DEST666;473.46;2023-09-04
ID01578;ORIG017;DEST308;928.80;2020-03-11
ID01579;ORIG062;DEST157;780.19;2020-11-23
ID01580;ORIG014;DEST624;454.21;2022-07-22
ID01581;ORIG090;DEST964;304.54;2023-04-19
ID01476;ORIG017;DEST840;214.63;2022-05-20
ID01583;ORIG034;DEST911;787.02;2023-03-21
ID01584;ORIG013;DEST755;597.30;2024-09-17
ID01585;ORIG085;DEST478;916.62;2021-04-01
ID01586;ORIG000;DEST142;121.73;2022-09-21
ID01587;ORIG013;DEST716;707.17;2020-11-28
ID01588;ORIG001;DEST829;852.21;2023-05-20
ID01589;ORIG000;DEST652;841.09;2020-08-01
ID01590;ORIG015;DEST045;661.60;2024-02-25
ID01591;ORIG009;DEST119;341.34;2023-04-02
ID01455;ORIG014;DEST233;838.78;2021-11-07
ID00004;ORIG007;DEST911;98.68;2020-11-23
ID01594;ORIG013;DEST916;730.69;2022-12-25
ID01595;ORIG015;DEST890;585.21;2023-03-10
ID01596;ORIG002;DEST959;688.96;2020-06-07
ID01597;ORIG000;DEST887;658.87;2024-12-22
ID01598;ORIG019;DEST091;148.12;2023-10-25
ID01599;ORIG014;DEST880;564.43;2022-11-26
ID01600;ORIG083;DEST189;605.16;2020-09-20
ID01601;ORIG000;DEST070;629.67;2024-05-13
ID01602;ORIG009;DEST793;383.77;2024-02-03
ID01603;ORIG012;DEST014;649.11;2021-05-24
ID01604;ORIG019;DEST926;592.11;2024-12-18
ID01605;ORIG004;DEST149;256.57;2022-11-20
ID01606;ORIG000;DEST592;716.17;2022-09-06
ID01607;ORIG011;DEST509;522.37;2021-06-28
ID01608;ORIG010;DEST422;73.65;2024-10-06
ID01609;ORIG016;DEST996;435.59;2022-01-25
ID01610;ORIG016;DEST834;831.94;2024-12-20
ID01611;ORIG013;DEST757;268.70;2020-09-20
ID01612;ORIG058;DEST661;551.03;2022-05-04
ID01613;ORIG012;DEST542;903.12;2022-09-28
ID01614;ORIG013;DEST970;920.80;2022-02-14
ID01615;ORIG010;DEST209;889.68;2020-10-02
ID01616;ORIG018;DEST686;356.55;2023-11-27
ID01617;ORIG007;DEST177;258.94;2024-12-19
ID01618;ORIG073;DEST336;774.88;2021-02-10
ID00370;ORIG008;DEST291;255.99;2023-04-12
ID01620;ORIG081;DEST042;786.10;2024-03-07
ID01621;ORIG011;DEST451;773.59;2020-10-13
ID01622;ORIG003;DEST852;566.54;2022-06-26
ID01623;ORIG004;DEST674;841.18;2022-12-13
ID01624;ORIG018;DEST275;597.80;2022-12-24
ID01625;ORIG010;DEST181;26.52;2024-12-21
ID01626;ORIG009;DEST518;203.28;2023-10-09
ID01627;ORIG006;DEST566;728.67;2023-08-04
ID01628;ORIG009;DEST502;969.48;2023-10-01
ID01629;ORIG008;DEST869;108.76;2024-09-23
ID01630;ORIG010;DEST358;495.83;2021-08-10
ID00652;ORIG011;DEST295;630.04;2023-03-10
ID01632;ORIG017;DEST780;820.86;2021-09-26
ID01633;ORIG015;DEST039;327.53;2022-08-13
ID01634;ORIG016;DEST418;515.30;2020-10-19
ID01635;ORIG002;DEST232;348.24;2020-08-06
ID01636;ORIG012;DEST455;181.76;2021-09-07
ID01637;ORIG011;DEST637;640.99;2021-02-27
ID01638;ORIG050;DEST723;155.21;2021-10-22
ID01639;ORIG013;DEST534;89.33;2020-10-06
ID01640;ORIG002;DEST594;17.72;2022-02-28
ID01641;ORIG000;DEST347;731.85;2023-11-04
ID01642;ORIG002;DEST593;87.00;2022-11-10
ID01643;ORIG009;DEST296;442.35;2023-08-19
ID01644;ORIG007;DEST520;337.79;2022-07-24
ID01645;ORIG090;DEST036;904.90;2023-12-10
ID01212;ORIG007;DEST142;90.46;2020-09-02
ID01647;ORIG011;DEST968;493.07;2020-05-25
ID01648;ORIG017;DEST718;54.92;2023-03-25
ID01649;ORIG012;DEST580;547.32;2024-06-27
ID01650;ORIG059;DEST675;323.07;2021-02-13
ID01651;ORIG014;DEST581;231.76;2021-12-23
ID01652;ORIG013;DEST348;270.88;2021-01-26
ID01653;ORIG017;DEST597;381.12;2020-04-09
ID01654;ORIG019;DEST978;13.78;2021-02-04
ID01655;ORIG012;DEST613;977.15;2020-09-02
ID01656;ORIG069;DEST959;74.70;2020-09-14
ID01657;ORIG002;DEST144;977.05;2023-04-25
ID00496;ORIG004;DEST533;919.32;2020-03-02
ID01659;ORIG012;DEST810;892.95;2024-01-08
ID01660;ORIG018;DEST977;344.23;2022-01-27
ID01661;ORIG013;DEST037;738.71;2024-04-03
ID01083;ORIG007;DEST512;948.11;2024-10-10
ID01663;ORIG005;DEST326;266.30;2022-10-09
ID01664;ORIG006;DEST755;665.38;2022-11-05
ID01665;ORIG059;DEST644;782.44;2023-02-01
ID01666;ORIG002;DEST063;245.37;2020-01-14
ID01667;ORIG025;DEST472;599.86;2020-12-21
ID01668;ORIG004;DEST798;880.64;2024-04-12
ID01669;ORIG012;DEST160;443.15;2024-11-23
ID01670;ORIG008;DEST386;352.24;2021-10-18
ID01671;ORIG019;DEST046;382.06;2023-08-25
ID01672;ORIG000;DEST518;573.67;2020-12-07
ID01673;ORIG043;DEST449;454.16;2024-12-22
ID01674;ORIG014;DEST907;101.96;2022-02-09
ID01675;ORIG007;DEST946;846.00;2022-09-04
ID01676;ORIG017;DEST449;241.80;2024-09-03
ID01677;ORIG014;DEST515;912.08;2024-03-15
ID01678;ORIG013;DEST534;649.35;2021-06-22
ID01679;ORIG010;DEST358;877.41;2022-10-23
ID01680;ORIG015;DEST087;574.82;2022-02-18
ID01681;ORIG084;DEST413;801.45;2020-05-04
ID01682;ORIG001;DEST299;694.78;2023-08-07
ID01683;ORIG010;DEST757;812.94;2023-07-23
ID01684;ORIG014;DEST032;27.54;2022-11-21
ID01685;ORIG055;DEST302;717.71;2021-11-11
ID01686;ORIG010;DEST061;592.43;2020-02-23
ID01687;ORIG011;DEST025;360.86;2022-09-23
ID01688;ORIG084;DEST548;138.69;2020-11-07
ID01689;ORIG011;DEST494;124.81;2022-09-17
ID01690;ORIG005;DEST299;17.18;2022-08-01
ID01691;ORIG010;DEST250;932.33;2023-04-05
ID01692;ORIG019;DEST366;53.04;2020-06-19
ID01693;ORIG017;DEST784;282.12;2020-02-26
ID01694;ORIG015;DEST619;758.43;2024-09-16
ID01695;ORIG015;DEST758;943.36;2021-04-05
ID01696;ORIG014;DEST805;618.13;2020-12-27
ID01697;ORIG080;DEST933;254.23;2020-03-15
ID01698;ORIG001;DEST486;657.52;2021-09-23
ID01699;ORIG042;DEST371;704.99;2021-08-03
ID01700;ORIG008;DEST015;588.39;2020-08-01
ID01701;ORIG095;DEST971;282.61;2023-08-28
ID01702;ORIG040;DEST091;526.36;2020-01-10
ID01703;ORIG035;DEST995;411.55;2022-10-22
ID01704;ORIG006;DEST834;659.19;2024-06-10
ID01705;ORIG011;DEST307;128.22;2020-01-14
ID01706;ORIG004;DEST659;165.04;2021-08-27
ID01707;ORIG013;DEST071;287.09;2020-07-05
ID01708;ORIG006;DEST833;206.64;2020-03-17
ID01709;ORIG044;DEST952;826.75;2024-11-21
ID01710;ORIG006;DEST614;202.45;2023-10-24
ID01711;ORIG006;DEST731;522.24;2020-07-17
ID01712;ORIG016;DEST960;593.80;2024-07-18
ID01713;ORIG012;DEST909;52.56;2022-05-11
ID01714;ORIG023;DEST248;694.61;2023-12-27
ID01715;ORIG018;DEST570;721.45;2022-03-12
ID01716;ORIG006;DEST853;814.86;2022-03-20
ID01717;ORIG011;DEST055;368.71;2021-10-16
ID01718;ORIG010;DEST355;326.61;2021-12-21
ID01719;ORIG012;DEST960;189.20;2020-03-14
ID01720;ORIG001;DEST180;889.28;2024-11-02
ID01721;ORIG010;DEST160;579.22;2020-10-13
ID01722;ORIG011;DEST378;25.35;2024-06-20
ID01723;ORIG005;DEST190;498.38;2022-07-10
ID01724;ORIG035;DEST933;213.61;2022-07-18
ID01725;ORIG075;DEST165;797.09;2020-05-12
ID01726;ORIG010;DEST663;567.08;2023-07-02
ID01727;ORIG004;DEST739;833.07;2022-11-17
ID01728;ORIG012;DEST525;736.76;2020-06-28
ID01729;ORIG010;DEST342;910.57;2023-09-06
ID01730;ORIG009;DEST049;817.12;2023-12-10
ID01731;ORIG003;DEST469;65.01;2020-02-27
ID01732;ORIG015;DEST926;932.88;2024-05-21
ID01733;ORIG007;DEST324;658.10;2024-04-21
ID01734;ORIG009;DEST045;433.32;2021-08-01
ID01735;ORIG013;DEST831;981.91;2022-08-02
ID00260;ORIG000;DEST590;201.79;2023-12-13
ID01737;ORIG060;DEST544;755.49;2021-01-21
ID01738;ORIG008;DEST186;298.56;2021-03-03
ID01739;ORIG017;DEST286;302.73;2021-12-28
ID00795;ORIG013;DEST101;739.68;2023-09-13
ID01741;ORIG008;DEST566;650.37;2023-12-19
ID01742;ORIG014;DEST794;990.39;2024-08-22
ID01743;ORIG098;DEST139;451.23;2022-01-14
ID01055;ORIG026;DEST020;984.27;2021-09-26
ID01745;ORIG093;DEST591;678.79;2020-09-10
ID00771;ORIG003;DEST021;913.08;2022-09-03
ID01747;ORIG008;DEST318;303.50;2024-09-17
ID01748;ORIG016;DEST403;479.36;2020-12-25
ID01749;ORIG006;DEST225;890.83;2021-02-08
ID01750;ORIG019;DEST170;257.00;2020-12-13
ID01751;ORIG015;DEST987;864.42;2023-04-19
ID01752;ORIG005;DEST537;831.35;2020-06-04
ID01753;ORIG002;DEST555;546.53;2022-12-19
ID01742;ORIG047;DEST990;795.63;2021-02-08
ID01755;ORIG005;DEST358;754.00;2022-07-09
ID01756;ORIG001;DEST808;566.26;2024-06-08
ID01757;ORIG003;DEST651;154.65;2022-09-17
ID01758;ORIG008;DEST524;512.65;2023-12-16
ID01759;ORIG014;DEST171;286.26;2022-02-11
ID01760;ORIG004;DEST771;223.43;2022-07-15
ID01761;ORIG003;DEST856;151.03;2024-09-07
ID01762;ORIG091;DEST666;334.46;2024-06-02
ID01633;ORIG049;DEST016;24.81;2020-05-28
ID01764;ORIG000;DEST247;839.94;2020-05-16
ID01765;ORIG057;DEST535;347.72;2024-03-17
ID01766;ORIG039;DEST675;545.12;2024-06-17
ID01767;ORIG016;DEST953;411.17;2023-02-09
ID01768;ORIG014;DEST806;904.42;2022-03-02
ID01769;ORIG002;DEST282;182.97;2022-07-13
ID01770;ORIG019;DEST237;550.20;2020-06-22
ID01771;ORIG009;DEST973;932.77;2020-04-01
ID01772;ORIG002;DEST296;645.38;2021-12-28
ID01773;ORIG002;DEST365;895.21;2021-03-25
ID01774;ORIG001;DEST306;64.97;2024-10-26
ID01775;ORIG014;DEST127;296.85;2020-08-21
ID01776;ORIG019;DEST893;753.18;2024-07-04
ID01777;ORIG007;DEST423;372.93;2020-05-26
ID01778;ORIG012;DEST167;791.81;2023-03-22
ID01779;ORIG013;DEST590;375.03;2020-11-07
ID01780;ORIG043;DEST744;119.09;2021-10-17
ID01781;ORIG064;DEST289;574.40;2021-02-25
ID01782;ORIG017;DEST461;23.35;2023-04-17
ID01783;ORIG002;DEST725;288.11;2023-02-27
ID01784;ORIG011;DEST183;34.26;2023-01-18
ID01785;ORIG027;DEST936;229.11;2021-09-11
ID01786;ORIG012;DEST116;31.23;2022-06-13
ID01787;ORIG011;DEST288;597.80;2020-07-13
ID01788;ORIG065;DEST006;423.33;2022-11-16
ID01789;ORIG019;DEST624;824.39;2024-03-01
ID01790;ORIG016;DEST117;978.02;2023-11-20
ID01791;ORIG010;DEST888;875.95;2021-12-05
ID01792;ORIG001;DEST616;101.48;2023-12-03
ID01793;ORIG099;DEST459;560.45;2020-08-13
ID01794;ORIG003;DEST404;135.61;2022-07-09
ID01795;ORIG016;DEST878;466.36;2023-10-11
ID01796;ORIG001;DEST627;606.58;2023-08-21
ID01797;ORIG002;DEST777;986.69;2022-09-28
ID01798;ORIG010;DEST545;899.87;2022-12-21
ID01799;ORIG033;DEST142;664.98;2024-02-05
ID01800;ORIG095;DEST054;835.34;2021-09-15
ID01801;ORIG000;DEST707;172.66;2023-03-02
ID01802;ORIG014;DEST587;654.46;2020-08-11
ID01803;ORIG009;DEST658;750.92;2024-12-08
ID01804;ORIG006;DEST689;198.51;2023-06-12
ID00066;ORIG016;DEST973;172.14;2023-08-05
ID01806;ORIG000;DEST322;458.37;2024-11-09
ID01490;ORIG018;DEST058;533.28;2021-04-25
ID01808;ORIG001;DEST644;828.85;2024-04-01
ID01809;ORIG018;DEST252;718.42;2021-11-17
ID01810;ORIG001;DEST101;495.09;2024-07-14
ID01811;ORIG062;DEST677;125.81;2023-06-10
ID01812;ORIG007;DEST690;838.59;2021-06-21
ID01813;ORIG088;DEST437;638.69;2021-10-03
ID01814;ORIG012;DEST733;810.09;2023-10-14
ID01815;ORIG000;DEST839;957.64;2024-10-15
ID01816;ORIG023;DEST771;957.81;2021-02-18
ID01817;ORIG007;DEST794;552.91;2021-05-18
ID01818;ORIG016;DEST710;637.32;2021-06-13
ID01819;ORIG012;DEST757;45.87;2021-04-19
ID00167;ORIG014;DEST479;549.69;2021-10-08
ID01821;ORIG001;DEST577;166.84;2024-12-06
ID01822;ORIG005;DEST129;900.51;2024-02-16
ID01823;ORIG036;DEST995;193.83;2021-08-01
ID01824;ORIG065;DEST598;202.22;2022-01-24
ID01825;ORIG008;DEST851;776.67;2020-04-08
ID01826;ORIG017;DEST389;361.57;2022-09-13
ID00430;ORIG001;DEST558;880.96;2020-01-10
ID01828;ORIG003;DEST738;72.34;2022-03-22
ID01829;ORIG008;DEST000;616.87;2022-06-12
ID01830;ORIG018;DEST754;398.63;2021-06-04
ID01831;ORIG006;DEST980;78.11;2020-11-04
ID01832;ORIG011;DEST607;693.51;2024-03-14
ID01833;ORIG080;DEST403;832.99;2021-05-11
ID01834;ORIG008;DEST502;512.27;2020-09-21
ID01835;ORIG002;DEST015;556.55;2023-08-17
ID01836;ORIG009;DEST520;578.88;2022-11-21
ID01837;ORIG005;DEST447;493.08;2020-01-27
ID01838;ORIG014;DEST959;773.35;2022-08-07
ID01839;ORIG009;DEST705;618.55;2023-10-09
ID01840;ORIG072;DEST895;506.22;2023-12-08
ID01841;ORIG029;DEST151;230.26;2022-04-06
ID01842;ORIG049;DEST435;231.66;2023-05-20
ID01843;ORIG012;DEST340;519.54;2023-03-27
ID01844;ORIG016;DEST575;997.14;2021-01-15
ID01845;ORIG007;DEST725;468.04;2020-11-02
ID01846;ORIG000;DEST149;806.18;2021-03-20
ID01847;ORIG002;DEST357;170.42;2022-12-20
ID01848;ORIG000;DEST665;215.97;2020-12-01
ID01849;ORIG000;DEST940;965.46;2024-06-09
ID01850;ORIG014;DEST099;475.36;2023-09-19
ID01851;ORIG014;DEST316;292.29;2021-07-26
ID01852;ORIG074;DEST077;265.53;2020-12-20
ID01853;ORIG013;DEST171;49.64;2024-09-06
ID01854;ORIG017;DEST640;160.73;2020-08-11
ID01855;ORIG017;DEST565;918.59;2023-02-04
ID01856;ORIG009;DEST623;976.67;2022-08-04
ID01857;ORIG001;DEST289;818.97;2020-09-15
ID01858;ORIG026;DEST715;50.86;2020-03-07
ID01859;ORIG011;DEST904;997.31;2023-12-08
ID01860;ORIG005;DEST179;103.77;2024-01-16
ID01861;ORIG014;DEST971;579.14;2022-01-07
ID01862;ORIG011;DEST300;57.43;2021-06-23
ID01863;ORIG007;DEST356;487.08;2021-09-14
ID01864;ORIG017;DEST158;50.68;2020-01-23
ID01865;ORIG009;DEST547;108.31;2022-06-23
ID01866;ORIG007;DEST047;676.98;2024-04-16
ID01867;ORIG009;DEST354;503.46;2020-06-05
ID01868;ORIG006;DEST850;927.74;2020-11-28
ID01869;ORIG007;DEST643;303.82;2021-02-23
ID01870;ORIG016;DEST695;557.30;2022-11-17
ID01871;ORIG013;DEST388;683.94;2021-11-15
ID01872;ORIG013;DEST053;806.77;2021-07-12
ID01873;ORIG001;DEST400;260.79;2023-08-14
ID01874;ORIG000;DEST833;702.97;2024-02-11
ID01875;ORIG010;DEST125;600.59;2021-04-06
ID01876;ORIG005;DEST182;506.35;2022-04-25
ID01877;ORIG019;DEST073;619.53;2022-10-14
ID01878;ORIG010;DEST226;936.39;2024-02-06
ID01824;ORIG019;DEST574;724.02;2021-06-14
ID01880;ORIG066;DEST826;499.02;2022-12-09
ID01881;ORIG014;DEST868;979.82;2022-10-25
ID01882;ORIG003;DEST792;583.57;2020-05-01
ID01883;ORIG012;DEST628;675.21;2023-06-23
ID01884;ORIG002;DEST477;166.28;2024-05-06
ID01885;ORIG010;DEST737;844.78;2020-09-16
ID01886;ORIG007;DEST854;486.11;2022-09-02
ID00224;ORIG009;DEST220;852.46;2023-02-09
ID01888;ORIG077;DEST494;728.45;2021-05-11
ID01889;ORIG013;DEST659;109.14;2020-07-05
ID01890;ORIG017;DEST703;685.80;2023-12-06
ID01891;ORIG011;DEST713;714.87;2021-07-17
ID01892;ORIG012;DEST327;397.64;2024-09-13
ID01893;ORIG097;DEST141;754.16;2023-02-15
ID01894;ORIG000;DEST961;194.89;2022-06-11
ID01895;ORIG039;DEST593;574.21;2024-10-01
ID01896;ORIG016;DEST152;838.24;2023-03-06
ID01897;ORIG043;DEST214;336.86;2020-08-14
ID01898;ORIG016;DEST475;429.96;2020-06-08
ID01899;ORIG009;DEST410;938.25;2023-06-24
ID01900;ORIG019;DEST459;155.10;2024-09-03
ID01901;ORIG062;DEST507;694.18;2020-12-01
ID01902;ORIG015;DEST872;862.74;2020-02-04
ID00909;ORIG009;DEST176;579.48;2020-02-27
ID01904;ORIG002;DEST907;501.62;2023-08-20
ID01905;ORIG005;DEST223;131.81;2023-02-09
ID00781;ORIG017;DEST776;267.13;2021-01-12
ID01907;ORIG021;DEST432;453.67;2023-05-10
ID01908;ORIG001;DEST331;166.55;2023-06-27
ID01909;ORIG048;DEST544;698.12;2020-10-20
ID01910;ORIG012;DEST847;136.17;2023-08-28
ID01911;ORIG011;DEST808;481.51;2020-02-14
ID01912;ORIG087;DEST000;585.41;2021-02-13
ID01913;ORIG003;DEST970;572.13;2024-09-01
ID01914;ORIG008;DEST819;322.17;2022-06-18
ID01915;ORIG007;DEST488;692.02;2020-01-22
ID01916;ORIG002;DEST792;928.92;2023-10-27
ID01917;ORIG005;DEST425;671.05;2023-07-01
ID01918;ORIG012;DEST391;299.65;2021-01-27
ID01919;ORIG013;DEST089;611.12;2021-06-22
ID01920;ORIG057;DEST697;389.74;2022-07-04
ID01921;ORIG010;DEST270;619.03;2021-02-17
ID01922;ORIG048;DEST772;723.88;2024-08-22
ID01923;ORIG013;DEST530;917.36;2024-07-28
ID01924;ORIG083;DEST528;929.87;2021-11-17
ID01925;ORIG008;DEST394;21.87;2021-10-04
ID01926;ORIG013;DEST980;637.20;2022-09-06
ID01927;ORIG005;DEST308;21.74;2023-04-17
ID00394;ORIG005;DEST187;571.96;2023-05-12
ID01929;ORIG004;DEST517;437.17;2020-07-05
ID01930;ORIG007;DEST878;226.31;2023-03-05
ID01931;ORIG032;DEST346;600.48;2022-10-27
ID01932;ORIG055;DEST202;655.62;2023-11-04
ID01933;ORIG053;DEST023;763.29;2021-01-21
ID01934;ORIG015;DEST692;531.93;2023-11-06
ID01935;ORIG008;DEST321;459.22;2020-09-20
ID01936;ORIG015;DEST822;926.63;2022-09-05
ID01334;ORIG007;DEST759;157.59;2022-09-18
ID01938;ORIG027;DEST856;240.54;2023-02-15
ID01939;ORIG002;DEST234;877.22;2020-09-20
ID01940;ORIG073;DEST976;428.50;2021-01-12
ID01941;ORIG023;DEST177;325.67;2022-05-01
ID00944;ORIG009;DEST816;376.50;2024-12-18
ID01943;ORIG008;DEST756;394.80;2020-07-23
ID00522;ORIG014;DEST419;301.21;2020-06-18
ID01945;ORIG012;DEST898;791.71;2023-04-03
ID01946;ORIG055;DEST082;310.07;2023-01-15
ID01947;ORIG008;DEST555;980.15;2022-07-05
ID01948;ORIG007;DEST214;737.64;2023-03-07
ID01949;ORIG009;DEST092;230.14;2023-03-23
ID01950;ORIG064;DEST955;88.99;2022-05-11
ID01951;ORIG032;DEST395;737.97;2024-03-12
ID00217;ORIG015;DEST193;407.72;2020-02-17
ID01953;ORIG010;DEST292;315.19;2022-10-07
ID01954;ORIG019;DEST329;597.53;2022-08-17
ID01955;ORIG025;DEST468;184.50;2020-08-14
ID01956;ORIG046;DEST660;759.63;2023-07-17
ID01957;ORIG003;DEST124;913.50;2022-06-12
ID01577;ORIG001;DEST077;230.48;2020-07-07
ID01959;ORIG005;DEST459;406.57;2020-07-13
ID01960;ORIG000;DEST953;211.04;2021-01-23
ID01241;ORIG014;DEST258;110.56;2020-09-11
ID01962;ORIG000;DEST456;679.10;2023-06-05
ID01963;ORIG018;DEST602;154.13;2023-12-11
ID01964;ORIG025;DEST400;426.42;2021-08-19
ID01965;ORIG009;DEST398;377.94;2020-05-28
ID01966;ORIG018;DEST667;474.35;2020-11-05
ID01967;ORIG016;DEST742;468.35;2024-01-20
ID01968;ORIG003;DEST800;167.94;2023-08-14
ID01969;ORIG010;DEST244;351.79;2022-05-18
ID01970;ORIG018;DEST086;965.15;2024-07-18
ID01971;ORIG006;DEST473;34.95;2023-01-17
ID01972;ORIG013;DEST921;715.14;2022-02-27
ID01973;ORIG005;DEST145;633.26;2023-07-10
ID01974;ORIG070;DEST773;791.48;2021-04-07
ID01975;ORIG016;DEST675;363.66;2020-11-13
ID01976;ORIG002;DEST641;662.54;2021-02-02
ID01977;ORIG006;DEST935;84.46;2022-07-23
ID01978;ORIG019;DEST731;966.00;2021-11-22
ID01979;ORIG008;DEST958;510.67;2024-09-24
ID01980;ORIG018;DEST396;230.73;2024-11-12
ID01981;ORIG065;DEST287;973.67;2024-02-01
ID01982;ORIG015;DEST375;989.66;2021-12-24
ID00492;ORIG047;DEST444;21.29;2023-08-01
ID01984;ORIG017;DEST768;774.22;2022-05-02
ID01985;ORIG011;DEST271;253.59;2023-12-23
ID01986;ORIG006;DEST949;395.96;2021-10-06
ID01987;ORIG001;DEST447;180.06;2023-04-15
ID01988;ORIG006;DEST652;846.41;2021-04-24
ID01989;ORIG089;DEST758;356.04;2024-11-02
ID01990;ORIG054;DEST222;262.94;2020-10-16
ID01991;ORIG015;DEST738;568.29;2024-09-04
ID01992;ORIG006;DEST695;42.68;2023-12-27
ID01993;ORIG016;DEST078;485.52;2022-05-06
ID01994;ORIG017;DEST711;96.13;2021-06-07
ID01995;ORIG017;DEST217;362.60;2020-01-11
ID01996;ORIG017;DEST005;650.65;2022-11-24
ID01997;ORIG014;DEST556;723.99;2021-02-01
ID01998;ORIG062;DEST178;78.53;2023-12-17
ID01999;ORIG006;DEST350;139.31;2023-11-17
ID00525;ORIG008;DEST216;420.13;2024-02-12
ID02001;ORIG014;DEST720;582.48;2024-07-03
ID02002;ORIG012;DEST969;265.78;2024-07-10
ID02003;ORIG018;DEST677;294.07;2021-09-24
ID02004;ORIG034;DEST451;382.01;2024-11-15
ID02005;ORIG051;DEST365;864.07;2023-12-09
ID02006;ORIG015;DEST302;405.14;2023-04-15
ID00217;ORIG006;DEST664;10.15;2024-03-05
ID02008;ORIG021;DEST460;517.48;2020-06-02
ID02009;ORIG007;DEST129;509.33;2022-06-10
ID02010;ORIG014;DEST083;891.54;2021-02-19
ID02011;ORIG028;DEST055;765.50;2024-10-20
ID02012;ORIG016;DEST636;214.38;2021-10-03
ID02013;ORIG016;DEST958;657.27;2024-09-26
ID02014;ORIG017;DEST605;277.55;2020-07-06
ID02015;ORIG009;DEST388;989.88;2022-02-01
ID02016;ORIG016;DEST151;37.13;2022-12-15
ID02017;ORIG019;DEST179;517.59;2024-12-07
ID01326;ORIG005;DEST298;531.20;2021-05-15
ID02019;ORIG012;DEST138;996.23;2024-08-02
ID02020;ORIG011;DEST031;480.56;2023-07-06
ID02021;ORIG017;DEST578;715.82;2020-09-05
ID02022;ORIG043;DEST802;226.51;2023-12-08
ID02023;ORIG011;DEST964;227.09;2024-01-17
ID02024;ORIG001;DEST851;329.03;2024-04-06
ID02025;ORIG011;DEST612;554.30;2022-07-26
ID00435;ORIG013;DEST794;824.33;2023-01-18
ID02027;ORIG004;DEST522;372.36;2020-11-19
ID02028;ORIG010;DEST736;52.06;2022-10-03
ID00025;ORIG007;DEST974;716.54;2022-08-14
ID02030;ORIG008;DEST468;376.27;2023-07-20
ID02031;ORIG005;DEST087;327.32;2023-08-03
ID02032;ORIG005;DEST263;849.30;2024-07-20
ID02033;ORIG002;DEST967;512.92;2020-08-28
ID02034;ORIG013;DEST971;99.73;2024-07-17
ID01338;ORIG008;DEST067;458.96;2023-05-24
ID02036;ORIG017;DEST955;475.62;2022-07-09
ID02037;ORIG005;DEST483;924.23;2023-10-05
ID02038;ORIG016;DEST643;607.57;2021-12-18
ID00027;ORIG008;DEST589;584.07;2021-05-19
ID02040;ORIG093;DEST167;771.07;2022-06-27
ID02041;ORIG013;DEST987;318.27;2020-09-12
ID01108;ORIG013;DEST574;661.88;2021-01-13
ID02043;ORIG010;DEST558;21.86;2022-05-10
ID02044;ORIG002;DEST366;199.90;2020-12-23
ID02045;ORIG015;DEST517;937.72;2021-03-16
ID02046;ORIG055;DEST374;337.37;2021-01-07
ID02047;ORIG001;DEST911;880.47;2023-11-25
ID02048;ORIG009;DEST654;43.20;2022-01-05
ID02049;ORIG037;DEST444;990.83;2021-03-01
ID02050;ORIG016;DEST759;526.38;2020-04-26
ID02051;ORIG009;DEST098;522.05;2024-12-02
ID02052;ORIG018;DEST907;378.64;2023-07-27
ID02053;ORIG007;DEST394;358.69;2022-08-20
ID02054;ORIG002;DEST324;574.21;2024-12-05
ID02055;ORIG025;DEST246;842.26;2023-09-23
ID02056;ORIG013;DEST021;431.75;2020-08-22
ID02057;ORIG011;DEST089;259.79;2020-09-01
ID02058;ORIG005;DEST903;515.06;2020-10-05
ID02059;ORIG009;DEST261;924.59;2020-12-26
ID02060;ORIG007;DEST094;221.50;2020-10-19
ID02061;ORIG006;DEST094;341.36;2024-12-10
ID00855;ORIG006;DEST295;575.27;2022-01-07
ID02063;ORIG016;DEST653;593.77;2022-12-18
ID00157;ORIG011;DEST298;125.38;2023-06-07
ID02065;ORIG003;DEST039;285.64;2021-01-07
ID00010;ORIG063;DEST744;477.19;2020-02-24
ID02067;ORIG006;DEST830;959.53;2023-07-14
ID02068;ORIG006;DEST255;49.86;2024-06-08
ID02069;ORIG003;DEST858;842.62;2022-01-01
ID01561;ORIG016;DEST518;967.58;2022-07-25
ID02071;ORIG006;DEST750;365.50;2022-09-27
ID02072;ORIG013;DEST302;253.75;2023-06-12
ID02073;ORIG015;DEST897;328.70;2020-10-27
ID02074;ORIG011;DEST350;163.67;2020-11-24
ID02075;ORIG094;DEST781;630.54;2023-01-07
ID02076;ORIG018;DEST079;185.18;2020-03-03
ID02077;ORIG019;DEST753;512.93;2020-09-25
ID02078;ORIG083;DEST638;198.53;2024-09-16
ID02079;ORIG001;DEST419;334.30;2021-11-06
ID02080;ORIG009;DEST834;628.37;2023-03-05
ID02081;ORIG011;DEST344;399.83;2023-03-02
ID02082;ORIG099;DEST951;875.11;2020-03-15
ID02083;ORIG014;DEST091;528.80;2020-07-19
ID02084;ORIG018;DEST134;508.60;2020-09-05
ID02085;ORIG010;DEST475;176.16;2023-05-07
ID02086;ORIG008;DEST490;592.17;2021-03-04
ID02087;ORIG017;DEST338;733.63;2023-12-24
ID02088;ORIG067;DEST887;88.59;2023-09-01
ID02089;ORIG002;DEST285;503.45;2020-01-01
ID02090;ORIG008;DEST481;651.25;2024-10-11
ID02091;ORIG001;DEST569;774.16;2023-10-02
ID02092;ORIG010;DEST430;76.51;2020-06-13
ID02093;ORIG011;DEST178;800.33;2021-11-28
ID02094;ORIG001;DEST228;666.06;2020-05-15
ID01814;ORIG008;DEST853;121.52;2020-12-23
ID02096;ORIG039;DEST109;622.91;2022-02-25
ID02097;ORIG003;DEST950;680.49;2022-12-23
ID02098;ORIG091;DEST295;821.12;2024-12-26
ID02099;ORIG007;DEST188;591.93;2024-05-21
ID02100;ORIG006;DEST131;562.92;2020-08-14
ID01035;ORIG015;DEST691;119.23;2023-12-13
ID02102;ORIG004;DEST919;254.11;2021-05-09
ID02103;ORIG018;DEST555;133.10;2020-09-10
ID02104;ORIG027;DEST394;141.14;2021-02-11
ID02105;ORIG009;DEST435;13.26;2021-08-02
ID02106;ORIG009;DEST392;269.30;2020-02-04
ID02107;ORIG072;DEST455;142.05;2021-06-10
ID02108;ORIG014;DEST165;592.77;2021-01-19
ID02109;ORIG015;DEST613;882.22;2021-07-08
ID02110;ORIG017;DEST169;192.85;2022-07-16
ID02111;ORIG012;DEST922;522.85;2024-12-03
ID02112;ORIG030;DEST411;443.76;2022-06-10
ID02113;ORIG006;DEST103;758.77;2022-09-08
ID02114;ORIG008;DEST830;862.56;2021-05-02
ID02115;ORIG018;DEST610;737.52;2020-02-02
ID02116;ORIG002;DEST893;112.05;2020-03-15
ID02117;ORIG006;DEST590;279.27;2020-07-21
ID02118;ORIG006;DEST200;391.65;2020-08-21
ID00244;ORIG012;DEST006;694.93;2024-11-17
ID02120;ORIG012;DEST462;580.58;2023-05-18
ID01038;ORIG013;DEST193;906.57;2021-12-15
ID01118;ORIG025;DEST713;635.98;2021-01-25
ID02123;ORIG018;DEST143;679.40;2022-04-08
ID02124;ORIG013;DEST848;192.35;2024-09-18
ID02125;ORIG016;DEST683;444.88;2024-11-18
ID02126;ORIG014;DEST831;735.94;2023-09-20
ID02127;ORIG031;DEST579;958.47;2022-09-21
ID02128;ORIG000;DEST922;147.63;2022-03-23
ID02129;ORIG009;DEST395;800.37;2021-07-04
ID02130;ORIG014;DEST299;722.47;2022-05-06
ID02131;ORIG099;DEST997;594.84;2022-08-23
ID02132;ORIG013;DEST233;147.73;2020-08-07
ID02133;ORIG017;DEST291;404.55;2020-01-03
ID02134;ORIG009;DEST158;951.41;2023-05-06
ID02135;ORIG019;DEST670;171.18;2024-02-28
ID02136;ORIG099;DEST117;96.76;2021-10-23
ID02137;ORIG001;DEST980;71.10;2023-04-25
ID02138;ORIG010;DEST679;437.65;2022-01-09
ID02139;ORIG006;DEST957;777.77;2021-08-08
ID00941;ORIG030;DEST463;483.21;2024-08-11
ID02141;ORIG010;DEST351;17.28;2024-12-03
ID02142;ORIG015;DEST242;651.97;2020-02-07
ID00453;ORIG015;DEST983;239.67;2021-02-03
ID02144;ORIG014;DEST148;171.48;2024-01-10
ID02145;ORIG036;DEST937;932.81;2022-09-22
ID02146;ORIG009;DEST596;85.46;2021-08-04
ID01786;ORIG017;DEST656;506.69;2022-03-18
ID02148;ORIG087;DEST457;517.56;2023-10-25
ID02149;ORIG004;DEST460;973.78;2022-08-24
ID02150;ORIG008;DEST373;277.74;2023-05-09
ID02151;ORIG014;DEST594;752.82;2023-08-23
ID00002;ORIG009;DEST380;134.52;2021-05-25
ID02153;ORIG013;DEST714;242.61;2024-07-23
ID02154;ORIG016;DEST532;991.20;2020-01-20
ID02155;ORIG083;DEST360;778.31;2024-04-03
ID01097;ORIG012;DEST244;681.71;2024-03-16
ID02157;ORIG009;DEST384;452.00;2021-06-16
ID02158;ORIG065;DEST325;466.10;2022-06-19
ID02159;ORIG001;DEST481;412.41;2022-12-03
ID02160;ORIG002;DEST166;441.72;2021-06-25
ID02161;ORIG018;DEST892;704.06;2020-03-07
ID02162;ORIG047;DEST416;198.19;2023-09-10
ID02163;ORIG007;DEST539;831.51;2024-06-03
ID02164;ORIG017;DEST602;324.97;2024-12-10
ID00707;ORIG006;DEST048;823.74;2020-02-11
ID02166;ORIG098;DEST088;357.19;2023-01-22
ID01226;ORIG093;DEST733;620.30;2020-10-09
ID02168;ORIG003;DEST750;889.89;2022-04-04
ID02169;ORIG047;DEST275;829.08;2020-03-14
ID02170;ORIG009;DEST223;113.50;2020-08-07
ID02171;ORIG001;DEST631;923.45;2021-05-18
ID02172;ORIG016;DEST952;586.68;2021-09-25
ID02173;ORIG006;DEST299;438.97;2020-03-06
ID02174;ORIG008;DEST832;491.21;2022-08-22
ID02175;ORIG061;DEST973;444.58;2022-04-03
ID02176;ORIG085;DEST141;608.97;2021-02-11
ID02139;ORIG000;DEST408;944.15;2023-12-18
ID02178;ORIG017;DEST112;808.53;2021-02-15
ID02179;ORIG011;DEST614;939.42;2022-02-21
ID02180;ORIG004;DEST667;826.00;2024-03-24
ID02181;ORIG015;DEST068;930.75;2020-09-26
ID02182;ORIG067;DEST604;308.77;2020-09-08
ID02183;ORIG095;DEST639;315.12;2024-04-26
ID02184;ORIG009;DEST778;870.66;2024-08-13
ID00918;ORIG013;DEST500;679.02;2022-09-17
ID02186;ORIG000;DEST804;950.90;2023-12-26
ID02187;ORIG033;DEST673;984.97;2020-11-09
ID02188;ORIG003;DEST734;478.86;2024-03-04
ID02189;ORIG019;DEST487;693.27;2021-10-01
ID02190;ORIG013;DEST602;854.89;2023-06-02
ID02191;ORIG009;DEST402;366.70;2023-12-17
ID02192;ORIG008;DEST796;492.72;2023-06-13
ID02193;ORIG011;DEST453;40.94;2024-10-28
ID02194;ORIG006;DEST843;777.73;2020-12-04
ID02195;ORIG003;DEST718;601.24;2024-03-13
ID02196;ORIG018;DEST648;392.96;2023-09-19
ID02197;ORIG018;DEST057;605.17;2023-08-11
ID02198;ORIG018;DEST635;443.53;2022-02-02
ID02199;ORIG019;DEST875;145.24;2020-03-12
ID02200;ORIG013;DEST819;914.96;2024-03-20
ID01333;ORIG008;DEST597;930.03;2023-01-02
ID02202;ORIG008;DEST172;125.56;2024-12-14
ID02203;ORIG000;DEST678;335.89;2024-05-09
ID02204;ORIG007;DEST562;933.28;2023-04-26
ID00880;ORIG016;DEST241;226.27;2023-09-11
ID00475;ORIG038;DEST992;629.69;2024-09-07
ID02207;ORIG002;DEST290;181.32;2022-12-27
ID02208;ORIG024;DEST166;362.95;2020-03-27
ID02209;ORIG098;DEST500;264.52;2024-10-06
ID01822;ORIG010;DEST661;798.86;2023-03-06
ID02211;ORIG058;DEST795;617.44;2024-03-20
ID02212;ORIG016;DEST307;755.05;2020-02-22
ID02213;ORIG073;DEST266;804.03;2021-04-04
ID02214;ORIG006;DEST397;35.95;2022-07-19
ID02215;ORIG012;DEST513;40.54;2022-06-01
ID02216;ORIG054;DEST116;960.09;2021-05-09
ID02217;ORIG015;DEST525;992.78;2021-04-16
ID02218;ORIG014;DEST399;453.00;2020-03-22
ID02219;ORIG029;DEST408;743.01;2024-05-13
ID02220;ORIG015;DEST725;359.81;2024-04-28
ID00630;ORIG010;DEST406;495.65;2024-09-10
ID02222;ORIG000;DEST843;740.37;2020-02-15
ID02223;ORIG015;DEST774;415.91;2021-07-24
ID02224;ORIG099;DEST776;258.93;2023-01-09
ID02225;ORIG043;DEST903;359.22;2023-04-18
ID01830;ORIG020;DEST563;338.86;2021-06-22
ID02227;ORIG085;DEST470;633.62;2020-05-24
ID02228;ORIG011;DEST829;296.36;2020-12-27
ID02229;ORIG067;DEST585;346.90;2024-02-28
ID02230;ORIG016;DEST547;378.74;2024-02-12
ID02231;ORIG013;DEST553;450.65;2024-02-11
ID02232;ORIG003;DEST462;198.77;2021-07-24
ID02233;ORIG016;DEST957;162.47;2022-11-26
ID02234;ORIG004;DEST096;340.97;2024-04-09
ID02235;ORIG052;DEST915;428.73;2022-01-04
ID02236;ORIG006;DEST474;827.30;2021-10-21
ID02237;ORIG010;DEST604;45.62;2023-09-15
ID02238;ORIG009;DEST989;186.51;2024-04-24
ID02239;ORIG001;DEST402;548.10;2022-05-09
ID02240;ORIG016;DEST813;976.98;2021-05-03
ID02241;ORIG010;DEST496;996.02;2022-06-14
ID02242;ORIG003;DEST979;217.84;2022-09-21
ID02243;ORIG043;DEST239;574.55;2021-07-19
ID02244;ORIG056;DEST732;801.50;2021-09-11
ID02245;ORIG017;DEST213;253.79;2020-10-16
ID02246;ORIG004;DEST462;144.96;2020-10-14
ID02247;ORIG006;DEST737;832.34;2021-03-05
ID02248;ORIG012;DEST210;574.79;2022-04-15
ID02249;ORIG004;DEST227;102.56;2021-04-22
ID02250;ORIG015;DEST651;574.05;2022-02-07
ID01257;ORIG058;DEST472;870.80;2020-11-17
ID01993;ORIG004;DEST542;20.92;2021-04-28
ID02253;ORIG005;DEST408;420.55;2024-02-13
ID02254;ORIG010;DEST352;289.39;2023-10-19
ID02255;ORIG012;DEST194;447.97;2021-11-10
ID02256;ORIG011;DEST809;720.58;2024-03-10
ID02257;ORIG018;DEST396;593.84;2021-01-24
ID02258;ORIG010;DEST711;370.69;2023-08-16
ID02259;ORIG016;DEST707;86.66;2022-05-07
ID02260;ORIG005;DEST440;429.39;2021-01-16
ID02261;ORIG042;DEST829;635.42;2022-09-22
ID02262;ORIG004;DEST107;979.45;2021-09-10
ID02263;ORIG011;DEST961;402.91;2020-06-03
ID02264;ORIG014;DEST474;81.25;2023-01-15
ID02265;ORIG019;DEST819;54.90;2021-03-24
ID00176;ORIG010;DEST914;686.72;2023-06-01
ID02267;ORIG012;DEST412;370.74;2020-06-10
ID01688;ORIG013;DEST484;870.73;2020-08-21
ID01999;ORIG025;DEST940;936.55;2021-10-23
ID02270;ORIG004;DEST192;201.03;2023-07-26
ID02271;ORIG004;DEST344;92.67;2023-03-02
ID02272;ORIG002;DEST765;453.33;2020-08-12
ID02273;ORIG004;DEST550;456.87;2021-01-28
ID02274;ORIG014;DEST083;360.45;2022-11-04
ID02275;ORIG014;DEST447;467.56;2024-09-21
ID02276;ORIG079;DEST407;166.34;2024-11-27
ID00708;ORIG002;DEST773;345.19;2021-03-02
ID02278;ORIG015;DEST225;93.03;2020-10-11
ID02279;ORIG004;DEST545;232.93;2020-07-24
ID02280;ORIG061;DEST858;462.81;2022-05-25
ID02281;ORIG029;DEST871;836.40;2022-04-28
ID02282;ORIG010;DEST377;628.89;2023-10-03
ID02283;ORIG099;DEST615;200.22;2021-10-26
ID02284;ORIG034;DEST997;919.39;2020-10-03
ID02285;ORIG011;DEST239;714.16;2021-12-02
ID02286;ORIG015;DEST335;454.40;2021-06-18
ID02287;ORIG016;DEST625;379.72;2023-02-11
ID02288;ORIG049;DEST318;736.42;2021-05-27
ID02289;ORIG015;DEST414;257.53;2022-11-12
ID02290;ORIG018;DEST942;736.46;2024-09-08
ID02291;ORIG006;DEST359;623.67;2022-04-09
ID02292;ORIG095;DEST713;711.30;2024-05-28
ID02293;ORIG014;DEST683;109.74;2021-12-09
ID02294;ORIG006;DEST264;113.74;2022-03-23
ID00629;ORIG090;DEST799;443.23;2022-03-26
ID02296;ORIG011;DEST388;499.51;2020-11-14
ID02297;ORIG011;DEST511;529.60;2021-05-02
ID02298;ORIG011;DEST217;789.74;2020-11-20
ID02299;ORIG003;DEST784;118.20;2022-09-05
ID02300;ORIG049;DEST594;162.57;2021-09-13
ID02301;ORIG001;DEST114;323.69;2021-06-15
ID01413;ORIG006;DEST313;704.87;2023-03-18
ID02303;ORIG017;DEST785;962.37;2023-10-01
ID02304;ORIG007;DEST076;643.56;2023-10-23
ID02305;ORIG095;DEST972;80.72;2022-01-19
ID02306;ORIG035;DEST352;87.27;2022-08-09
ID02307;ORIG029;DEST657;917.37;2021-12-20
ID00560;ORIG013;DEST308;420.95;2020-09-04
ID02309;ORIG020;DEST955;84.60;2021-08-19
ID02310;ORIG005;DEST965;344.08;2021-06-17
ID00497;ORIG003;DEST811;601.36;2021-01-01
ID02312;ORIG012;DEST334;479.12;2021-05-27
ID02313;ORIG017;DEST376;924.68;2024-03-08
ID02314;ORIG015;DEST095;72.46;2021-09-04
ID02315;ORIG017;DEST748;233.02;2024-12-16
ID02316;ORIG006;DEST850;973.06;2024-08-22
ID02317;ORIG006;DEST416;699.90;2022-01-22
ID02318;ORIG011;DEST439;923.59;2020-11-11
ID02319;ORIG006;DEST265;118.69;2021-01-13
ID02320;ORIG005;DEST746;239.41;2024-04-20
ID02321;ORIG014;DEST543;996.73;2024-02-06
ID00783;ORIG067;DEST265;686.63;2020-10-16
ID02323;ORIG017;DEST570;474.13;2020-05-19
ID02324;ORIG016;DEST006;726.85;2020-12-22
ID00025;ORIG012;DEST925;52.40;2020-06-25
ID02326;ORIG006;DEST549;688.81;2023-07-18
ID02327;ORIG013;DEST692;552.10;2022-08-15
ID02328;ORIG019;DEST089;471.40;2023-02-10
ID02329;ORIG016;DEST929;895.91;2020-03-21
ID02330;ORIG011;DEST901;699.21;2022-04-01
ID02331;ORIG013;DEST412;44.94;2022-11-24
ID02332;ORIG006;DEST201;915.79;2022-04-13
ID02333;ORIG011;DEST787;145.05;2024-01-17
ID02334;ORIG014;DEST922;225.69;2024-01-05
ID02335;ORIG012;DEST245;813.04;2020-07-24
ID02336;ORIG016;DEST583;712.24;2021-09-08
ID02337;ORIG016;DEST017;101.89;2021-06-02
ID00200;ORIG008;DEST694;570.27;2022-10-19
ID02339;ORIG040;DEST902;689.87;2023-10-23
ID02340;ORIG074;DEST318;796.44;2023-06-06
ID02341;ORIG001;DEST432;782.51;2024-08-25
ID02342;ORIG011;DEST248;349.22;2023-02-22
ID02343;ORIG004;DEST606;880.44;2021-02-07
ID00493;ORIG006;DEST525;377.14;2020-05-28
ID02345;ORIG075;DEST661;341.64;2024-09-24
ID02318;ORIG013;DEST055;377.47;2020-05-15
ID02347;ORIG009;DEST031;252.43;2020-01-06
ID02348;ORIG009;DEST559;698.62;2024-09-23
ID02349;ORIG006;DEST537;922.17;2020-06-25
ID00717;ORIG017;DEST184;270.12;2020-04-25
ID02351;ORIG007;DEST247;840.47;2022-12-24
ID02352;ORIG029;DEST684;345.19;2021-12-23
ID02353;ORIG004;DEST360;998.75;2022-02-13
ID02354;ORIG017;DEST857;801.01;2021-09-17
ID02355;ORIG013;DEST672;489.94;2022-06-18
ID02356;ORIG007;DEST548;498.89;2021-10-03
ID02357;ORIG002;DEST657;83.00;2022-07-03
ID02358;ORIG019;DEST019;484.65;2024-01-28
ID02359;ORIG011;DEST128;438.96;2022-08-10
ID02360;ORIG013;DEST786;88.37;2022-01-19
ID00634;ORIG006;DEST865;385.30;2024-11-07
ID02362;ORIG079;DEST633;219.02;2022-01-06
ID02363;ORIG005;DEST721;821.30;2024-12-23
ID02364;ORIG056;DEST942;214.41;2024-10-16
ID02365;ORIG002;DEST607;611.78;2022-05-06
ID02366;ORIG017;DEST010;367.91;2023-01-08
ID02367;ORIG004;DEST390;440.51;2022-02-17
ID02368;ORIG014;DEST571;247.13;2022-05-21
ID02369;ORIG005;DEST386;855.47;2020-03-04
ID02370;ORIG031;DEST782;360.42;2020-04-21
ID02371;ORIG013;DEST996;508.57;2024-05-02
ID02372;ORIG000;DEST315;432.32;2024-05-28
ID02373;ORIG004;DEST482;942.92;2021-08-27
ID00042;ORIG064;DEST232;210.78;2023-10-08
ID02375;ORIG016;DEST155;666.70;2021-08-24
ID02376;ORIG007;DEST997;24.30;2021-10-08
ID02377;ORIG007;DEST081;846.11;2020-02-21
ID02378;ORIG013;DEST435;493.66;2022-09-08
ID02379;ORIG014;DEST325;895.82;2023-08-02
ID00747;ORIG017;DEST410;98.59;2021-10-21
ID00239;ORIG000;DEST546;779.99;2020-10-27
ID02382;ORIG008;DEST226;658.37;2024-06-13
ID02383;ORIG003;DEST794;92.92;2020-10-15
ID02384;ORIG008;DEST063;886.90;2021-05-19
ID02385;ORIG007;DEST860;916.28;2020-05-11
ID02386;ORIG090;DEST701;521.51;2024-09-10
ID02387;ORIG017;DEST851;216.74;2020-04-18
ID02388;ORIG005;DEST905;506.59;2020-10-14
ID02389;ORIG002;DEST062;72.86;2021-12-07
ID02390;ORIG032;DEST097;350.95;2020-02-07
ID02391;ORIG003;DEST356;458.73;2022-08-09
ID01595;ORIG073;DEST448;57.74;2021-05-17
ID02393;ORIG001;DEST565;183.80;2020-12-25
ID02394;ORIG093;DEST439;200.11;2024-01-20
ID02395;ORIG039;DEST031;566.98;2024-07-01
ID02396;ORIG017;DEST305;620.92;2024-06-20
ID02397;ORIG009;DEST283;533.72;2024-03-27
ID02398;ORIG054;DEST632;650.97;2021-07-14
ID02399;ORIG015;DEST264;762.96;2022-04-04
ID02400;ORIG013;DEST790;82.17;2020-03-19
ID02401;ORIG010;DEST663;107.65;2021-11-17
ID02402;ORIG014;DEST177;561.84;2021-01-28
ID02403;ORIG015;DEST069;131.15;2021-04-20
ID02404;ORIG016;DEST954;466.11;2021-05-06
ID02405;ORIG010;DEST372;508.64;2021-06-05
ID02406;ORIG011;DEST406;525.60;2021-03-06
ID02407;ORIG018;DEST184;793.90;2024-05-24
ID02408;ORIG017;DEST545;949.46;2021-05-09
ID02409;ORIG015;DEST302;990.09;2022-08-21
ID02410;ORIG007;DEST625;360.62;2024-04-01
ID02411;ORIG006;DEST926;70.53;2020-11-24
ID02412;ORIG018;DEST091;963.41;2020-10-07
ID00106;ORIG008;DEST249;330.32;2022-09-07
ID02414;ORIG011;DEST277;432.22;2024-04-17
ID02415;ORIG000;DEST869;286.04;2024-05-26
ID02416;ORIG016;DEST477;949.88;2020-11-12
ID02417;ORIG017;DEST248;514.34;2023-12-09
ID02013;ORIG006;DEST709;769.20;2022-02-09
ID02419;ORIG016;DEST963;237.69;2022-05-06
ID02420;ORIG003;DEST513;977.61;2023-03-10
ID02421;ORIG062;DEST477;522.28;2024-02-21
ID02422;ORIG012;DEST216;245.04;2022-11-16
ID02423;ORIG019;DEST518;369.20;2022-11-09
ID02424;ORIG005;DEST012;489.72;2023-04-14
ID02425;ORIG022;DEST864;798.71;2023-12-03
ID02426;ORIG032;DEST937;735.76;2022-07-05
ID02427;ORIG044;DEST537;72.12;2020-09-18
ID02428;ORIG043;DEST741;680.05;2020-03-17
ID02429;ORIG015;DEST443;556.52;2024-05-23
ID02430;ORIG017;DEST596;255.94;2023-01-09
ID02431;ORIG013;DEST318;781.51;2024-04-08
ID02432;ORIG018;DEST177;841.92;2022-07-17
ID02433;ORIG003;DEST398;54.85;2020-03-18
ID02434;ORIG018;DEST618;136.26;2021-04-17
ID02435;ORIG010;DEST249;242.22;2022-09-02
ID02436;ORIG001;DEST245;402.27;2021-05-11
ID02437;ORIG000;DEST735;582.26;2024-01-09
ID02438;ORIG015;DEST181;326.75;2021-01-21
ID02439;ORIG008;DEST467;926.95;2022-04-13
ID02440;ORIG045;DEST522;672.51;2022-04-24
ID00228;ORIG017;DEST063;30.50;2020-06-18
ID00225;ORIG010;DEST435;946.90;2020-02-11
ID02443;ORIG018;DEST433;537.70;2023-09-10
ID00473;ORIG012;DEST219;680.01;2023-07-08
ID00652;ORIG020;DEST292;405.11;2021-02-23
ID02446;ORIG016;DEST479;171.70;2020-06-12
ID02447;ORIG013;DEST317;902.17;2022-04-16
ID02448;ORIG013;DEST206;340.91;2023-04-09
ID02449;ORIG005;DEST748;515.98;2021-12-22
ID02450;ORIG012;DEST260;273.01;2022-09-22
ID02451;ORIG001;DEST282;744.94;2020-01-02
ID02452;ORIG005;DEST444;902.69;2020-01-15
ID02453;ORIG013;DEST319;277.47;2021-08-18
ID02454;ORIG009;DEST606;971.79;2023-06-05
ID02455;ORIG013;DEST528;705.09;2021-08-24
ID02456;ORIG092;DEST816;472.65;2022-11-18
ID01695;ORIG006;DEST803;669.13;2024-07-01
ID02458;ORIG080;DEST500;542.47;2020-08-27
ID02459;ORIG064;DEST786;969.46;2023-08-24
ID02460;ORIG004;DEST112;35.01;2021-03-20
ID02461;ORIG006;DEST617;388.92;2020-11-09
ID01345;ORIG003;DEST093;306.59;2023-08-08
ID02055;ORIG031;DEST514;967.16;2023-02-05
ID02464;ORIG010;DEST211;915.41;2023-06-19
ID02465;ORIG019;DEST072;885.86;2024-02-18
ID02466;ORIG014;DEST695;985.06;2023-02-25
ID02467;ORIG038;DEST136;742.59;2020-02-26
ID02468;ORIG001;DEST285;865.97;2021-02-06
ID02469;ORIG008;DEST922;381.51;2023-12-12
ID02470;ORIG015;DEST799;372.52;2024-12-23
ID02471;ORIG003;DEST424;854.34;2023-10-01
ID02472;ORIG010;DEST795;22.11;2024-09-14
ID02473;ORIG093;DEST801;169.17;2023-10-05
ID02474;ORIG007;DEST259;681.00;2021-04-07
ID02475;ORIG009;DEST518;760.62;2024-10-20
ID02476;ORIG043;DEST661;774.35;2021-04-04
ID01909;ORIG008;DEST126;917.80;2022-06-15
ID02478;ORIG016;DEST295;462.65;2023-01-22
ID02479;ORIG018;DEST155;369.24;2023-08-05
ID02480;ORIG015;DEST598;839.49;2024-04-18
ID02481;ORIG019;DEST557;423.15;2024-06-18
ID00453;ORIG066;DEST241;209.60;2022-03-03
ID02483;ORIG081;DEST904;233.68;2021-11-15
ID02484;ORIG014;DEST709;485.71;2023-03-18
ID02485;ORIG004;DEST892;163.69;2024-07-03
ID02486;ORIG002;DEST824;610.34;2022-10-01
ID02487;ORIG015;DEST069;318.53;2021-02-13
ID02488;ORIG019;DEST559;390.05;2021-05-04
ID02489;ORIG004;DEST007;821.20;2023-10-07
ID02490;ORIG009;DEST475;731.73;2021-07-21
ID02491;ORIG005;DEST516;886.01;2023-08-20
ID02492;ORIG018;DEST342;862.27;2022-05-05
ID02493;ORIG063;DEST548;704.23;2023-10-01
ID02494;ORIG001;DEST619;613.28;2020-03-11
ID02495;ORIG006;DEST094;905.27;2020-09-28
ID02496;ORIG012;DEST513;115.34;2020-02-01
ID02497;ORIG002;DEST583;803.08;2021-11-01
ID02498;ORIG003;DEST267;703.44;2023-04-12
ID02446;ORIG004;DEST550;362.48;2022-11-20
ID02500;ORIG017;DEST395;347.33;2022-11-06
ID02501;ORIG012;DEST882;908.87;2020-11-04
ID02502;ORIG030;DEST383;57.76;2021-05-19
ID02503;ORIG006;DEST662;261.13;2024-04-11
ID02504;ORIG018;DEST893;150.92;2020-07-21
ID02505;ORIG009;DEST015;823.65;2023-05-11
ID02469;ORIG017;DEST884;397.36;2024-01-28
ID02507;ORIG008;DEST501;183.40;2023-04-23
ID02508;ORIG076;DEST066;703.12;2022-05-25
ID02509;ORIG012;DEST006;11.53;2020-08-04
ID02510;ORIG015;DEST896;88.57;2024-06-16
ID02511;ORIG003;DEST544;839.12;2024-04-13
ID02512;ORIG016;DEST624;756.36;2023-07-08
ID02513;ORIG019;DEST053;364.99;2022-06-13
ID02514;ORIG021;DEST262;161.43;2023-03-23
ID02515;ORIG001;DEST494;226.88;2024-05-24
ID02516;ORIG019;DEST552;268.25;2022-03-03
ID02517;ORIG009;DEST356;857.49;2021-10-09
ID02518;ORIG012;DEST749;733.50;2023-01-06
ID02519;ORIG001;DEST479;859.87;2023-09-05
ID02520;ORIG060;DEST665;493.25;2023-03-14
ID02521;ORIG042;DEST079;492.30;2022-07-02
ID02522;ORIG004;DEST739;838.00;2021-07-14
ID02523;ORIG013;DEST754;509.96;2022-06-05
ID01293;ORIG018;DEST174;44.12;2022-04-11
ID01258;ORIG009;DEST237;719.06;2020-08-17
ID02526;ORIG018;DEST947;305.31;2023-07-03
ID02527;ORIG010;DEST340;839.07;2020-02-19
ID02528;ORIG012;DEST312;24.75;2021-02-04
ID02529;ORIG012;DEST153;298.72;2024-08-02
ID02530;ORIG008;DEST206;269.31;2023-01-04
ID02531;ORIG011;DEST438;855.46;2022-09-22
ID02532;ORIG049;DEST468;957.56;2020-06-17
ID02533;ORIG014;DEST104;28.97;2020-05-04
ID02534;ORIG017;DEST324;534.68;2021-12-27
ID02535;ORIG083;DEST641;993.01;2020-06-17
ID02536;ORIG002;DEST241;72.70;2022-11-16
ID02537;ORIG004;DEST333;396.19;2022-06-20
ID02538;ORIG007;DEST901;222.20;2020-09-21
ID02539;ORIG049;DEST947;835.29;2023-09-13
ID02540;ORIG016;DEST875;416.77;2020-09-05
ID02541;ORIG008;DEST890;845.90;2020-03-25
ID02542;ORIG055;DEST877;206.28;2020-02-25
ID02543;ORIG019;DEST436;462.73;2022-05-16
ID02544;ORIG009;DEST610;829.85;2021-05-20
ID02545;ORIG080;DEST605;748.31;2022-09-15
ID02546;ORIG019;DEST092;250.58;2023-10-23
ID02547;ORIG003;DEST009;811.54;2024-08-18
ID02548;ORIG016;DEST114;734.28;2023-12-10
ID02549;ORIG016;DEST303;421.94;2024-06-07
ID02550;ORIG024;DEST625;397.24;2022-08-20
ID02551;ORIG011;DEST751;107.28;2023-06-07
ID02552;ORIG082;DEST850;306.31;2023-04-10
ID02553;ORIG013;DEST726;362.87;2020-06-04
ID02554;ORIG009;DEST700;32.49;2024-01-17
ID02555;ORIG010;DEST651;202.09;2021-10-12
ID02556;ORIG001;DEST675;375.92;2021-08-09
ID02557;ORIG015;DEST091;638.05;2022-01-14
ID00627;ORIG008;DEST631;485.16;2024-04-20
ID02559;ORIG097;DEST422;984.05;2022-04-10
ID02560;ORIG014;DEST701;345.23;2022-12-19
ID02561;ORIG018;DEST772;905.33;2021-01-01
ID02562;ORIG006;DEST377;234.04;2023-02-08
ID02563;ORIG012;DEST942;267.70;2021-05-20
ID02564;ORIG038;DEST531;454.41;2020-06-14
ID02565;ORIG001;DEST637;172.77;2022-03-27
ID02566;ORIG009;DEST927;599.56;2022-08-11
ID02567;ORIG004;DEST860;214.30;2020-05-19
ID02568;ORIG012;DEST153;793.94;2020-03-20
ID02569;ORIG011;DEST111;291.95;2020-03-19
ID02570;ORIG006;DEST748;530.68;2024-09-05
ID02571;ORIG003;DEST987;733.55;2021-04-13
ID01874;ORIG006;DEST662;165.65;2022-04-05
ID02573;ORIG010;DEST057;534.53;2021-06-25
ID02574;ORIG003;DEST226;557.16;2022-04-13
ID02575;ORIG011;DEST625;872.75;2023-07-17
ID02576;ORIG005;DEST064;743.52;2022-01-07
ID02577;ORIG079;DEST527;906.41;2021-12-13
ID02578;ORIG015;DEST645;927.59;2022-11-24
ID02579;ORIG004;DEST004;135.28;2021-01-18
ID02580;ORIG016;DEST010;795.12;2020-10-28
ID01865;ORIG010;DEST741;986.46;2024-05-05
ID02582;ORIG001;DEST608;318.16;2022-09-18
ID02583;ORIG098;DEST129;535.56;2021-05-11
ID02584;ORIG011;DEST346;172.27;2020-06-27
ID02585;ORIG014;DEST224;520.08;2022-03-15
ID02586;ORIG019;DEST905;667.20;2022-08-18
ID02587;ORIG041;DEST012;841.56;2021-08-02
ID02588;ORIG015;DEST879;483.32;2022-12-07
ID02589;ORIG019;DEST458;460.66;2020-01-16
ID02590;ORIG012;DEST671;543.38;2021-04-15
ID02591;ORIG000;DEST440;347.27;2024-09-27
ID02592;ORIG003;DEST179;35.18;2023-10-02
ID02593;ORIG013;DEST425;633.54;2020-10-05
ID02594;ORIG000;DEST082;123.28;2022-09-02
ID02595;ORIG002;DEST393;680.91;2023-05-19
ID02596;ORIG017;DEST524;736.12;2022-04-12
ID02597;ORIG014;DEST447;554.04;2020-09-05
ID02598;ORIG015;DEST561;312.64;2024-08-20
ID02599;ORIG074;DEST890;727.50;2022-09-14
ID02600;ORIG008;DEST942;282.68;2020-06-12
ID02601;ORIG004;DEST663;749.69;2024-03-22
ID02602;ORIG015;DEST211;209.23;2021-12-08
ID02603;ORIG004;DEST707;326.61;2021-11-06
ID02604;ORIG005;DEST196;768.04;2020-02-17
ID02605;ORIG019;DEST023;335.67;2023-02-24
ID02606;ORIG004;DEST853;692.34;2020-09-01
ID02607;ORIG007;DEST875;621.63;2020-11-17
ID02608;ORIG018;DEST430;759.42;2021-12-24
ID00318;ORIG014;DEST029;564.08;2024-12-10
ID01505;ORIG009;DEST283;917.90;2021-09-11
ID02611;ORIG004;DEST408;204.83;2020-01-11
ID02612;ORIG019;DEST760;841.93;2024-08-17
ID02613;ORIG017;DEST371;605.93;2022-09-12
ID02614;ORIG034;DEST104;900.30;2023-01-02
ID02615;ORIG001;DEST328;125.35;2023-05-09
ID02616;ORIG020;DEST129;278.23;2023-03-07
ID02617;ORIG001;DEST113;364.70;2021-04-02
ID02618;ORIG080;DEST608;894.64;2021-10-17
ID02619;ORIG027;DEST203;895.44;2024-11-19
ID02620;ORIG015;DEST945;419.07;2022-07-11
ID02621;ORIG000;DEST976;930.68;2024-07-22
ID02622;ORIG037;DEST835;437.37;2023-06-04
ID02623;ORIG007;DEST427;852.43;2023-02-17
ID02624;ORIG016;DEST979;855.84;2020-11-06
ID00352;ORIG003;DEST160;194.24;2023-04-24
ID02626;ORIG028;DEST629;255.73;2023-11-26
ID02627;ORIG010;DEST124;927.99;2021-02-16
ID02628;ORIG022;DEST089;38.81;2022-10-25
ID02629;ORIG017;DEST954;911.86;2020-03-11
ID02630;ORIG091;DEST172;640.80;2023-02-20
ID02631;ORIG009;DEST286;681.69;2023-09-09
ID02632;ORIG072;DEST252;499.99;2021-09-23
ID01539;ORIG017;DEST248;806.83;2023-04-07
ID00453;ORIG002;DEST551;848.93;2022-01-27
ID02635;ORIG028;DEST839;158.86;2023-08-02
ID02636;ORIG005;DEST084;905.57;2022-05-22
ID01097;ORIG094;DEST149;672.13;2024-04-18
ID02638;ORIG010;DEST458;983.51;2021-05-26
ID02639;ORIG022;DEST166;834.71;2021-10-20
ID02640;ORIG016;DEST429;404.42;2021-09-03
ID02641;ORIG016;DEST150;922.80;2021-07-12
ID02642;ORIG008;DEST631;868.04;2024-07-08
ID02643;ORIG010;DEST324;670.13;2020-06-21
ID02644;ORIG019;DEST116;251.84;2022-02-14
ID02645;ORIG086;DEST884;80.83;2022-08-16
ID02646;ORIG008;DEST392;552.93;2024-02-17
ID02647;ORIG004;DEST554;10.02;2021-12-16
ID02648;ORIG008;DEST663;867.12;2022-02-13
ID02649;ORIG086;DEST776;619.47;2020-12-28
ID02650;ORIG018;DEST925;309.99;2021-04-21
ID02651;ORIG003;DEST285;546.05;2024-09-21
ID02652;ORIG004;DEST066;297.21;2022-08-04
ID02653;ORIG001;DEST359;832.69;2020-06-21
ID02654;ORIG010;DEST823;649.17;2022-05-16
ID02655;ORIG067;DEST008;499.13;2020-03-09
ID02656;ORIG092;DEST934;960.95;2020-04-14
ID02657;ORIG006;DEST151;285.15;2022-07-09
ID02658;ORIG019;DEST863;308.05;2024-08-20
ID02659;ORIG077;DEST635;79.93;2023-09-15
ID02660;ORIG019;DEST155;46.55;2023-08-28
ID02661;ORIG076;DEST573;320.26;2024-01-09
ID02662;ORIG000;DEST597;984.32;2021-10-13
ID02663;ORIG009;DEST258;644.38;2021-01-25
ID02664;ORIG018;DEST464;933.69;2020-12-23
ID02665;ORIG005;DEST901;126.24;2024-11-12
ID02349;ORIG007;DEST704;380.49;2020-07-19
ID02667;ORIG000;DEST983;164.92;2020-05-08
ID02668;ORIG010;DEST207;540.15;2021-03-01
ID02669;ORIG010;DEST267;409.57;2022-05-01
ID02670;ORIG010;DEST746;507.34;2023-09-10
ID02671;ORIG035;DEST457;712.34;2024-12-17
ID02672;ORIG001;DEST012;550.26;2024-01-09
ID02673;ORIG069;DEST634;366.91;2020-02-01
ID02674;ORIG018;DEST545;850.08;2020-10-02
ID02675;ORIG010;DEST023;733.63;2024-05-19
ID02676;ORIG015;DEST305;937.06;2024-08-01
ID02677;ORIG010;DEST268;55.03;2021-09-11
ID02678;ORIG016;DEST251;158.85;2020-07-12
ID02679;ORIG006;DEST619;692.43;2023-12-11
ID02680;ORIG000;DEST032;947.42;2023-08-04
ID02681;ORIG011;DEST105;629.23;2021-07-16
ID02682;ORIG011;DEST341;280.63;2024-12-02
ID02683;ORIG013;DEST642;283.42;2023-10-02
ID02684;ORIG072;DEST050;463.62;2023-02-21
ID02685;ORIG017;DEST297;744.12;2023-01-23
ID02686;ORIG093;DEST529;75.01;2020-08-06
ID02687;ORIG004;DEST299;296.58;2020-12-16
ID02688;ORIG021;DEST118;448.13;2021-08-04
ID02689;ORIG016;DEST465;855.97;2022-03-10
ID02690;ORIG015;DEST292;559.20;2022-08-20
ID02691;ORIG012;DEST022;133.50;2021-10-04
ID02692;ORIG008;DEST548;177.88;2021-09-18
ID02693;ORIG002;DEST278;906.29;2020-05-22
ID02694;ORIG072;DEST855;953.67;2020-07-20
ID02695;ORIG012;DEST736;358.98;2021-05-14
ID02696;ORIG001;DEST222;559.07;2021-09-23
ID02697;ORIG009;DEST725;401.02;2020-09-04
ID02698;ORIG017;DEST144;743.01;2024-08-21
ID02699;ORIG062;DEST748;74.42;2022-03-09
ID02700;ORIG003;DEST253;287.12;2023-12-09
ID02701;ORIG099;DEST899;502.05;2020-06-15
ID02702;ORIG021;DEST276;532.13;2024-04-23
ID02703;ORIG013;DEST940;471.04;2021-09-21
ID02503;ORIG004;DEST773;441.91;2023-10-16
ID02705;ORIG035;DEST230;648.17;2024-11-25
ID02706;ORIG006;DEST847;108.94;2024-04-20
ID02707;ORIG000;DEST279;670.97;2023-04-18
ID02708;ORIG004;DEST693;514.03;2024-03-18
ID02709;ORIG007;DEST687;237.86;2022-08-04
ID02710;ORIG002;DEST957;611.29;2020-05-23
ID02711;ORIG015;DEST441;655.47;2024-07-08
ID02712;ORIG003;DEST119;373.00;2024-03-23
ID02243;ORIG010;DEST474;564.97;2024-07-17
ID02714;ORIG014;DEST598;967.76;2022-09-23
ID02715;ORIG000;DEST958;735.97;2024-05-28
ID02716;ORIG016;DEST678;661.91;2024-01-12
ID02717;ORIG019;DEST396;825.17;2024-10-26
ID02718;ORIG059;DEST304;730.63;2023-04-25
ID02719;ORIG018;DEST370;460.46;2022-04-03
ID02720;ORIG014;DEST288;881.13;2022-09-20
ID01035;ORIG010;DEST157;447.04;2020-05-23
ID02722;ORIG017;DEST311;429.64;2020-06-26
ID02723;ORIG014;DEST800;342.95;2020-11-04
ID02724;ORIG012;DEST235;814.11;2023-06-01
ID02725;ORIG012;DEST274;281.98;2022-09-22
ID02726;ORIG013;DEST617;467.24;2022-12-04
ID02727;ORIG013;DEST764;17.78;2020-12-14
ID02728;ORIG016;DEST347;747.27;2021-08-16
ID02729;ORIG014;DEST823;933.73;2024-11-09
ID02730;ORIG005;DEST893;100.18;2020-04-13
ID02217;ORIG086;DEST093;933.03;2023-08-22
ID00934;ORIG018;DEST112;859.34;2020-03-11
ID02733;ORIG011;DEST121;446.30;2021-03-14
ID02734;ORIG075;DEST203;437.60;2022-12-18
ID02735;ORIG044;DEST316;149.54;2023-09-07
ID00064;ORIG003;DEST112;777.14;2021-11-27
ID02737;ORIG018;DEST207;65.97;2024-06-10
ID00588;ORIG018;DEST865;201.33;2024-08-24
ID00401;ORIG010;DEST795;567.25;2024-09-21
ID02740;ORIG092;DEST154;820.20;2021-06-17
ID02741;ORIG013;DEST428;716.50;2021-06-28
ID02742;ORIG052;DEST543;898.03;2021-07-14
ID02743;ORIG003;DEST514;307.28;2021-05-01
ID00126;ORIG018;DEST743;23.93;2020-08-15
ID02745;ORIG014;DEST847;589.24;2020-10-22
ID02746;ORIG004;DEST848;547.94;2020-02-05
ID02747;ORIG029;DEST307;499.48;2020-08-26
ID02748;ORIG007;DEST754;24.89;2021-10-04
ID02749;ORIG003;DEST486;113.70;2023-09-10
ID02750;ORIG009;DEST016;849.38;2020-12-03
ID02751;ORIG000;DEST308;265.72;2024-03-16
ID02752;ORIG015;DEST569;457.06;2022-04-20
ID02753;ORIG018;DEST967;876.43;2020-01-25
ID00939;ORIG012;DEST959;103.44;2022-04-20
ID02755;ORIG007;DEST690;995.75;2021-06-27
ID02756;ORIG016;DEST016;500.37;2020-07-10
ID02002;ORIG015;DEST751;817.42;2021-03-18
ID02758;ORIG069;DEST281;93.13;2024-04-07
ID02759;ORIG017;DEST560;898.23;2020-03-09
ID02760;ORIG005;DEST383;76.90;2021-04-22
ID02761;ORIG017;DEST783;338.85;2022-10-02
ID02762;ORIG010;DEST994;674.59;2022-08-28
ID02763;ORIG015;DEST463;89.71;2022-07-16
ID02764;ORIG012;DEST180;40.20;2024-09-11
ID02765;ORIG008;DEST762;992.17;2024-01-12
ID02766;ORIG002;DEST460;207.34;2020-09-26
ID02767;ORIG027;DEST792;343.01;2022-08-15
ID02768;ORIG000;DEST977;317.45;2021-11-08
ID02769;ORIG074;DEST386;530.52;2024-04-27
ID02770;ORIG015;DEST862;206.41;2022-03-13
ID02771;ORIG012;DEST579;492.39;2024-10-26
ID02772;ORIG013;DEST759;976.11;2022-02-19
ID02773;ORIG009;DEST444;118.78;2024-09-15
ID02774;ORIG053;DEST620;432.91;2024-10-16
ID02775;ORIG003;DEST740;888.37;2021-06-18
ID02776;ORIG005;DEST083;370.30;2023-04-24
ID02777;ORIG008;DEST889;411.70;2021-12-24
ID02778;ORIG054;DEST446;657.06;2021-10-14
ID02779;ORIG019;DEST619;907.58;2024-04-01
ID02780;ORIG006;DEST973;214.16;2022-10-05
ID02781;ORIG019;DEST949;319.05;2022-07-11
ID02782;ORIG045;DEST102;15.13;2021-11-15
ID02783;ORIG016;DEST021;670.28;2020-12-18
ID02784;ORIG040;DEST695;980.83;2021-09-24
ID02785;ORIG017;DEST906;639.18;2021-09-04
ID00091;ORIG004;DEST995;414.20;2024-05-28
ID01150;ORIG009;DEST856;320.88;2022-05-11
ID02788;ORIG036;DEST673;408.62;2023-08-25
ID00126;ORIG014;DEST743;478.20;2021-06-01
ID02048;ORIG011;DEST786;509.10;2023-09-21
ID02791;ORIG074;DEST791;504.02;2023-12-25
ID02792;ORIG006;DEST053;171.84;2021-09-18
ID02793;ORIG000;DEST693;607.64;2020-01-13
ID02794;ORIG082;DEST436;696.17;2022-01-17
ID02795;ORIG001;DEST497;907.67;2021-08-24
ID02796;ORIG081;DEST575;796.71;2023-04-20
ID02797;ORIG002;DEST718;358.30;2021-03-05
ID02798;ORIG092;DEST035;554.96;2024-03-01
ID02799;ORIG017;DEST771;875.53;2021-04-19
ID02800;ORIG042;DEST737;670.28;2023-07-17
ID02801;ORIG000;DEST761;730.26;2021-11-14
ID02802;ORIG019;DEST199;673.18;2021-11-28
ID02803;ORIG017;DEST483;193.20;2023-08-27
ID02804;ORIG000;DEST634;940.36;2022-06-18
ID02805;ORIG017;DEST428;196.25;2023-04-11
ID02806;ORIG015;DEST552;713.12;2022-11-25
ID02807;ORIG029;DEST962;131.76;2022-07-21
ID02808;ORIG018;DEST944;453.11;2024-07-13
ID02809;ORIG060;DEST703;948.34;2022-08-21
ID02810;ORIG036;DEST010;679.00;2022-05-14
ID02811;ORIG010;DEST721;293.63;2020-06-03
ID01013;ORIG017;DEST140;286.47;2024-10-21
ID02813;ORIG000;DEST848;862.08;2024-10-03
ID02814;ORIG012;DEST771;925.02;2020-07-10
ID02815;ORIG006;DEST615;127.93;2020-06-14
ID02816;ORIG011;DEST586;404.08;2022-05-28
ID02817;ORIG017;DEST541;62.83;2022-03-15
ID02818;ORIG017;DEST646;126.34;2023-02-13
ID00298;ORIG012;DEST808;899.26;2024-05-22
ID02820;ORIG014;DEST906;111.59;2023-09-28
ID02821;ORIG013;DEST222;787.36;2023-05-17
ID02822;ORIG004;DEST114;628.69;2021-04-11
ID02823;ORIG007;DEST757;714.94;2021-03-01
ID01348;ORIG016;DEST807;752.87;2021-05-17
ID02825;ORIG017;DEST240;521.56;2024-08-03
ID02826;ORIG003;DEST610;134.19;2022-12-14
ID02827;ORIG025;DEST420;60.08;2024-07-18
ID02828;ORIG050;DEST198;32.85;2023-11-06
ID00012;ORIG038;DEST275;343.20;2021-03-04
ID02469;ORIG016;DEST404;933.11;2020-01-18
ID00417;ORIG018;DEST770;665.54;2021-04-21
ID00066;ORIG097;DEST905;820.42;2022-12-14
ID02833;ORIG013;DEST354;807.24;2023-11-13
ID02834;ORIG006;DEST101;278.34;2020-06-01
ID02835;ORIG012;DEST161;297.01;2024-09-20
ID00800;ORIG002;DEST281;847.73;2024-06-25
ID02837;ORIG001;DEST617;924.67;2024-01-04
ID02838;ORIG009;DEST602;484.10;2021-11-07
ID02839;ORIG003;DEST208;86.70;2020-10-01
ID02840;ORIG012;DEST271;193.77;2021-06-08
ID02841;ORIG008;DEST467;824.49;2020-07-28
ID02842;ORIG013;DEST295;196.00;2024-10-04
ID02843;ORIG008;DEST063;584.74;2020-12-04
ID02844;ORIG001;DEST347;996.03;2021-01-09
ID02845;ORIG022;DEST510;164.17;2022-08-18
ID02846;ORIG002;DEST390;365.73;2024-05-27
ID02847;ORIG087;DEST526;794.21;2023-04-03
ID02848;ORIG013;DEST138;851.01;2023-03-20
ID02849;ORIG000;DEST472;523.88;2022-03-16
ID02850;ORIG076;DEST760;77.87;2020-10-11
ID02851;ORIG015;DEST088;192.07;2024-12-08
ID02852;ORIG019;DEST099;822.03;2021-11-08
ID02853;ORIG017;DEST767;320.25;2022-03-19
ID02854;ORIG010;DEST745;393.96;2023-05-23
ID02855;ORIG029;DEST079;981.33;2024-06-04
ID02856;ORIG001;DEST630;430.88;2023-03-18
ID02857;ORIG008;DEST964;707.17;2022-05-07
ID02858;ORIG090;DEST133;513.93;2022-01-26
ID02859;ORIG018;DEST737;695.67;2020-11-26
ID02860;ORIG018;DEST658;990.51;2023-06-16
ID02861;ORIG004;DEST470;728.24;2022-01-09
ID02862;ORIG001;DEST244;948.45;2023-06-08
ID02863;ORIG007;DEST777;491.07;2023-07-17
ID02864;ORIG007;DEST202;689.45;2021-09-15
ID02865;ORIG016;DEST429;609.69;2023-12-18
ID02866;ORIG015;DEST280;710.07;2022-01-15
ID02867;ORIG023;DEST368;244.92;2024-03-15
ID02868;ORIG003;DEST881;885.09;2021-04-26
ID02869;ORIG005;DEST337;617.63;2022-05-26
ID02870;ORIG014;DEST267;449.93;2022-07-05
ID02871;ORIG006;DEST694;533.75;2020-11-18
ID02872;ORIG051;DEST920;538.25;2024-05-23
ID02873;ORIG004;DEST037;11.71;2021-10-03
ID02874;ORIG017;DEST781;643.59;2023-01-22
ID02875;ORIG005;DEST570;133.05;2023-06-26
ID02216;ORIG014;DEST956;690.12;2021-04-24
ID02877;ORIG010;DEST589;301.75;2023-04-11
ID02878;ORIG003;DEST567;60.04;2020-11-15
ID02879;ORIG054;DEST754;567.20;2024-01-15
ID02880;ORIG002;DEST522;395.54;2024-08-25
ID02881;ORIG010;DEST027;600.62;2020-10-16
ID02882;ORIG012;DEST333;401.46;2022-10-27
ID02883;ORIG004;DEST582;750.31;2023-03-11
ID02884;ORIG003;DEST072;298.40;2022-11-16
ID02885;ORIG010;DEST099;278.95;2022-02-23
ID02886;ORIG005;DEST642;433.19;2023-12-13
ID02887;ORIG002;DEST587;40.80;2023-10-24
ID02888;ORIG021;DEST603;784.57;2022-03-06
ID02889;ORIG015;DEST726;71.05;2020-02-07
ID02890;ORIG013;DEST038;728.10;2024-09-20
ID02891;ORIG016;DEST300;952.26;2024-09-22
ID02892;ORIG011;DEST154;666.04;2021-08-27
ID02893;ORIG000;DEST753;273.83;2020-09-16
ID02894;ORIG063;DEST508;33.78;2022-11-20
ID02895;ORIG009;DEST020;305.66;2020-02-02
ID02896;ORIG009;DEST054;437.97;2022-08-01
ID02897;ORIG006;DEST655;325.08;2023-06-17
ID02898;ORIG015;DEST804;324.72;2024-08-07
ID02899;ORIG004;DEST689;427.38;2022-02-24
ID02900;ORIG007;DEST644;502.18;2020-06-01
ID00225;ORIG011;DEST299;904.50;2024-03-03
ID02902;ORIG007;DEST495;907.59;2022-12-17
ID02903;ORIG006;DEST016;236.84;2022-05-25
ID02904;ORIG001;DEST991;317.95;2023-11-23
ID02905;ORIG045;DEST639;497.34;2021-03-16
ID02906;ORIG081;DEST022;995.19;2024-12-23
ID02907;ORIG005;DEST221;665.72;2022-01-13
ID02908;ORIG006;DEST625;362.21;2020-04-02
ID02909;ORIG003;DEST607;521.81;2020-08-04
ID02910;ORIG005;DEST263;615.40;2023-12-04
ID02911;ORIG016;DEST673;751.93;2023-02-19
ID02912;ORIG073;DEST438;466.59;2023-07-13
ID02913;ORIG009;DEST683;625.08;2022-06-24
ID02914;ORIG001;DEST451;108.96;2024-05-06
ID00031;ORIG014;DEST481;599.35;2023-08-14
ID02916;ORIG009;DEST376;919.85;2020-08-20
ID02917;ORIG024;DEST516;408.44;2020-07-15
ID02918;ORIG018;DEST849;688.24;2021-11-19
ID02919;ORIG013;DEST764;524.72;2022-07-23
ID02920;ORIG016;DEST019;983.80;2021-06-27
ID02921;ORIG021;DEST747;954.81;2020-01-26
ID02922;ORIG002;DEST341;257.18;2020-03-21
ID02923;ORIG001;DEST286;635.14;2021-12-04
ID02924;ORIG001;DEST234;848.96;2020-05-25
ID02925;ORIG000;DEST111;956.97;2024-03-01
ID02926;ORIG009;DEST231;893.89;2023-11-06
ID02927;ORIG014;DEST050;392.63;2022-07-14
ID02928;ORIG014;DEST436;323.91;2021-07-16
ID02929;ORIG004;DEST571;278.82;2024-08-03
ID01210;ORIG017;DEST172;61.68;2023-06-17
ID02931;ORIG017;DEST669;125.04;2024-02-26
ID02932;ORIG016;DEST614;752.67;2020-04-19
ID02933;ORIG002;DEST612;527.13;2020-08-14
ID02934;ORIG043;DEST452;236.07;2020-11-16
ID02935;ORIG042;DEST252;473.82;2020-01-17
ID02936;ORIG001;DEST923;481.19;2021-10-18
ID02937;ORIG017;DEST758;603.95;2020-07-16
ID02938;ORIG052;DEST148;845.19;2023-07-15
ID02939;ORIG014;DEST732;190.82;2022-04-12
ID02940;ORIG003;DEST648;468.74;2023-04-24
ID02941;ORIG018;DEST910;599.23;2024-02-23
ID00038;ORIG004;DEST542;212.58;2023-02-26
ID02943;ORIG001;DEST791;835.56;2021-09-15
ID02944;ORIG016;DEST309;340.08;2024-03-17
ID01643;ORIG000;DEST649;320.71;2023-08-22
ID02151;ORIG016;DEST799;605.19;2024-12-09
ID02947;ORIG053;DEST118;589.61;2024-03-27
ID02948;ORIG062;DEST936;220.10;2023-04-17
ID02523;ORIG019;DEST700;865.16;2023-10-09
ID02950;ORIG008;DEST997;72.38;2024-04-15
ID01941;ORIG014;DEST459;72.39;2021-02-11
ID02952;ORIG001;DEST782;294.98;2022-07-16
ID02953;ORIG008;DEST898;30.36;2023-06-10
ID02954;ORIG018;DEST834;496.01;2023-09-12
ID02955;ORIG049;DEST854;618.63;2022-05-24
ID02956;ORIG083;DEST706;713.23;2022-08-15
ID02957;ORIG007;DEST354;184.15;2024-06-27
ID02958;ORIG008;DEST088;460.23;2020-03-20
ID02959;ORIG008;DEST706;123.73;2021-06-12
ID02960;ORIG038;DEST942;845.84;2024-05-24
ID02961;ORIG012;DEST035;569.11;2023-06-16
ID02962;ORIG016;DEST221;632.60;2021-06-28
ID02963;ORIG003;DEST548;661.99;2022-06-03
ID02964;ORIG004;DEST144;211.27;2024-03-28
ID02965;ORIG017;DEST647;276.50;2023-12-27
ID02966;ORIG013;DEST659;682.15;2020-01-08
ID02967;ORIG022;DEST507;204.80;2021-10-13
ID02968;ORIG017;DEST527;601.95;2023-08-21
ID02969;ORIG019;DEST955;868.06;2023-06-06
ID01628;ORIG017;DEST812;872.99;2020-04-18
ID02971;ORIG011;DEST412;275.52;2023-04-10
ID02972;ORIG052;DEST456;894.88;2022-06-03
ID02973;ORIG005;DEST487;436.66;2023-12-27
ID02974;ORIG011;DEST552;325.03;2021-10-11
ID02975;ORIG016;DEST860;768.60;2022-02-26
ID02976;ORIG011;DEST878;956.63;2022-11-08
ID02977;ORIG016;DEST611;930.03;2023-01-05
ID02978;ORIG025;DEST353;914.26;2023-10-17
ID02979;ORIG009;DEST514;508.64;2023-04-15
ID02365;ORIG006;DEST537;145.63;2022-12-26
ID02981;ORIG012;DEST694;333.33;2024-11-28
ID02982;ORIG072;DEST504;640.95;2021-12-04
ID02983;ORIG099;DEST853;926.12;2021-03-12
ID02984;ORIG014;DEST535;204.95;2024-03-19
ID02985;ORIG017;DEST001;366.95;2022-10-22
ID02986;ORIG067;DEST063;878.15;2021-10-09
ID02987;ORIG011;DEST415;18.56;2022-09-12
ID02988;ORIG011;DEST822;809.00;2022-02-07
ID02989;ORIG010;DEST844;417.55;2020-04-14
ID02990;ORIG003;DEST833;720.87;2021-10-14
ID01542;ORIG000;DEST006;141.10;2024-02-06
ID02992;ORIG085;DEST980;79.39;2021-03-15
ID02993;ORIG016;DEST300;447.73;2020-07-10
ID02994;ORIG012;DEST254;810.83;2023-01-26
ID02995;ORIG014;DEST752;507.81;2024-06-13
ID02996;ORIG010;DEST768;45.56;2024-11-18
ID02997;ORIG013;DEST552;528.44;2024-06-19
ID02998;ORIG013;DEST732;554.64;2020-08-21
ID02999;ORIG013;DEST041;214.15;2024-02-13
ID03000;ORIG079;DEST245;754.76;2021-01-04
ID03001;ORIG013;DEST027;734.77;2021-01-27
ID03002;ORIG008;DEST862;126.11;2022-05-01
ID00015;ORIG010;DEST616;377.51;2023-07-19
ID03004;ORIG080;DEST533;421.36;2021-12-08
ID03005;ORIG006;DEST691;377.76;2022-06-13
ID03006;ORIG017;DEST578;848.44;2020-09-15
ID03007;ORIG005;DEST834;539.89;2020-02-18
ID03008;ORIG009;DEST496;921.17;2022-07-27
ID03009;ORIG009;DEST026;370.46;2022-10-04
ID03010;ORIG005;DEST487;510.31;2020-07-07
ID03011;ORIG010;DEST970;716.05;2021-02-28
ID03012;ORIG010;DEST806;254.18;2020-02-09
ID03013;ORIG028;DEST862;783.68;2021-05-06
ID03014;ORIG008;DEST889;202.94;2024-03-04
ID03015;ORIG018;DEST123;237.32;2020-11-12
ID03016;ORIG006;DEST291;808.20;2022-04-05
ID03017;ORIG033;DEST774;511.89;2021-02-16
ID03018;ORIG014;DEST721;888.11;2022-10-02
ID03019;ORIG008;DEST618;628.09;2020-06-27
ID03020;ORIG015;DEST494;126.92;2021-12-28
ID03021;ORIG016;DEST663;361.84;2023-01-19
ID03022;ORIG002;DEST987;389.59;2020-04-04
ID03023;ORIG003;DEST166;232.19;2022-04-02
ID03024;ORIG004;DEST200;998.52;2021-02-02
ID03025;ORIG020;DEST073;941.19;2023-04-05
ID03026;ORIG005;DEST014;987.70;2021-12-06
ID03027;ORIG008;DEST119;749.49;2023-04-25
ID03028;ORIG007;DEST299;89.95;2021-07-05
ID03029;ORIG003;DEST515;243.87;2023-09-02
ID03030;ORIG012;DEST968;514.95;2023-02-11
ID03031;ORIG084;DEST255;834.52;2023-04-14
ID03032;ORIG041;DEST082;80.73;2024-11-13
ID03033;ORIG009;DEST021;737.07;2022-06-25
ID03034;ORIG003;DEST235;320.27;2022-07-07
ID00267;ORIG010;DEST974;775.28;2024-11-04
ID03036;ORIG019;DEST680;899.89;2024-03-04
ID03037;ORIG001;DEST073;37.60;2024-04-24
ID03038;ORIG016;DEST504;378.04;2022-06-05
ID03039;ORIG043;DEST099;820.32;2020-04-17
ID03040;ORIG010;DEST779;91.93;2023-03-12
ID03041;ORIG002;DEST142;624.35;2024-06-13
ID03042;ORIG010;DEST749;22.34;2022-04-24
ID03043;ORIG008;DEST037;884.47;2022-01-22
ID03044;ORIG000;DEST762;649.09;2024-02-10
ID03045;ORIG065;DEST755;106.08;2021-04-19
ID03046;ORIG015;DEST139;262.91;2023-05-11
ID03047;ORIG036;DEST852;790.76;2024-05-10
ID02597;ORIG076;DEST988;19.76;2023-09-17
ID03049;ORIG017;DEST105;322.17;2021-11-08
ID03050;ORIG010;DEST743;472.30;2024-03-12
ID03051;ORIG005;DEST773;197.04;2024-01-17
ID03052;ORIG000;DEST877;259.69;2020-04-01
ID03053;ORIG014;DEST396;737.24;2022-09-23
ID03010;ORIG010;DEST652;528.31;2020-03-17
ID01923;ORIG015;DEST810;323.21;2021-10-20
ID03056;ORIG012;DEST844;818.51;2021-01-11
ID03057;ORIG003;DEST344;349.34;2020-06-19
ID03058;ORIG005;DEST724;682.17;2024-12-25
ID03059;ORIG016;DEST665;405.14;2021-11-25
ID03060;ORIG099;DEST163;199.43;2023-02-08
ID03061;ORIG005;DEST595;585.98;2020-05-01
ID03062;ORIG012;DEST493;266.74;2020-01-03
ID03032;ORIG010;DEST822;567.38;2024-03-08
ID03064;ORIG001;DEST516;144.72;2021-06-15
ID03065;ORIG012;DEST977;35.81;2021-03-17
ID03066;ORIG014;DEST499;780.72;2021-06-23
ID03067;ORIG005;DEST607;376.74;2024-10-04
ID03068;ORIG004;DEST471;230.91;2020-01-23
ID03069;ORIG003;DEST648;249.88;2024-03-06
ID02555;ORIG010;DEST430;307.52;2021-07-03
ID03071;ORIG039;DEST457;715.50;2023-04-20
ID03072;ORIG014;DEST007;998.25;2020-02-24
ID03073;ORIG000;DEST713;749.35;2020-10-21
ID03074;ORIG004;DEST318;298.57;2023-05-07
ID03075;ORIG074;DEST503;732.16;2022-04-10
ID03076;ORIG035;DEST794;814.11;2021-05-05
ID03077;ORIG013;DEST283;107.19;2022-07-07
ID03078;ORIG018;DEST359;13.13;2023-02-13
ID03079;ORIG017;DEST342;742.02;2023-01-03
ID02412;ORIG008;DEST050;547.11;2023-10-25
ID03081;ORIG001;DEST500;965.00;2023-11-16
ID00258;ORIG015;DEST669;905.92;2021-05-21
ID03083;ORIG014;DEST577;688.79;2021-03-28
ID03084;ORIG008;DEST529;658.28;2023-12-14
ID03085;ORIG093;DEST969;637.37;2023-07-08
ID02821;ORIG010;DEST855;262.80;2023-04-20
ID03087;ORIG000;DEST887;361.79;2020-06-08
ID03088;ORIG015;DEST674;597.70;2021-05-03
ID03089;ORIG014;DEST750;609.77;2021-11-06
ID00239;ORIG007;DEST116;25.93;2022-01-09
ID03091;ORIG009;DEST200;991.42;2023-10-15
ID03092;ORIG098;DEST848;62.15;2022-10-25
ID03093;ORIG004;DEST561;317.09;2024-10-28
ID03094;ORIG016;DEST509;445.51;2024-05-25
ID03095;ORIG018;DEST313;640.93;2024-03-23
ID03096;ORIG005;DEST455;991.63;2024-02-18
ID00800;ORIG011;DEST945;161.61;2023-12-09
ID03098;ORIG002;DEST466;469.89;2022-10-27
ID03099;ORIG016;DEST003;400.49;2021-01-16
ID03100;ORIG003;DEST544;681.29;2023-12-20
ID03101;ORIG017;DEST140;981.40;2022-01-09
ID03102;ORIG069;DEST462;127.68;2022-10-24
ID03103;ORIG010;DEST296;684.37;2023-06-19
ID02740;ORIG006;DEST840;428.21;2024-02-04
ID03105;ORIG027;DEST892;788.52;2020-01-19
ID03106;ORIG099;DEST894;778.54;2023-01-11
ID03107;ORIG013;DEST950;447.84;2022-11-28
ID03108;ORIG010;DEST210;32.63;2020-02-17
ID03109;ORIG075;DEST310;11.96;2024-02-01
ID03110;ORIG006;DEST235;273.64;2020-03-26
ID03111;ORIG011;DEST884;796.99;2023-03-16
ID02745;ORIG018;DEST795;436.30;2024-06-28
ID03113;ORIG095;DEST571;983.86;2022-06-10
ID03114;ORIG008;DEST167;486.47;2020-11-09
ID03115;ORIG015;DEST510;940.92;2024-01-27
ID03116;ORIG004;DEST038;969.77;2022-12-20
ID03117;ORIG013;DEST586;318.60;2023-11-25
ID03118;ORIG016;DEST238;664.19;2022-11-21
ID00590;ORIG009;DEST772;608.59;2022-08-18
ID03120;ORIG058;DEST548;628.99;2023-11-13
ID03121;ORIG005;DEST862;491.48;2021-01-07
ID03122;ORIG083;DEST267;471.09;2023-02-26
ID02328;ORIG008;DEST494;173.00;2024-09-09
ID03124;ORIG016;DEST366;61.26;2023-10-07
ID00249;ORIG015;DEST567;564.80;2023-02-24
ID03126;ORIG013;DEST815;344.15;2020-12-22
ID03127;ORIG010;DEST859;117.03;2021-07-28
ID03128;ORIG017;DEST263;89.42;2021-05-14
ID03129;ORIG014;DEST086;593.11;2020-04-28
ID03130;ORIG010;DEST953;944.94;2020-08-17
ID03131;ORIG002;DEST277;999.85;2024-01-08
ID00939;ORIG015;DEST186;672.68;2024-02-26
ID03133;ORIG005;DEST879;306.37;2021-12-01
ID03134;ORIG000;DEST634;536.94;2022-09-01
ID03135;ORIG018;DEST448;246.40;2021-01-12
ID03136;ORIG019;DEST571;112.06;2020-09-10
ID03137;ORIG016;DEST663;183.58;2023-12-25
ID03138;ORIG006;DEST130;696.13;2022-11-09
ID03139;ORIG018;DEST663;711.69;2021-09-23
ID03140;ORIG009;DEST555;351.00;2024-03-19
ID00369;ORIG018;DEST134;788.69;2021-06-25
ID03142;ORIG007;DEST534;590.68;2022-07-26
ID03143;ORIG017;DEST874;252.30;2020-11-14
ID01844;ORIG028;DEST271;273.30;2021-05-05
ID03145;ORIG001;DEST263;618.67;2020-06-11
ID00027;ORIG043;DEST236;610.83;2023-05-10
ID03147;ORIG054;DEST342;959.66;2023-02-11
ID03148;ORIG003;DEST008;10.50;2022-02-23
ID01239;ORIG003;DEST527;979.42;2023-04-24
ID03150;ORIG015;DEST665;882.25;2022-09-05
ID00408;ORIG006;DEST571;471.05;2023-09-22
ID03152;ORIG082;DEST963;763.74;2023-06-01
ID03153;ORIG005;DEST682;718.02;2021-12-06
ID03154;ORIG052;DEST850;458.02;2021-01-04
ID03155;ORIG005;DEST687;609.40;2021-11-22
ID03156;ORIG002;DEST882;169.91;2020-06-17
ID03157;ORIG009;DEST228;664.23;2020-06-18
ID03158;ORIG018;DEST588;339.39;2022-06-07
ID03159;ORIG015;DEST980;935.01;2020-01-17
ID03160;ORIG009;DEST028;871.59;2023-08-18
ID03161;ORIG008;DEST136;542.99;2021-05-19
ID03162;ORIG002;DEST318;560.15;2021-08-10
ID03163;ORIG003;DEST020;963.19;2020-01-15
ID03164;ORIG014;DEST906;726.56;2021-02-25
ID03165;ORIG002;DEST308;617.72;2022-12-26
ID01923;ORIG004;DEST267;490.75;2022-11-02
ID03167;ORIG017;DEST102;508.65;2020-08-01
ID03168;ORIG009;DEST280;958.16;2020-05-01
ID03169;ORIG004;DEST997;234.73;2020-09-20
ID03170;ORIG002;DEST453;924.16;2024-05-28
ID03171;ORIG010;DEST210;914.57;2021-03-14
ID03172;ORIG019;DEST651;848.50;2024-07-01
ID00612;ORIG010;DEST952;480.91;2021-05-20
ID03174;ORIG077;DEST250;182.38;2022-07-09
ID03175;ORIG031;DEST493;544.93;2023-10-14
ID03176;ORIG011;DEST644;950.06;2021-12-07
ID03177;ORIG002;DEST168;977.03;2022-10-22
ID03178;ORIG010;DEST847;284.99;2020-09-14
ID02689;ORIG013;DEST682;381.07;2024-09-18
ID03180;ORIG058;DEST796;424.76;2020-04-01
ID03181;ORIG012;DEST496;141.64;2020-11-23
ID03182;ORIG002;DEST295;543.84;2024-09-16
ID03183;ORIG010;DEST582;302.06;2024-02-07
ID03184;ORIG006;DEST121;62.51;2022-01-15
ID00370;ORIG006;DEST655;267.53;2023-06-02
ID03186;ORIG009;DEST598;513.01;2020-07-22
ID01623;ORIG035;DEST373;166.49;2020-06-18
ID03188;ORIG005;DEST892;596.21;2021-12-22
ID01233;ORIG005;DEST064;404.04;2022-09-20
ID03190;ORIG065;DEST668;471.57;2023-04-01
ID03191;ORIG019;DEST312;349.04;2023-02-05
ID03192;ORIG072;DEST799;666.09;2021-07-08
ID03193;ORIG019;DEST552;713.27;2024-11-17
ID03194;ORIG019;DEST208;285.60;2020-06-10
ID03195;ORIG018;DEST076;488.17;2022-04-26
ID03196;ORIG061;DEST005;897.92;2023-01-23
ID03197;ORIG007;DEST145;466.26;2022-03-19
ID03198;ORIG017;DEST330;943.60;2024-07-26
ID03199;ORIG016;DEST154;156.46;2022-12-20
ID03200;ORIG002;DEST531;116.72;2022-09-20
ID03201;ORIG007;DEST777;87.39;2023-08-04
ID03202;ORIG007;DEST403;980.51;2022-03-05
ID02180;ORIG010;DEST444;810.27;2024-10-21
ID03204;ORIG019;DEST695;709.28;2022-09-03
ID03205;ORIG007;DEST851;480.59;2022-05-16
ID03206;ORIG018;DEST282;263.44;2024-07-07
ID03207;ORIG013;DEST456;496.09;2022-05-21
ID03208;ORIG000;DEST365;558.74;2023-04-17
ID03209;ORIG012;DEST105;435.53;2022-10-07
ID02203;ORIG007;DEST095;245.75;2020-07-28
ID03211;ORIG012;DEST322;52.83;2023-07-12
ID03212;ORIG009;DEST204;130.55;2024-05-04
ID03213;ORIG010;DEST064;156.11;2024-11-18
ID03214;ORIG007;DEST504;637.97;2020-11-09
ID03215;ORIG015;DEST330;989.89;2020-12-11
ID03216;ORIG022;DEST467;79.31;2023-01-25
ID03217;ORIG057;DEST346;938.39;2023-03-15
ID03218;ORIG014;DEST168;816.34;2024-04-21
ID02249;ORIG064;DEST294;990.69;2024-04-14
ID03220;ORIG003;DEST463;925.86;2020-11-19
ID03221;ORIG012;DEST112;438.08;2021-06-03
ID03222;ORIG014;DEST773;293.42;2022-07-09
ID03223;ORIG003;DEST662;508.64;2021-10-17
ID03224;ORIG008;DEST409;304.20;2020-03-04
ID03225;ORIG070;DEST702;300.80;2023-06-27
ID01158;ORIG018;DEST087;818.59;2023-01-09
ID01541;ORIG012;DEST419;721.53;2022-12-25
ID00580;ORIG002;DEST184;327.34;2021-03-05
ID03229;ORIG005;DEST459;328.79;2020-06-28
ID01817;ORIG003;DEST803;673.47;2021-10-15
ID03231;ORIG077;DEST038;277.48;2021-07-19
ID03232;ORIG071;DEST053;188.34;2024-09-11
ID03233;ORIG000;DEST329;522.37;2022-11-24
ID03234;ORIG009;DEST537;673.88;2023-11-14
ID03235;ORIG070;DEST244;667.36;2022-07-02
ID03236;ORIG011;DEST682;790.57;2021-05-21
ID03237;ORIG011;DEST864;17.01;2021-03-05
ID03238;ORIG011;DEST069;827.67;2022-11-10
ID03239;ORIG019;DEST915;531.72;2020-02-23
ID03240;ORIG014;DEST895;816.98;2022-12-21
ID03241;ORIG079;DEST497;779.20;2024-04-28
ID03242;ORIG009;DEST210;399.47;2021-02-19
ID03243;ORIG007;DEST438;829.16;2020-05-28
ID03244;ORIG021;DEST126;901.79;2022-10-10
ID03245;ORIG010;DEST852;201.16;2021-11-14
ID03246;ORIG016;DEST441;787.16;2023-12-08
ID03247;ORIG003;DEST829;394.12;2022-02-01
ID03248;ORIG007;DEST872;976.01;2024-10-21
ID03249;ORIG008;DEST428;164.65;2020-05-22
ID03250;ORIG014;DEST700;338.36;2021-11-18
ID03251;ORIG014;DEST843;160.72;2021-05-01
ID03252;ORIG001;DEST322;296.79;2024-04-15
ID03253;ORIG014;DEST939;408.59;2020-11-03
ID03254;ORIG014;DEST470;693.40;2022-01-16
ID03255;ORIG080;DEST524;292.79;2021-05-05
ID03256;ORIG006;DEST870;850.89;2020-06-07
ID03257;ORIG091;DEST008;240.92;2022-09-12
ID03258;ORIG019;DEST311;539.53;2024-11-09
ID03259;ORIG007;DEST478;57.08;2021-10-18
ID03260;ORIG099;DEST509;709.80;2021-11-24
ID03261;ORIG069;DEST512;381.67;2023-01-25
ID03262;ORIG012;DEST710;62.73;2024-11-10
ID03263;ORIG059;DEST727;78.16;2024-11-20
ID03264;ORIG003;DEST321;783.17;2023-09-08
ID03265;ORIG014;DEST446;145.05;2024-02-15
ID03266;ORIG017;DEST368;693.59;2020-05-06
ID03267;ORIG021;DEST101;594.15;2023-10-13
ID02372;ORIG060;DEST441;143.30;2020-01-10
ID03269;ORIG017;DEST382;164.01;2023-08-22
ID03270;ORIG013;DEST274;590.87;2024-06-24
ID03271;ORIG014;DEST367;746.00;2024-02-07
ID03272;ORIG000;DEST437;186.25;2023-08-09
ID00064;ORIG005;DEST518;423.59;2022-01-04
ID03274;ORIG087;DEST700;30.33;2024-10-13
ID03275;ORIG051;DEST756;587.70;2022-02-17
ID03276;ORIG013;DEST308;181.37;2023-11-11
ID03277;ORIG017;DEST894;440.11;2020-02-17
ID03278;ORIG019;DEST866;976.08;2022-04-13
ID03279;ORIG012;DEST882;476.24;2021-02-13
ID03280;ORIG004;DEST003;660.77;2024-12-17
ID03281;ORIG005;DEST745;321.08;2024-11-15
ID03282;ORIG026;DEST796;797.83;2024-10-11
ID02642;ORIG019;DEST523;121.19;2022-11-02
ID03284;ORIG004;DEST516;371.42;2020-07-28
ID03285;ORIG014;DEST944;483.29;2021-11-09
ID03286;ORIG016;DEST035;387.51;2024-06-17
ID03287;ORIG010;DEST507;532.88;2021-11-15
ID03288;ORIG015;DEST755;69.86;2021-09-01
ID03289;ORIG043;DEST353;113.19;2022-07-20
ID03290;ORIG001;DEST422;959.13;2024-06-04
ID03291;ORIG001;DEST003;625.52;2023-01-15
ID03292;ORIG010;DEST925;518.33;2020-07-20
ID01719;ORIG014;DEST537;495.33;2023-07-14
ID03294;ORIG016;DEST332;764.75;2024-11-16
ID03295;ORIG012;DEST576;378.19;2021-08-13
ID03296;ORIG055;DEST005;262.56;2023-09-08
ID03297;ORIG003;DEST964;491.02;2023-12-24
ID03298;ORIG005;DEST154;474.49;2024-08-18
ID03299;ORIG013;DEST177;948.93;2021-04-22
ID03300;ORIG003;DEST391;449.82;2022-11-12
ID03301;ORIG019;DEST502;549.15;2021-08-09
ID03302;ORIG015;DEST116;309.72;2021-07-16
ID03303;ORIG015;DEST895;536.95;2020-02-23
ID03304;ORIG023;DEST642;749.44;2021-09-15
ID03305;ORIG012;DEST268;646.01;2021-07-13
ID03306;ORIG003;DEST237;567.17;2024-01-22
ID03307;ORIG017;DEST367;35.38;2020-09-27
ID02027;ORIG012;DEST791;20.78;2021-05-14
ID03309;ORIG051;DEST810;677.86;2022-10-23
ID03310;ORIG054;DEST031;714.43;2023-09-26
ID03311;ORIG007;DEST479;975.19;2021-01-05
ID03312;ORIG006;DEST058;961.54;2023-03-07
ID03313;ORIG005;DEST556;988.56;2023-02-12
ID03314;ORIG076;DEST939;756.05;2024-03-07
ID03315;ORIG019;DEST389;758.52;2020-12-23
ID03316;ORIG003;DEST290;544.03;2023-10-28
ID03317;ORIG012;DEST034;569.80;2022-07-12
ID03318;ORIG018;DEST868;878.30;2020-08-27
ID03319;ORIG052;DEST192;17.17;2024-11-14
ID03320;ORIG087;DEST753;979.98;2024-02-04
ID03321;ORIG015;DEST775;439.48;2022-10-19
ID03322;ORIG002;DEST280;345.46;2021-05-23
ID03323;ORIG007;DEST292;491.35;2020-12-24
ID03324;ORIG010;DEST707;961.77;2023-01-10
ID03325;ORIG099;DEST555;901.34;2024-04-23
ID03326;ORIG003;DEST942;755.71;2020-07-19
ID03327;ORIG010;DEST969;390.96;2021-05-28
ID03328;ORIG016;DEST346;823.03;2024-09-10
ID03329;ORIG010;DEST257;990.47;2023-06-07
ID03330;ORIG014;DEST923;621.87;2023-03-24
ID03331;ORIG009;DEST891;941.18;2024-05-25
ID03332;ORIG009;DEST788;265.76;2023-02-22
ID03333;ORIG003;DEST179;736.40;2021-07-03
ID03334;ORIG013;DEST118;996.34;2024-04-26
ID03335;ORIG007;DEST723;74.21;2024-05-19
ID03336;ORIG005;DEST402;49.75;2020-04-28
ID03337;ORIG010;DEST990;653.69;2022-01-13
ID02848;ORIG014;DEST684;397.21;2024-04-03
ID03339;ORIG016;DEST885;301.94;2021-08-16
ID03340;ORIG002;DEST200;29.25;2022-09-21
ID03341;ORIG017;DEST787;473.64;2020-04-10
ID03342;ORIG019;DEST062;22.58;2024-05-08
ID00125;ORIG005;DEST919;296.94;2024-12-14
ID03344;ORIG090;DEST010;700.10;2024-12-27
ID03345;ORIG088;DEST924;340.54;2023-06-12
ID03346;ORIG014;DEST587;366.23;2021-11-05
ID03347;ORIG005;DEST923;653.41;2020-06-24
ID03348;ORIG018;DEST516;28.99;2023-08-20
ID03349;ORIG016;DEST317;257.38;2023-12-22
ID03350;ORIG013;DEST088;767.94;2022-08-05
ID03351;ORIG014;DEST575;243.89;2023-06-12
ID03352;ORIG018;DEST520;794.58;2020-09-06
ID03353;ORIG002;DEST845;62.02;2020-08-09
ID03354;ORIG009;DEST788;60.28;2024-10-12
ID03355;ORIG014;DEST706;410.90;2021-02-12
ID02827;ORIG001;DEST661;720.03;2024-08-21
ID03357;ORIG014;DEST142;730.35;2023-07-13
ID00632;ORIG018;DEST963;203.21;2020-11-03
ID03359;ORIG074;DEST967;882.37;2022-03-06
ID03360;ORIG016;DEST975;320.14;2021-07-06
ID03361;ORIG002;DEST831;438.50;2023-08-14
ID00510;ORIG016;DEST711;411.62;2024-04-10
ID03363;ORIG008;DEST453;443.59;2023-04-17
ID03364;ORIG005;DEST374;427.96;2022-06-08
ID00982;ORIG018;DEST884;760.61;2020-08-19
ID03366;ORIG013;DEST641;93.82;2021-09-16
ID03367;ORIG003;DEST231;377.71;2020-06-20
ID03368;ORIG007;DEST150;270.70;2021-09-09
ID03369;ORIG001;DEST082;404.94;2023-09-02
ID03370;ORIG014;DEST016;697.09;2023-09-23
ID03371;ORIG000;DEST806;646.61;2023-10-21
ID03372;ORIG013;DEST638;248.27;2023-11-24
ID03373;ORIG005;DEST897;95.62;2020-07-23
ID03374;ORIG008;DEST057;613.08;2022-05-18
ID00060;ORIG013;DEST332;502.82;2023-07-08
ID03376;ORIG017;DEST864;225.65;2021-02-12
ID03377;ORIG002;DEST063;288.38;2024-02-23
ID03378;ORIG013;DEST102;212.38;2021-01-03
ID03379;ORIG029;DEST689;548.73;2023-05-09
ID02416;ORIG019;DEST632;463.00;2023-06-13
ID03381;ORIG073;DEST208;71.88;2021-11-10
ID03382;ORIG066;DEST157;770.20;2023-06-12
ID03383;ORIG016;DEST455;197.97;2022-11-03
ID00037;ORIG017;DEST463;211.41;2021-11-03
ID00109;ORIG056;DEST766;623.92;2020-04-28
ID03386;ORIG004;DEST010;381.46;2021-12-19
ID03387;ORIG010;DEST235;59.68;2023-09-01
ID03388;ORIG017;DEST010;28.87;2023-11-08
ID03389;ORIG000;DEST829;499.25;2021-06-07
ID03390;ORIG010;DEST885;738.58;2021-10-19
ID03391;ORIG016;DEST103;803.22;2021-03-22
ID03392;ORIG004;DEST941;550.37;2020-10-01
ID00638;ORIG014;DEST305;955.85;2021-01-24
ID03394;ORIG066;DEST415;874.28;2024-06-13
ID03395;ORIG011;DEST911;463.16;2020-01-07
ID03396;ORIG055;DEST356;686.25;2021-01-10
ID03397;ORIG001;DEST565;846.82;2023-09-03
ID03398;ORIG001;DEST897;688.69;2022-06-26
ID03399;ORIG000;DEST679;283.14;2022-01-04
ID03400;ORIG003;DEST811;329.16;2022-08-12
ID03401;ORIG004;DEST154;164.38;2021-11-05
ID03402;ORIG011;DEST033;237.47;2022-03-06
ID03403;ORIG014;DEST893;634.69;2020-11-28
ID03404;ORIG006;DEST589;77.14;2021-05-28
ID03405;ORIG011;DEST506;500.57;2024-09-13
ID01554;ORIG003;DEST696;982.54;2023-11-19
ID03407;ORIG049;DEST398;179.97;2024-03-11
ID03408;ORIG019;DEST889;949.02;2024-11-05
ID03409;ORIG006;DEST796;859.41;2021-11-14
ID03410;ORIG007;DEST008;94.43;2020-05-18
ID03411;ORIG017;DEST424;988.46;2020-01-28
ID03412;ORIG002;DEST817;912.98;2022-04-13
ID03413;ORIG016;DEST415;97.15;2023-06-09
ID03414;ORIG000;DEST372;816.42;2024-12-15
ID03415;ORIG007;DEST271;979.67;2022-02-15
ID03416;ORIG002;DEST204;761.90;2023-08-17
ID03417;ORIG013;DEST882;742.55;2021-09-03
ID03418;ORIG015;DEST621;610.20;2023-07-14
ID03419;ORIG016;DEST673;953.69;2020-09-14
ID03420;ORIG016;DEST023;319.66;2020-05-18
ID03421;ORIG011;DEST913;869.43;2022-03-27
ID03422;ORIG010;DEST583;169.68;2020-06-17
ID03423;ORIG007;DEST049;339.76;2023-10-24
ID03424;ORIG014;DEST071;548.59;2023-02-20
ID03425;ORIG041;DEST479;360.65;2020-09-16
ID03426;ORIG008;DEST521;422.83;2020-08-06
ID03427;ORIG003;DEST745;579.21;2023-09-13
ID03428;ORIG014;DEST085;808.77;2020-11-27
ID03429;ORIG019;DEST048;47.93;2020-02-22
ID03430;ORIG013;DEST966;433.88;2023-01-14
ID03431;ORIG019;DEST668;219.14;2022-11-27
ID03432;ORIG000;DEST082;836.20;2021-04-18
ID03433;ORIG001;DEST426;393.06;2021-07-03
ID03434;ORIG014;DEST167;98.95;2020-11-26
ID03435;ORIG001;DEST388;874.99;2024-03-13
ID03436;ORIG017;DEST433;895.54;2022-04-27
ID03437;ORIG003;DEST578;458.49;2022-11-14
ID03438;ORIG014;DEST618;622.39;2021-04-14
ID03439;ORIG003;DEST051;560.97;2024-02-27
ID03440;ORIG013;DEST332;581.45;2024-11-22
ID03441;ORIG016;DEST164;422.90;2024-07-09
ID03442;ORIG000;DEST082;597.32;2021-11-22
ID03443;ORIG003;DEST885;542.15;2023-08-15
ID00952;ORIG009;DEST907;628.11;2022-08-26
ID03445;ORIG003;DEST297;678.87;2024-09-21
ID02100;ORIG006;DEST134;493.62;2023-04-13
ID03447;ORIG012;DEST283;522.59;2023-07-12
ID03448;ORIG018;DEST418;515.08;2022-08-14
ID03449;ORIG001;DEST169;530.87;2020-11-23
ID03450;ORIG015;DEST618;542.06;2021-09-12
ID02166;ORIG018;DEST281;744.31;2023-02-26
ID03452;ORIG010;DEST285;129.25;2020-08-20
ID03453;ORIG011;DEST394;610.18;2022-08-18
ID03454;ORIG012;DEST933;542.78;2024-02-04
ID03455;ORIG068;DEST943;536.80;2023-11-10
ID03456;ORIG020;DEST607;849.43;2023-02-04
ID03354;ORIG005;DEST874;621.47;2024-12-23
ID03458;ORIG009;DEST456;870.57;2021-12-20
ID03459;ORIG036;DEST164;807.42;2023-03-28
ID00925;ORIG036;DEST989;186.00;2020-03-20
ID03461;ORIG003;DEST545;53.48;2024-06-23
ID00292;ORIG019;DEST041;461.63;2022-03-11
ID03463;ORIG026;DEST869;293.42;2022-07-25
ID03464;ORIG069;DEST069;40.86;2021-11-08
ID00652;ORIG012;DEST735;734.67;2021-01-13
ID03466;ORIG010;DEST277;118.60;2022-06-11
ID03467;ORIG009;DEST458;962.10;2021-10-01
ID03468;ORIG009;DEST771;254.90;2024-07-20
ID02692;ORIG089;DEST790;741.88;2021-02-03
ID03265;ORIG002;DEST507;886.80;2020-09-26
ID03471;ORIG011;DEST122;37.13;2020-12-19
ID03472;ORIG006;DEST431;778.45;2020-12-06
ID03473;ORIG006;DEST770;746.67;2024-11-12
ID03474;ORIG019;DEST903;794.07;2020-03-02
ID03288;ORIG003;DEST774;365.43;2021-04-20
ID03476;ORIG019;DEST915;254.86;2020-07-07
ID03477;ORIG071;DEST302;88.59;2022-12-02
ID03478;ORIG011;DEST724;348.57;2021-10-19
ID03479;ORIG017;DEST690;992.11;2022-12-05
ID03480;ORIG002;DEST938;74.17;2022-01-27
ID03481;ORIG019;DEST688;376.61;2020-11-25
ID03482;ORIG074;DEST521;726.72;2021-03-26
ID02654;ORIG049;DEST494;909.08;2021-09-14
ID03484;ORIG012;DEST652;139.64;2022-12-15
ID00477;ORIG015;DEST306;381.85;2020-07-20
ID03486;ORIG087;DEST441;365.15;2024-10-27
ID03487;ORIG020;DEST663;540.92;2022-03-28
ID03488;ORIG013;DEST528;579.37;2024-09-20
ID03489;ORIG003;DEST239;68.50;2022-01-09
ID03490;ORIG009;DEST852;865.16;2022-02-06
ID02718;ORIG019;DEST768;538.76;2024-06-03
ID03492;ORIG014;DEST189;807.34;2020-10-06
ID03493;ORIG001;DEST154;937.75;2022-07-11
ID03494;ORIG091;DEST468;974.60;2020-06-21
ID03495;ORIG011;DEST058;451.64;2021-07-01
ID03496;ORIG097;DEST026;440.11;2024-07-22
ID03497;ORIG018;DEST462;483.74;2021-08-09
ID03498;ORIG081;DEST563;952.91;2021-06-25
ID00084;ORIG018;DEST240;220.73;2020-10-21
ID03500;ORIG001;DEST849;641.27;2022-04-18
ID03501;ORIG007;DEST837;420.63;2021-02-18
ID03502;ORIG032;DEST298;637.63;2024-03-13
ID03503;ORIG059;DEST450;931.10;2024-09-28
ID03504;ORIG011;DEST617;570.93;2024-11-22
ID03505;ORIG003;DEST705;838.96;2023-03-04
ID03506;ORIG010;DEST084;589.38;2023-07-06
ID03507;ORIG018;DEST305;160.70;2023-09-23
ID03508;ORIG013;DEST293;420.07;2023-08-27
ID03509;ORIG021;DEST877;157.92;2023-01-01
ID03510;ORIG017;DEST921;246.34;2023-09-19
ID03511;ORIG007;DEST281;944.04;2024-07-27
ID03512;ORIG008;DEST222;530.70;2020-10-18
ID03513;ORIG017;DEST733;607.71;2022-12-01
ID03514;ORIG005;DEST535;368.36;2024-01-20
ID01161;ORIG013;DEST088;603.93;2022-05-03
ID03516;ORIG012;DEST489;87.90;2022-11-06
ID00601;ORIG018;DEST138;763.88;2022-12-20
ID03518;ORIG000;DEST588;314.69;2023-01-15
ID03519;ORIG014;DEST647;883.49;2023-01-17
ID00169;ORIG016;DEST337;931.87;2024-04-28
ID03521;ORIG019;DEST590;320.09;2020-07-13
ID03522;ORIG071;DEST830;179.10;2022-10-24
ID03523;ORIG018;DEST444;601.69;2021-04-27
ID03524;ORIG017;DEST350;531.21;2023-11-27
ID03525;ORIG069;DEST641;553.58;2023-12-21
ID03526;ORIG042;DEST910;166.72;2022-04-16
ID03527;ORIG017;DEST318;873.28;2023-08-19
ID03528;ORIG075;DEST359;121.05;2023-07-28
ID03529;ORIG008;DEST708;784.46;2022-12-25
ID03530;ORIG041;DEST231;462.87;2021-05-06
ID03531;ORIG008;DEST625;658.96;2023-03-13
ID03532;ORIG014;DEST001;853.36;2020-04-06
ID03533;ORIG002;DEST461;762.32;2020-08-09
ID03534;ORIG018;DEST206;812.69;2020-07-11
ID00777;ORIG019;DEST730;587.02;2021-04-20
ID03536;ORIG035;DEST526;332.49;2022-10-19
ID03537;ORIG004;DEST050;687.96;2022-11-16
ID01630;ORIG004;DEST265;392.44;2024-01-19
ID03539;ORIG016;DEST532;782.96;2022-07-20
ID03540;ORIG003;DEST147;458.00;2024-07-12
ID00032;ORIG015;DEST937;362.63;2023-02-19
ID03542;ORIG014;DEST545;304.99;2022-09-04
ID03543;ORIG019;DEST319;183.66;2020-01-07
ID03544;ORIG000;DEST088;243.73;2022-03-24
ID03545;ORIG005;DEST743;160.66;2024-01-21
ID03546;ORIG008;DEST418;748.25;2024-07-15
ID02471;ORIG006;DEST764;128.74;2023-02-24
ID03548;ORIG006;DEST054;366.64;2022-02-18
ID03549;ORIG004;DEST848;314.90;2021-01-11
ID03550;ORIG000;DEST268;68.40;2024-07-14
ID03551;ORIG019;DEST444;796.30;2023-07-15
ID03552;ORIG082;DEST621;53.79;2023-09-11
ID03553;ORIG012;DEST241;230.61;2021-02-27
ID03554;ORIG018;DEST092;442.64;2024-04-08
ID03555;ORIG035;DEST560;503.77;2023-10-28
ID03556;ORIG054;DEST237;98.50;2020-05-22
ID03557;ORIG018;DEST436;143.09;2023-01-18
ID03558;ORIG015;DEST182;488.01;2021-09-21
ID03559;ORIG015;DEST795;903.54;2022-05-15
ID03560;ORIG004;DEST616;188.32;2023-07-22
ID03561;ORIG005;DEST371;173.99;2022-10-10
ID03562;ORIG009;DEST608;358.40;2024-09-18
ID03563;ORIG085;DEST954;805.39;2020-12-09
ID03564;ORIG013;DEST353;428.98;2022-04-21
ID03565;ORIG033;DEST027;420.45;2022-08-18
ID00025;ORIG018;DEST405;253.04;2023-09-24
ID01843;ORIG015;DEST204;921.44;2024-05-04
ID03568;ORIG006;DEST385;185.92;2020-09-20
ID03569;ORIG009;DEST258;753.71;2023-03-24
ID03570;ORIG018;DEST815;594.09;2021-07-28
ID03571;ORIG020;DEST101;44.57;2023-06-17
ID03572;ORIG010;DEST708;384.90;2022-02-17
ID03573;ORIG094;DEST469;32.15;2024-11-12
ID03574;ORIG001;DEST378;441.94;2021-12-11
ID03575;ORIG031;DEST801;140.51;2022-07-12
ID03576;ORIG015;DEST450;685.28;2024-10-12
ID03577;ORIG007;DEST334;504.10;2021-12-10
ID03578;ORIG018;DEST719;577.23;2022-08-03
ID03579;ORIG013;DEST025;865.83;2024-02-28
ID03580;ORIG038;DEST519;284.36;2021-09-13
ID03581;ORIG011;DEST312;779.19;2020-09-11
ID03582;ORIG012;DEST218;528.26;2020-01-06
ID03583;ORIG006;DEST441;587.91;2023-06-01
ID03584;ORIG008;DEST042;801.36;2021-10-06
ID03585;ORIG014;DEST998;236.58;2024-05-09
ID03586;ORIG014;DEST534;72.37;2023-02-24
ID03587;ORIG002;DEST930;326.97;2023-08-06
ID03588;ORIG009;DEST842;439.27;2020-11-22
ID03589;ORIG014;DEST916;680.71;2022-04-23
ID03590;ORIG002;DEST353;448.72;2022-06-26
ID03591;ORIG046;DEST674;482.57;2020-07-06
ID03592;ORIG006;DEST255;973.35;2021-02-05
ID03593;ORIG010;DEST386;631.12;2022-02-16
ID03594;ORIG006;DEST926;999.64;2020-05-26
ID03595;ORIG003;DEST365;399.31;2024-07-24
ID03596;ORIG007;DEST141;47.86;2020-08-10
ID03597;ORIG011;DEST502;841.02;2022-12-13
ID03598;ORIG006;DEST555;585.91;2024-07-23
ID03599;ORIG005;DEST815;70.53;2021-08-10
ID03600;ORIG012;DEST603;108.47;2024-01-13
ID03601;ORIG005;DEST124;641.67;2024-03-19
ID03602;ORIG010;DEST491;709.60;2021-11-07
ID03603;ORIG014;DEST416;184.04;2020-07-07
ID03604;ORIG010;DEST204;237.35;2024-02-10
ID03605;ORIG007;DEST636;204.17;2021-06-24
ID03606;ORIG003;DEST239;440.62;2022-08-20
ID03607;ORIG010;DEST194;655.60;2021-02-28
ID03608;ORIG018;DEST341;437.66;2021-04-03
ID03609;ORIG009;DEST696;133.79;2022-11-13
ID02106;ORIG014;DEST288;157.57;2024-05-07
ID03611;ORIG011;DEST206;156.94;2022-03-21
ID03612;ORIG000;DEST634;664.30;2021-03-12
ID00917;ORIG018;DEST587;490.07;2020-12-11
ID03614;ORIG011;DEST203;213.73;2023-05-21
ID03615;ORIG009;DEST283;556.01;2023-08-16
ID03616;ORIG011;DEST412;123.05;2021-09-27
ID03617;ORIG047;DEST229;880.19;2020-01-07
ID00909;ORIG020;DEST949;469.13;2022-02-20
ID03619;ORIG014;DEST968;598.87;2020-08-19
ID03620;ORIG009;DEST765;541.98;2020-08-22
ID03621;ORIG003;DEST473;973.31;2021-07-18
ID03622;ORIG003;DEST063;818.66;2024-10-08
ID03623;ORIG018;DEST381;532.42;2021-08-20
ID03624;ORIG019;DEST074;866.91;2023-05-15
ID03625;ORIG007;DEST809;484.11;2024-09-03
ID03626;ORIG014;DEST106;312.57;2023-03-03
ID03627;ORIG003;DEST975;108.04;2022-05-09
ID02622;ORIG018;DEST581;209.95;2024-12-18
ID03629;ORIG002;DEST978;61.86;2024-10-09
ID03630;ORIG002;DEST193;827.77;2024-11-14
ID00640;ORIG010;DEST553;291.45;2020-07-07
ID03632;ORIG004;DEST217;440.59;2024-01-21
ID03633;ORIG016;DEST466;266.96;2020-10-24
ID03634;ORIG044;DEST472;708.47;2024-12-25
ID03635;ORIG006;DEST326;862.35;2020-11-03
ID03636;ORIG075;DEST045;783.50;2024-02-02
ID03637;ORIG015;DEST558;665.43;2023-01-12
ID03638;ORIG011;DEST691;914.65;2022-06-20
ID03639;ORIG019;DEST836;408.16;2020-08-06
ID03640;ORIG008;DEST223;166.39;2024-10-15
ID03641;ORIG012;DEST700;902.58;2020-06-06
ID03642;ORIG002;DEST846;573.97;2021-03-14
ID03643;ORIG013;DEST201;307.77;2022-10-15
ID03644;ORIG012;DEST235;406.50;2021-09-20
ID03645;ORIG006;DEST811;205.59;2024-07-06
ID03646;ORIG017;DEST175;222.68;2023-06-22
ID03647;ORIG009;DEST166;818.96;2023-08-21
ID03648;ORIG085;DEST770;76.34;2023-11-01
ID03649;ORIG008;DEST663;150.25;2022-05-28
ID03650;ORIG012;DEST641;361.46;2024-09-05
ID00969;ORIG037;DEST570;896.40;2020-05-10
ID01432;ORIG003;DEST166;153.75;2023-06-25
ID03653;ORIG007;DEST048;555.08;2024-12-12
ID03654;ORIG093;DEST273;279.64;2020-01-08
ID03655;ORIG065;DEST652;765.06;2021-12-21
ID03656;ORIG005;DEST226;341.84;2022-05-07
ID03657;ORIG007;DEST565;884.94;2023-11-06
ID03658;ORIG026;DEST027;858.10;2020-08-24
ID03659;ORIG004;DEST046;275.85;2022-09-26
ID03660;ORIG003;DEST849;960.79;2023-02-12
ID03661;ORIG074;DEST706;973.87;2020-06-18
ID03662;ORIG001;DEST846;525.62;2020-01-17
ID03663;ORIG016;DEST615;657.11;2024-12-21
ID03664;ORIG010;DEST589;82.06;2023-07-26
ID03665;ORIG041;DEST817;427.51;2020-09-11
ID03666;ORIG005;DEST818;250.25;2020-06-20
ID03667;ORIG006;DEST851;38.35;2024-06-21
ID03668;ORIG009;DEST740;677.52;2021-10-06
ID03669;ORIG013;DEST691;787.02;2022-10-14
ID03670;ORIG016;DEST380;719.60;2024-07-16
ID03671;ORIG067;DEST117;833.73;2022-06-19
ID03672;ORIG059;DEST753;777.79;2020-10-14
ID03673;ORIG011;DEST678;367.33;2022-12-14
ID03674;ORIG009;DEST668;55.60;2023-11-19
ID03675;ORIG073;DEST954;674.73;2021-01-22
ID03182;ORIG013;DEST628;529.94;2024-10-06
ID03677;ORIG017;DEST976;158.98;2022-06-25
ID02585;ORIG009;DEST590;599.87;2023-01-24
ID03679;ORIG026;DEST926;349.57;2021-04-24
ID03680;ORIG017;DEST349;421.96;2020-09-14
ID03424;ORIG074;DEST643;779.01;2020-08-26
ID03682;ORIG019;DEST504;987.27;2022-03-09
ID03683;ORIG069;DEST585;769.31;2023-09-04
ID03684;ORIG007;DEST511;107.16;2023-09-07
ID03685;ORIG005;DEST910;840.94;2021-01-20
ID03686;ORIG015;DEST920;193.03;2021-11-05
ID03687;ORIG019;DEST191;985.81;2022-12-01
ID03688;ORIG074;DEST517;478.48;2024-04-18
ID03689;ORIG016;DEST605;763.40;2022-04-25
ID03690;ORIG012;DEST584;212.41;2022-11-23
ID03691;ORIG001;DEST576;420.79;2023-04-18
ID03692;ORIG085;DEST271;152.37;2020-03-27
ID02859;ORIG016;DEST196;116.24;2020-06-03
ID03694;ORIG007;DEST295;332.97;2022-12-15
ID03695;ORIG017;DEST336;342.65;2021-01-10
ID03696;ORIG070;DEST541;875.92;2023-06-16
ID03697;ORIG017;DEST704;144.79;2020-11-08
ID03698;ORIG058;DEST382;482.50;2024-05-14
ID03699;ORIG003;DEST047;885.98;2024-12-12
ID03700;ORIG014;DEST416;993.27;2022-05-13
ID03701;ORIG005;DEST639;301.49;2020-12-04
ID00623;ORIG092;DEST828;617.43;2023-09-09
ID03703;ORIG006;DEST826;489.77;2023-10-19
ID03704;ORIG009;DEST536;165.27;2021-05-17
ID03705;ORIG007;DEST472;194.40;2023-09-14
ID03706;ORIG019;DEST042;322.11;2023-05-14
ID03707;ORIG009;DEST074;880.96;2020-10-06
ID03708;ORIG018;DEST002;629.47;2023-01-14
ID03709;ORIG007;DEST765;977.01;2021-12-15
ID03710;ORIG016;DEST655;745.30;2024-05-15
ID03711;ORIG058;DEST706;599.09;2021-10-18
ID03712;ORIG016;DEST621;566.67;2022-06-08
ID03713;ORIG011;DEST040;803.22;2020-02-21
ID03714;ORIG024;DEST208;838.13;2020-07-20
ID03715;ORIG005;DEST987;435.84;2023-09-09
ID03716;ORIG008;DEST793;825.47;2021-09-03
ID03717;ORIG029;DEST767;592.35;2023-12-01
ID03718;ORIG008;DEST585;533.33;2020-11-18
ID03719;ORIG014;DEST088;194.47;2024-01-07
ID02249;ORIG008;DEST752;35.71;2021-10-25
ID03721;ORIG017;DEST299;683.46;2022-03-15
ID03722;ORIG007;DEST023;253.98;2023-03-17
ID03723;ORIG018;DEST756;691.41;2020-03-27
ID03724;ORIG005;DEST786;334.79;2022-12-05
ID03725;ORIG016;DEST950;614.64;2020-03-23
ID03726;ORIG004;DEST094;681.80;2024-09-28
ID03727;ORIG017;DEST105;992.33;2022-07-21
ID03728;ORIG007;DEST744;807.25;2020-10-02
ID03729;ORIG014;DEST610;87.11;2024-02-21
ID03730;ORIG002;DEST298;207.22;2022-06-03
ID03731;ORIG017;DEST051;747.74;2023-01-06
ID03732;ORIG038;DEST803;313.01;2024-08-17
ID03733;ORIG010;DEST792;430.63;2024-09-16
ID03734;ORIG002;DEST800;200.29;2023-10-07
ID03735;ORIG027;DEST724;172.92;2021-04-12
ID03736;ORIG016;DEST370;194.89;2023-05-03
ID03737;ORIG005;DEST905;41.69;2020-05-14
ID03738;ORIG081;DEST350;689.87;2023-06-09
ID03739;ORIG042;DEST265;403.66;2024-02-24
ID03740;ORIG014;DEST778;989.40;2024-04-26
ID03741;ORIG087;DEST393;582.80;2020-02-26
ID03742;ORIG004;DEST002;166.48;2024-05-01
ID03743;ORIG014;DEST189;470.72;2022-03-08
ID03744;ORIG002;DEST091;630.05;2023-09-13
ID03745;ORIG004;DEST705;995.54;2021-09-06
ID03746;ORIG008;DEST194;385.54;2022-05-20
ID03747;ORIG013;DEST601;751.38;2021-08-27
ID03748;ORIG001;DEST909;348.94;2023-05-17
ID03749;ORIG048;DEST578;418.73;2023-01-27
ID03750;ORIG001;DEST051;807.06;2024-05-20
ID03751;ORIG009;DEST398;761.96;2024-08-01
ID03752;ORIG002;DEST663;359.45;2023-11-15
ID03753;ORIG020;DEST228;972.94;2022-09-07
ID03754;ORIG001;DEST447;992.32;2020-02-04
ID03755;ORIG010;DEST881;553.83;2023-04-14
ID03756;ORIG002;DEST643;682.41;2023-03-17
ID03757;ORIG006;DEST046;376.75;2022-12-16
ID03758;ORIG006;DEST032;641.75;2023-08-11
ID03759;ORIG001;DEST981;764.70;2022-05-23
ID03760;ORIG059;DEST039;290.53;2022-12-28
ID03761;ORIG008;DEST135;337.61;2023-03-23
ID03762;ORIG004;DEST763;556.02;2022-02-12
ID03763;ORIG018;DEST271;391.60;2024-02-21
ID03764;ORIG012;DEST706;966.82;2024-02-12
ID03765;ORIG017;DEST235;568.36;2023-05-27
ID03766;ORIG000;DEST203;305.44;2024-01-12
ID03767;ORIG087;DEST810;959.84;2024-07-06
ID01771;ORIG010;DEST692;122.45;2021-06-02
ID03769;ORIG000;DEST578;178.24;2021-04-20
ID03770;ORIG071;DEST726;142.61;2024-12-23
ID03771;ORIG019;DEST832;367.37;2024-01-28
ID03772;ORIG099;DEST801;94.33;2021-12-11
ID00194;ORIG005;DEST968;186.81;2020-03-10
ID03774;ORIG010;DEST797;247.19;2022-03-28
ID03775;ORIG004;DEST007;419.61;2024-04-03
ID03776;ORIG015;DEST823;262.53;2022-05-15
ID03777;ORIG014;DEST928;939.86;2020-04-16
ID03778;ORIG009;DEST478;736.86;2021-04-07
ID03779;ORIG003;DEST704;903.90;2020-01-13
ID03780;ORIG095;DEST735;655.25;2021-06-18
ID03781;ORIG025;DEST449;853.84;2022-10-26
ID03782;ORIG018;DEST115;900.16;2020-11-27
ID03783;ORIG016;DEST244;506.22;2023-04-11
ID03784;ORIG004;DEST874;834.96;2023-05-17
ID03726;ORIG044;DEST773;291.14;2021-11-08
ID03786;ORIG001;DEST817;901.02;2022-06-04
ID03787;ORIG003;DEST140;658.79;2022-08-12
ID03788;ORIG042;DEST398;645.59;2022-11-13
ID03789;ORIG002;DEST842;243.24;2023-08-04
ID03790;ORIG058;DEST810;71.43;2024-04-21
ID03791;ORIG009;DEST569;518.76;2024-01-11
ID03792;ORIG008;DEST279;876.07;2023-12-22
ID03793;ORIG001;DEST430;955.98;2020-05-14
ID03794;ORIG018;DEST354;846.73;2024-10-14
ID03795;ORIG003;DEST503;89.57;2022-11-09
ID03796;ORIG002;DEST797;131.53;2023-12-20
ID03797;ORIG008;DEST013;726.61;2021-08-25
ID03798;ORIG010;DEST732;185.03;2021-11-11
ID03799;ORIG018;DEST889;849.85;2023-05-19
ID03800;ORIG004;DEST369;319.05;2023-12-28
ID03801;ORIG004;DEST958;924.82;2023-04-03
ID03802;ORIG016;DEST078;803.49;2024-08-28
ID03803;ORIG018;DEST430;245.82;2021-06-20
ID03804;ORIG084;DEST951;688.02;2020-11-04
ID03805;ORIG002;DEST063;759.63;2024-07-10
ID03806;ORIG022;DEST876;408.03;2022-08-17
ID03807;ORIG012;DEST567;919.15;2023-05-28
ID03808;ORIG014;DEST238;838.58;2023-10-09
ID03809;ORIG012;DEST629;387.60;2024-06-18
ID03810;ORIG073;DEST681;968.10;2022-04-11
ID03765;ORIG006;DEST917;169.00;2021-04-13
ID00188;ORIG001;DEST703;846.78;2021-04-20
ID03813;ORIG042;DEST970;391.06;2024-01-18
ID03814;ORIG015;DEST797;115.36;2020-06-10
ID03815;ORIG001;DEST028;258.00;2020-12-09
ID03816;ORIG007;DEST499;251.43;2021-04-21
ID03817;ORIG000;DEST188;64.61;2024-07-17
ID03818;ORIG011;DEST507;285.47;2022-11-08
ID03819;ORIG017;DEST463;557.91;2023-08-18
ID03820;ORIG011;DEST853;846.08;2020-09-19
ID03821;ORIG045;DEST916;73.68;2020-04-14
ID03822;ORIG007;DEST413;720.86;2024-09-04
ID03742;ORIG015;DEST214;481.83;2023-04-07
ID03824;ORIG008;DEST151;887.43;2021-03-27
ID03825;ORIG034;DEST277;120.66;2022-08-07
ID03826;ORIG001;DEST848;139.19;2022-06-17
ID03639;ORIG013;DEST229;72.94;2021-03-26
ID03828;ORIG012;DEST869;517.71;2024-09-12
ID03829;ORIG008;DEST230;956.64;2021-10-02
ID03830;ORIG009;DEST721;13.66;2023-08-22
ID03831;ORIG009;DEST517;227.11;2021-10-01
ID03832;ORIG017;DEST441;49.83;2022-08-11
ID00346;ORIG032;DEST991;269.89;2023-02-01
ID03834;ORIG050;DEST510;143.82;2023-02-28
ID03835;ORIG045;DEST345;228.34;2023-01-11
ID03836;ORIG087;DEST353;989.90;2024-08-26
ID03837;ORIG011;DEST902;911.74;2022-07-05
ID03838;ORIG087;DEST327;954.28;2023-10-23
ID03839;ORIG003;DEST208;947.95;2022-05-23
ID03840;ORIG012;DEST549;106.64;2022-03-09
ID03841;ORIG005;DEST268;997.93;2023-12-07
ID01836;ORIG002;DEST912;544.15;2020-06-07
ID03843;ORIG016;DEST119;390.24;2022-03-19
ID00721;ORIG014;DEST471;243.39;2024-09-18
ID03845;ORIG009;DEST784;121.72;2024-12-21
ID03846;ORIG025;DEST880;555.06;2022-12-04
ID03847;ORIG007;DEST928;808.01;2020-01-25
ID03848;ORIG014;DEST837;848.36;2020-08-27
ID03849;ORIG004;DEST377;927.50;2022-12-23
ID03850;ORIG009;DEST523;196.04;2020-03-08
ID01411;ORIG088;DEST737;644.79;2022-10-24
ID03852;ORIG016;DEST157;596.79;2023-04-11
ID03853;ORIG099;DEST507;655.53;2022-02-18
ID03854;ORIG014;DEST762;331.94;2022-01-27
ID03855;ORIG010;DEST750;274.94;2023-04-04
ID00590;ORIG015;DEST603;454.05;2023-01-28
ID03857;ORIG000;DEST308;310.66;2020-04-02
ID03858;ORIG005;DEST660;431.72;2022-11-26
ID03859;ORIG013;DEST790;274.48;2024-01-06
ID03860;ORIG006;DEST306;571.50;2022-06-07
ID03861;ORIG003;DEST463;387.97;2021-08-07
ID03862;ORIG090;DEST477;199.49;2022-08-08
ID03863;ORIG011;DEST825;641.11;2023-07-22
ID03864;ORIG007;DEST650;976.92;2023-08-04
ID00125;ORIG017;DEST690;690.11;2023-01-13
ID03866;ORIG004;DEST629;307.45;2024-12-03
ID03867;ORIG010;DEST505;802.17;2020-09-24
ID03868;ORIG013;DEST063;114.51;2022-04-01
ID02132;ORIG001;DEST879;106.61;2022-05-26
ID03870;ORIG011;DEST776;892.32;2023-02-27
ID03871;ORIG023;DEST463;863.99;2022-08-06
ID03872;ORIG000;DEST806;885.51;2022-01-13
ID03873;ORIG096;DEST523;558.58;2023-11-01
ID03874;ORIG017;DEST855;684.65;2024-09-22
ID03875;ORIG096;DEST250;531.49;2023-08-05
ID03876;ORIG019;DEST052;365.75;2024-12-11
ID03877;ORIG061;DEST031;629.90;2024-03-12
ID03878;ORIG013;DEST009;34.62;2020-04-05
ID03879;ORIG004;DEST346;466.24;2022-08-26
ID03880;ORIG014;DEST293;276.24;2023-05-06
ID03881;ORIG016;DEST523;287.03;2024-01-02
ID00138;ORIG008;DEST798;400.55;2020-05-13
ID03883;ORIG012;DEST522;273.01;2023-10-27
ID03884;ORIG014;DEST638;818.94;2024-03-05
ID03885;ORIG066;DEST241;195.16;2020-06-13
ID00497;ORIG008;DEST863;483.54;2021-03-16
ID03887;ORIG001;DEST384;507.43;2022-08-08
ID03888;ORIG000;DEST448;489.12;2020-01-07
ID03889;ORIG002;DEST754;183.18;2024-12-07
ID03233;ORIG014;DEST984;204.57;2024-07-18
ID03891;ORIG000;DEST950;869.89;2022-10-17
ID03892;ORIG012;DEST780;769.77;2020-04-14
ID03893;ORIG013;DEST533;61.31;2021-10-16
ID00521;ORIG012;DEST565;126.70;2020-06-19
ID03895;ORIG001;DEST098;842.30;2020-09-18
ID03896;ORIG009;DEST524;543.58;2022-01-01
ID03897;ORIG015;DEST397;662.91;2023-09-13
ID03898;ORIG016;DEST119;377.16;2024-02-01
ID03899;ORIG016;DEST561;805.12;2022-03-23
ID03711;ORIG007;DEST298;465.23;2022-08-08
ID03901;ORIG093;DEST029;199.64;2024-06-15
ID03902;ORIG019;DEST526;198.63;2020-11-10
ID03903;ORIG009;DEST124;915.37;2020-04-25
ID03904;ORIG013;DEST962;642.64;2020-05-17
ID03905;ORIG000;DEST732;250.07;2023-10-22
ID03906;ORIG019;DEST720;826.90;2024-09-28
ID03907;ORIG011;DEST302;272.27;2024-01-21
ID03908;ORIG002;DEST990;333.62;2020-01-07
ID03909;ORIG017;DEST112;878.81;2024-06-27
ID03854;ORIG011;DEST991;114.57;2021-05-24
ID03911;ORIG003;DEST939;138.62;2021-10-03
ID03912;ORIG001;DEST620;246.63;2024-09-24
ID03913;ORIG004;DEST609;589.22;2024-09-26
ID03914;ORIG063;DEST577;758.35;2024-10-28
ID03915;ORIG001;DEST195;516.14;2024-09-20
ID03916;ORIG000;DEST733;817.35;2020-03-23
ID03917;ORIG005;DEST954;895.71;2022-03-24
ID03918;ORIG008;DEST342;819.17;2024-10-27
ID03919;ORIG016;DEST168;343.67;2022-07-20
ID03920;ORIG065;DEST473;891.81;2023-10-23
ID03921;ORIG063;DEST041;525.33;2020-10-05
ID03922;ORIG000;DEST910;355.69;2020-09-16
ID03923;ORIG002;DEST814;794.03;2024-05-25
ID03924;ORIG017;DEST253;940.04;2020-02-13
ID03925;ORIG004;DEST342;709.21;2021-01-19
ID03926;ORIG090;DEST189;418.46;2021-12-20
ID03927;ORIG010;DEST382;314.60;2020-09-17
ID03928;ORIG019;DEST791;796.67;2021-07-24
ID03929;ORIG008;DEST033;585.46;2020-04-14
ID03930;ORIG001;DEST445;130.21;2023-01-07
ID03931;ORIG006;DEST605;496.07;2020-07-12
ID03932;ORIG015;DEST250;119.30;2022-01-03
ID03933;ORIG012;DEST180;778.40;2021-12-19
ID03934;ORIG016;DEST673;943.54;2022-04-27
ID03935;ORIG015;DEST644;142.32;2024-04-01
ID03936;ORIG006;DEST201;24.15;2023-06-07
ID03937;ORIG006;DEST585;181.51;2023-05-28
ID03938;ORIG011;DEST115;56.82;2020-10-26
ID03939;ORIG003;DEST146;928.07;2020-12-21
ID03940;ORIG004;DEST893;180.61;2022-09-11
ID03941;ORIG014;DEST827;191.55;2021-09-10
ID03942;ORIG000;DEST490;114.50;2023-12-03
ID03943;ORIG003;DEST917;94.21;2021-09-04
ID03944;ORIG013;DEST468;734.77;2021-10-05
ID03687;ORIG078;DEST401;599.35;2023-07-28
ID03946;ORIG015;DEST911;732.36;2021-11-27
ID03947;ORIG000;DEST416;966.40;2021-12-13
ID03948;ORIG019;DEST496;389.90;2020-04-04
ID03949;ORIG008;DEST183;68.33;2023-07-11
ID03950;ORIG002;DEST315;824.10;2022-06-03
ID03951;ORIG011;DEST006;452.83;2021-03-08
ID03952;ORIG018;DEST540;229.93;2022-04-21
ID03953;ORIG003;DEST684;89.75;2020-02-18
ID03954;ORIG041;DEST387;831.08;2022-10-12
ID03955;ORIG010;DEST923;672.27;2021-01-26
ID03956;ORIG014;DEST346;353.02;2023-09-08
ID03957;ORIG004;DEST765;64.11;2023-05-24
ID03958;ORIG014;DEST868;10.61;2020-05-19
ID03959;ORIG003;DEST892;872.71;2024-03-07
ID03960;ORIG007;DEST151;200.87;2024-05-06
ID03961;ORIG066;DEST450;267.34;2021-01-16
ID03962;ORIG018;DEST119;540.67;2023-02-23
ID03963;ORIG094;DEST787;180.86;2020-04-23
ID02723;ORIG020;DEST661;671.22;2022-11-16
ID00400;ORIG012;DEST371;960.09;2021-11-13
ID03966;ORIG098;DEST773;257.43;2021-01-14
ID03967;ORIG006;DEST267;435.14;2023-07-22
ID03968;ORIG004;DEST430;677.27;2023-06-07
ID03969;ORIG017;DEST000;99.01;2023-03-20
ID03970;ORIG019;DEST060;870.79;2021-01-12
ID03971;ORIG003;DEST354;236.31;2024-10-04
ID03972;ORIG050;DEST597;99.30;2024-03-05
ID03973;ORIG001;DEST657;26.99;2024-06-15
ID03974;ORIG007;DEST071;435.40;2021-07-08
ID03975;ORIG014;DEST015;15.86;2020-07-14
ID03976;ORIG002;DEST587;766.20;2021-10-20
ID03977;ORIG016;DEST037;646.80;2020-12-26
ID03978;ORIG001;DEST539;428.94;2020-12-16
ID03979;ORIG005;DEST069;849.87;2023-09-03
ID03980;ORIG078;DEST778;641.38;2022-07-02
ID03981;ORIG004;DEST132;123.09;2021-08-06
ID03982;ORIG010;DEST706;440.46;2021-03-28
ID03983;ORIG066;DEST413;847.99;2021-03-22
ID03984;ORIG069;DEST274;319.75;2022-06-20
ID03985;ORIG032;DEST638;380.50;2024-03-12
ID01586;ORIG011;DEST945;209.76;2021-08-23
ID03987;ORIG018;DEST643;521.31;2021-07-22
ID03988;ORIG011;DEST406;551.60;2023-11-28
ID03989;ORIG015;DEST058;120.77;2020-01-20
ID03990;ORIG003;DEST204;39.59;2020-08-03
ID03991;ORIG007;DEST313;876.79;2022-08-28
ID03992;ORIG012;DEST755;85.18;2023-04-21
ID03993;ORIG016;DEST442;699.71;2024-02-15
ID03994;ORIG006;DEST667;961.40;2024-11-16
ID03995;ORIG011;DEST302;66.38;2024-09-21
ID03996;ORIG049;DEST994;162.21;2024-04-13
ID03997;ORIG024;DEST471;447.81;2021-08-11
ID03998;ORIG008;DEST229;722.01;2022-05-11
ID03999;ORIG018;DEST065;105.56;2024-10-26
ID04000;ORIG062;DEST979;244.76;2023-10-23
ID04001;ORIG074;DEST984;71.20;2021-12-20
ID04002;ORIG015;DEST550;981.53;2022-07-28
ID04003;ORIG007;DEST229;272.91;2021-10-15
ID04004;ORIG007;DEST668;533.65;2021-05-25
ID01814;ORIG016;DEST684;526.48;2023-12-23
ID04006;ORIG005;DEST868;305.15;2022-01-12
ID04007;ORIG008;DEST045;939.75;2022-12-07
ID04008;ORIG019;DEST925;170.37;2021-01-13
ID04009;ORIG083;DEST208;414.97;2021-02-13
ID02563;ORIG005;DEST528;201.38;2020-05-22
ID04011;ORIG075;DEST001;236.23;2021-12-08
ID04012;ORIG004;DEST237;303.89;2020-07-26
ID04013;ORIG010;DEST968;728.10;2022-12-28
ID03519;ORIG010;DEST586;451.83;2023-12-17
ID04015;ORIG018;DEST360;700.61;2021-03-01
ID04016;ORIG001;DEST514;925.77;2020-01-21
ID04017;ORIG019;DEST086;184.67;2022-08-14
ID04018;ORIG005;DEST506;87.22;2023-10-02
ID04019;ORIG003;DEST456;687.21;2020-12-27
ID04020;ORIG006;DEST179;468.63;2022-09-21
ID04021;ORIG004;DEST516;102.54;2024-06-09
ID04022;ORIG001;DEST585;629.01;2024-04-21
ID04023;ORIG013;DEST877;761.92;2021-05-27
ID04024;ORIG000;DEST846;26.98;2023-08-17
ID04025;ORIG007;DEST855;789.34;2024-01-01
ID04026;ORIG018;DEST106;490.32;2021-07-13
ID04027;ORIG019;DEST156;831.59;2024-11-04
ID04028;ORIG002;DEST692;629.00;2023-12-01
ID04029;ORIG010;DEST459;565.04;2023-11-22
ID04030;ORIG005;DEST094;163.53;2024-05-10
ID04031;ORIG001;DEST533;811.92;2020-01-03
ID04032;ORIG005;DEST333;479.85;2021-02-18
ID04033;ORIG002;DEST648;19.97;2022-06-05
ID04034;ORIG019;DEST407;707.49;2020-09-22
ID04035;ORIG019;DEST240;506.43;2020-08-24
ID04036;ORIG000;DEST528;985.92;2023-08-06
ID04037;ORIG002;DEST098;269.81;2022-09-07
ID04038;ORIG014;DEST529;652.48;2023-01-10
ID04039;ORIG015;DEST788;656.74;2024-02-28
ID04040;ORIG008;DEST845;989.82;2024-11-17
ID04041;ORIG079;DEST663;705.50;2020-10-02
ID04042;ORIG002;DEST922;990.64;2020-10-26
ID04043;ORIG019;DEST318;976.39;2022-06-13
ID04044;ORIG016;DEST351;539.44;2020-10-02
ID04045;ORIG013;DEST891;409.31;2021-05-09
ID04046;ORIG018;DEST650;491.64;2020-06-04
ID04047;ORIG058;DEST732;775.25;2021-03-28
ID04048;ORIG092;DEST311;709.81;2021-06-26
ID04049;ORIG014;DEST091;70.32;2024-07-07
ID04050;ORIG005;DEST390;419.32;2020-10-01
ID04051;ORIG019;DEST436;346.67;2023-11-28
ID04052;ORIG079;DEST771;417.52;2023-02-05
ID04053;ORIG008;DEST588;942.48;2023-04-16
ID04054;ORIG019;DEST879;154.36;2022-06-16
ID04055;ORIG008;DEST748;656.80;2022-02-15
ID02585;ORIG072;DEST364;328.21;2020-03-23
ID04057;ORIG010;DEST264;703.42;2021-07-17
ID03395;ORIG063;DEST770;682.45;2021-07-16
ID04059;ORIG009;DEST963;472.35;2023-09-01
ID04060;ORIG005;DEST988;572.51;2020-06-21
ID04061;ORIG011;DEST514;33.03;2023-11-13
ID04062;ORIG000;DEST672;362.40;2020-12-22
ID04063;ORIG008;DEST404;800.55;2024-03-01
ID04064;ORIG006;DEST066;493.30;2023-05-10
ID04065;ORIG047;DEST320;405.11;2022-11-06
ID04066;ORIG006;DEST788;901.82;2022-03-18
ID04067;ORIG015;DEST428;687.41;2021-09-13
ID04068;ORIG019;DEST847;108.72;2022-09-27
ID04069;ORIG012;DEST569;172.04;2024-11-07
ID04070;ORIG057;DEST354;356.85;2020-09-22
ID04071;ORIG025;DEST463;517.18;2021-05-12
ID04072;ORIG014;DEST572;114.98;2020-10-01
ID04073;ORIG005;DEST802;185.40;2020-03-04
ID04074;ORIG012;DEST456;510.89;2022-06-11
ID04075;ORIG013;DEST840;660.70;2024-10-14
ID04076;ORIG072;DEST857;522.51;2024-01-22
ID04077;ORIG013;DEST338;359.10;2022-06-14
ID04078;ORIG008;DEST093;413.80;2022-04-01
ID04079;ORIG006;DEST707;192.36;2024-02-24
ID04080;ORIG018;DEST050;129.77;2021-09-21
ID04081;ORIG085;DEST381;622.41;2022-08-23
ID04082;ORIG017;DEST591;730.69;2022-09-22
ID04083;ORIG005;DEST624;83.50;2021-11-18
ID04084;ORIG003;DEST567;952.68;2024-03-06
ID04085;ORIG000;DEST484;589.18;2023-05-26
ID04086;ORIG019;DEST764;104.32;2021-09-01
ID04087;ORIG006;DEST878;244.02;2022-12-01
ID04088;ORIG008;DEST412;972.91;2021-06-16
ID04089;ORIG011;DEST283;155.36;2023-08-28
ID04090;ORIG009;DEST623;238.37;2022-03-15
ID04091;ORIG000;DEST921;57.29;2024-02-25
ID04092;ORIG003;DEST054;865.72;2022-04-13
ID04093;ORIG057;DEST303;973.62;2023-07-19
ID04094;ORIG081;DEST979;245.06;2023-11-07
ID04095;ORIG000;DEST561;141.30;2022-12-23
ID04096;ORIG000;DEST847;975.21;2024-07-22
ID04097;ORIG012;DEST931;573.76;2022-06-13
ID04098;ORIG005;DEST917;370.00;2023-08-16
ID04099;ORIG006;DEST824;506.07;2024-08-09
ID04100;ORIG009;DEST529;533.98;2023-04-08
ID04101;ORIG002;DEST078;740.03;2022-06-09
ID04102;ORIG009;DEST842;149.72;2023-12-25
ID04103;ORIG002;DEST520;900.46;2024-11-27
ID02962;ORIG027;DEST722;828.97;2020-03-09
ID04105;ORIG015;DEST516;259.93;2024-09-14
ID04106;ORIG005;DEST497;321.52;2021-08-06
ID04107;ORIG018;DEST081;110.93;2022-03-16
ID04108;ORIG014;DEST492;847.39;2021-03-09
ID02775;ORIG004;DEST362;228.19;2024-11-23
ID04110;ORIG004;DEST846;871.75;2022-05-13
ID04111;ORIG003;DEST181;606.89;2020-10-16
ID01507;ORIG008;DEST008;576.17;2020-09-01
ID04113;ORIG002;DEST700;938.13;2023-05-10
ID04114;ORIG005;DEST325;124.10;2020-10-13
ID04115;ORIG013;DEST357;685.86;2021-09-03
ID04116;ORIG016;DEST007;265.25;2024-11-24
ID04117;ORIG016;DEST279;639.17;2022-01-15
ID04118;ORIG015;DEST747;559.27;2020-09-24
ID04119;ORIG017;DEST236;879.79;2022-12-15
ID04120;ORIG010;DEST384;594.64;2022-11-09
ID04121;ORIG002;DEST308;187.58;2020-08-04
ID04122;ORIG019;DEST022;843.70;2020-09-24
ID03988;ORIG009;DEST623;436.14;2021-11-10
ID04124;ORIG016;DEST410;602.52;2024-02-18
ID04125;ORIG077;DEST532;211.67;2023-07-20
ID04126;ORIG004;DEST893;675.32;2024-07-06
ID04127;ORIG013;DEST312;18.25;2022-04-22
ID04128;ORIG004;DEST538;860.79;2022-08-27
ID04129;ORIG000;DEST238;166.54;2021-07-18
ID04130;ORIG092;DEST715;137.38;2023-02-02
ID04131;ORIG012;DEST855;942.66;2024-02-13
ID04132;ORIG003;DEST085;521.81;2020-03-09
ID04133;ORIG035;DEST473;355.34;2024-02-03
ID04134;ORIG008;DEST339;275.44;2024-03-14
ID04135;ORIG013;DEST128;703.15;2020-05-07
ID04136;ORIG015;DEST753;569.71;2022-12-22
ID04137;ORIG007;DEST324;937.36;2022-09-15
ID04138;ORIG000;DEST097;269.71;2023-09-13
ID04139;ORIG016;DEST513;231.88;2021-09-17
ID04140;ORIG018;DEST824;790.12;2023-02-21
ID04141;ORIG071;DEST912;260.93;2024-02-13
ID04142;ORIG008;DEST601;839.95;2024-10-15
ID04143;ORIG004;DEST155;535.97;2024-04-15
ID04144;ORIG018;DEST647;336.28;2021-07-05
ID04145;ORIG077;DEST857;210.49;2022-05-21
ID04146;ORIG018;DEST993;805.62;2023-03-08
ID04147;ORIG014;DEST941;743.55;2021-12-11
ID04148;ORIG054;DEST866;398.35;2022-10-04
ID04149;ORIG011;DEST455;922.59;2023-07-19
ID04150;ORIG003;DEST142;288.10;2022-09-02
ID04151;ORIG013;DEST215;261.09;2022-12-21
ID04152;ORIG005;DEST636;895.45;2022-10-08
ID04153;ORIG011;DEST616;330.30;2023-08-21
ID04154;ORIG009;DEST290;182.07;2022-12-21
ID04155;ORIG005;DEST919;880.87;2021-04-15
ID04156;ORIG002;DEST157;106.35;2022-09-08
ID00168;ORIG008;DEST357;139.09;2022-05-21
ID04158;ORIG093;DEST629;879.29;2023-03-27
ID04159;ORIG011;DEST353;392.77;2021-09-14
ID04160;ORIG016;DEST120;991.47;2023-12-05
ID04161;ORIG017;DEST636;756.12;2022-05-10
ID04162;ORIG012;DEST450;943.21;2021-09-11
ID04163;ORIG012;DEST931;427.52;2023-06-13
ID04164;ORIG000;DEST777;731.30;2022-02-25
ID04165;ORIG006;DEST720;617.44;2024-08-04
ID04166;ORIG006;DEST231;438.61;2021-07-28
ID04167;ORIG018;DEST836;103.95;2021-10-04
ID04168;ORIG046;DEST801;817.19;2020-02-13
ID04169;ORIG016;DEST835;745.73;2020-06-09
ID04170;ORIG019;DEST830;692.21;2021-11-25
ID04171;ORIG006;DEST836;360.14;2023-11-27
ID04172;ORIG009;DEST841;958.64;2024-01-15
ID04173;ORIG004;DEST598;187.86;2022-01-05
ID04174;ORIG099;DEST006;77.36;2023-01-20
ID01876;ORIG012;DEST446;273.62;2022-04-16
ID04176;ORIG089;DEST405;228.94;2020-10-28
ID02005;ORIG060;DEST937;884.01;2020-05-02
ID04178;ORIG009;DEST258;986.07;2024-09-20
ID04179;ORIG012;DEST404;648.22;2023-11-19
ID04180;ORIG003;DEST020;301.64;2022-11-16
ID04181;ORIG005;DEST741;779.71;2021-04-21
ID04182;ORIG019;DEST680;760.87;2023-11-24
ID04183;ORIG017;DEST178;536.60;2020-10-02
ID04184;ORIG017;DEST002;996.89;2022-02-17
ID04185;ORIG019;DEST817;555.65;2022-11-11
ID04186;ORIG012;DEST224;430.01;2024-04-12
ID04187;ORIG011;DEST442;307.70;2022-12-22
ID04188;ORIG003;DEST463;794.33;2024-09-23
ID00590;ORIG076;DEST982;846.11;2021-06-16
ID04190;ORIG017;DEST942;133.90;2023-07-23
ID04191;ORIG001;DEST249;411.95;2022-10-28
ID04192;ORIG003;DEST667;702.35;2020-03-09
ID04193;ORIG011;DEST093;250.34;2022-07-21
ID04194;ORIG001;DEST824;900.25;2021-04-20
ID04195;ORIG013;DEST952;614.83;2021-08-02
ID04196;ORIG013;DEST379;145.42;2024-09-14
ID04197;ORIG014;DEST057;777.15;2021-08-27
ID04198;ORIG019;DEST619;548.61;2022-12-19
ID04199;ORIG052;DEST346;138.31;2024-11-26
ID04200;ORIG015;DEST816;67.29;2022-06-19
ID01212;ORIG003;DEST083;448.15;2020-07-09
ID04202;ORIG007;DEST403;270.71;2021-02-15
ID04203;ORIG004;DEST403;767.42;2024-06-12
ID04204;ORIG011;DEST481;902.41;2024-07-01
ID04205;ORIG088;DEST076;94.32;2022-09-11
ID00491;ORIG004;DEST603;144.17;2023-11-11
ID04207;ORIG009;DEST953;330.63;2024-07-04
ID04208;ORIG005;DEST447;140.87;2023-07-07
ID04209;ORIG005;DEST014;445.34;2023-07-24
ID04210;ORIG003;DEST395;340.63;2023-07-19
ID04211;ORIG012;DEST710;747.67;2024-06-07
ID04212;ORIG024;DEST620;894.84;2023-04-28
ID04213;ORIG015;DEST545;744.87;2023-03-10
ID04214;ORIG012;DEST363;613.35;2022-07-04
ID00447;ORIG013;DEST757;627.65;2024-10-26
ID04216;ORIG001;DEST278;805.88;2023-01-11
ID04217;ORIG014;DEST430;835.76;2021-03-24
ID04218;ORIG007;DEST809;772.91;2023-01-23
ID04219;ORIG003;DEST843;92.82;2020-03-20
ID04220;ORIG010;DEST821;658.70;2020-01-09
ID04221;ORIG003;DEST639;140.58;2024-03-20
ID04222;ORIG016;DEST937;320.34;2022-05-24
ID04223;ORIG009;DEST909;646.71;2023-08-22
ID04224;ORIG004;DEST618;390.86;2023-02-25
ID04225;ORIG057;DEST600;249.97;2021-09-03
ID04226;ORIG017;DEST287;415.39;2022-08-01
ID04227;ORIG001;DEST915;647.06;2021-05-12
ID04228;ORIG004;DEST639;381.45;2024-06-27
ID04229;ORIG014;DEST168;873.26;2023-11-20
ID04230;ORIG016;DEST442;299.59;2020-05-19
ID03317;ORIG004;DEST909;124.65;2022-03-04
ID04232;ORIG080;DEST040;752.60;2020-03-24
ID04233;ORIG019;DEST914;546.93;2024-12-12
ID04234;ORIG003;DEST407;238.83;2020-12-13
ID04235;ORIG005;DEST508;643.20;2023-06-28
ID04236;ORIG016;DEST690;608.53;2021-08-26
ID04237;ORIG001;DEST662;704.96;2024-02-26
ID04238;ORIG005;DEST229;642.61;2022-08-02
ID04239;ORIG026;DEST183;273.31;2023-03-15
ID04240;ORIG012;DEST846;25.46;2021-04-24
ID04241;ORIG005;DEST554;939.86;2022-08-18
ID00537;ORIG054;DEST607;84.92;2023-12-08
ID04243;ORIG007;DEST516;858.44;2024-06-12
ID04244;ORIG000;DEST790;942.32;2021-10-21
ID04245;ORIG047;DEST370;950.79;2022-06-05
ID04246;ORIG024;DEST209;218.59;2024-10-04
ID04247;ORIG017;DEST202;407.06;2022-06-23
ID04248;ORIG056;DEST901;293.04;2021-05-04
ID04249;ORIG011;DEST057;951.06;2022-02-07
ID04250;ORIG067;DEST791;66.53;2021-01-13
ID04251;ORIG013;DEST928;217.14;2021-12-15
ID04252;ORIG007;DEST702;554.87;2020-09-19
ID04253;ORIG004;DEST858;537.75;2020-10-27
ID04254;ORIG006;DEST300;463.52;2022-10-23
ID04255;ORIG094;DEST837;546.35;2021-12-26
ID04256;ORIG014;DEST248;699.20;2023-06-08
ID04257;ORIG003;DEST544;396.05;2021-01-15
ID03957;ORIG001;DEST514;34.83;2020-01-21
ID02899;ORIG002;DEST950;190.13;2022-03-11
ID04260;ORIG049;DEST399;736.44;2022-01-26
ID04261;ORIG002;DEST483;341.04;2023-12-21
ID04262;ORIG019;DEST883;389.58;2020-04-16
ID04263;ORIG006;DEST991;270.07;2023-09-13
ID04264;ORIG018;DEST185;367.80;2022-04-09
ID04265;ORIG000;DEST246;784.48;2024-05-12
ID04266;ORIG017;DEST611;864.07;2023-10-27
ID04267;ORIG018;DEST395;957.65;2020-07-18
ID04268;ORIG016;DEST915;614.09;2024-04-16
ID00982;ORIG030;DEST987;667.04;2024-12-06
ID04270;ORIG013;DEST309;547.45;2021-04-17
ID04271;ORIG008;DEST191;651.89;2022-07-08
ID04272;ORIG018;DEST979;44.92;2020-04-01
ID04273;ORIG008;DEST115;626.10;2021-09-07
ID00603;ORIG007;DEST660;574.68;2021-09-25
ID04275;ORIG001;DEST927;577.87;2022-12-13
ID04276;ORIG003;DEST923;296.55;2022-11-24
ID04277;ORIG000;DEST881;403.65;2024-10-16
ID04278;ORIG008;DEST175;726.86;2020-07-16
ID04279;ORIG085;DEST818;297.79;2020-11-27
ID04280;ORIG015;DEST703;752.40;2021-03-09
ID04281;ORIG064;DEST192;994.51;2024-04-18
ID02957;ORIG005;DEST469;398.31;2022-12-07
ID04283;ORIG018;DEST089;328.61;2024-09-09
ID04284;ORIG001;DEST588;888.70;2023-03-09
ID04285;ORIG002;DEST416;723.44;2024-06-24
ID04286;ORIG057;DEST706;962.41;2024-08-25
ID04287;ORIG017;DEST762;925.52;2020-11-11
ID00981;ORIG012;DEST270;994.42;2024-01-10
ID02811;ORIG015;DEST071;299.86;2022-04-14
ID02784;ORIG010;DEST395;810.75;2023-12-21
ID04291;ORIG010;DEST857;88.69;2020-02-03
ID04292;ORIG018;DEST906;521.58;2020-01-13
ID04293;ORIG014;DEST926;433.69;2021-02-11
ID04294;ORIG080;DEST599;953.41;2023-11-27
ID04295;ORIG041;DEST830;87.78;2022-04-14
ID00444;ORIG003;DEST431;161.62;2022-09-14
ID04297;ORIG012;DEST508;601.74;2022-04-06
ID04298;ORIG007;DEST192;671.12;2024-03-11
ID04299;ORIG010;DEST322;102.74;2022-01-22
ID04300;ORIG000;DEST687;554.28;2021-12-21
ID04301;ORIG015;DEST235;471.67;2023-01-16
ID01902;ORIG000;DEST986;897.37;2024-07-21
ID01382;ORIG019;DEST953;731.59;2023-03-22
ID04304;ORIG015;DEST969;126.02;2021-11-06
ID04305;ORIG013;DEST547;710.22;2021-08-18
ID04306;ORIG014;DEST854;17.49;2021-12-21
ID04307;ORIG017;DEST229;875.61;2020-12-10
ID04308;ORIG019;DEST723;937.00;2020-06-26
ID04309;ORIG014;DEST048;748.79;2021-12-18
ID04310;ORIG006;DEST732;57.86;2024-12-14
ID04311;ORIG009;DEST062;205.94;2024-11-26
ID04312;ORIG008;DEST313;230.75;2023-03-21
ID04208;ORIG017;DEST036;491.68;2021-10-01
ID04314;ORIG019;DEST298;87.77;2022-11-19
ID04315;ORIG013;DEST777;642.06;2020-02-24
ID04316;ORIG018;DEST472;222.32;2022-08-06
ID04317;ORIG021;DEST894;776.88;2023-05-06
ID03306;ORIG015;DEST629;976.43;2024-07-19
ID03438;ORIG005;DEST640;937.54;2024-10-28
ID01735;ORIG007;DEST931;475.97;2024-04-08
ID04321;ORIG004;DEST642;350.09;2020-03-18
ID04322;ORIG016;DEST907;208.24;2022-04-24
ID04323;ORIG016;DEST140;789.52;2020-06-24
ID04324;ORIG014;DEST579;776.54;2021-03-10
ID04325;ORIG059;DEST398;929.30;2024-07-13
ID04326;ORIG014;DEST246;424.85;2021-11-02
ID04327;ORIG012;DEST872;566.03;2023-06-05
ID01422;ORIG010;DEST934;841.87;2023-04-20
ID03580;ORIG004;DEST103;15.72;2022-01-16
ID04330;ORIG004;DEST835;606.62;2020-07-07
ID04331;ORIG008;DEST197;977.88;2023-07-04
ID04332;ORIG060;DEST236;42.15;2023-09-26
ID04333;ORIG042;DEST561;711.50;2024-06-04
ID04334;ORIG001;DEST936;454.49;2020-03-17
ID04335;ORIG003;DEST664;118.74;2022-07-07
ID04336;ORIG001;DEST046;209.78;2024-05-07
ID04337;ORIG019;DEST908;972.34;2024-03-23
ID04338;ORIG010;DEST734;813.70;2021-12-05
ID04339;ORIG000;DEST192;267.63;2022-05-25
ID04340;ORIG009;DEST712;778.14;2020-12-01
ID04341;ORIG097;DEST105;883.48;2023-08-10
ID04342;ORIG019;DEST540;926.75;2023-12-28
ID04343;ORIG017;DEST968;663.44;2023-05-24
ID04344;ORIG003;DEST264;619.56;2021-06-10
ID04345;ORIG018;DEST254;326.33;2024-11-18
ID04346;ORIG000;DEST104;494.72;2022-09-01
ID04347;ORIG007;DEST069;863.88;2024-09-02
ID04348;ORIG010;DEST037;178.54;2024-09-27
ID04349;ORIG015;DEST180;453.48;2023-03-25
ID04350;ORIG009;DEST698;31.46;2022-11-09
ID04351;ORIG002;DEST889;290.59;2022-03-07
ID04352;ORIG000;DEST131;984.42;2020-12-08
ID04353;ORIG010;DEST503;293.10;2024-06-02
ID04354;ORIG000;DEST855;584.40;2021-04-19
ID04355;ORIG008;DEST413;124.09;2023-01-06
ID04356;ORIG006;DEST831;996.75;2024-12-16
ID04357;ORIG009;DEST155;308.55;2024-11-24
ID04358;ORIG019;DEST873;139.83;2023-05-17
ID04359;ORIG067;DEST009;877.60;2023-10-23
ID04360;ORIG008;DEST774;866.72;2021-06-25
ID04361;ORIG004;DEST783;702.46;2021-07-15
ID04362;ORIG004;DEST972;559.16;2020-05-09
ID04363;ORIG003;DEST819;678.30;2024-05-19
ID04364;ORIG016;DEST494;629.75;2021-08-11
ID04365;ORIG006;DEST529;184.73;2024-02-08
ID04366;ORIG004;DEST899;888.91;2021-03-20
ID04367;ORIG023;DEST848;435.47;2022-12-23
ID04368;ORIG010;DEST175;956.83;2020-05-06
ID04369;ORIG006;DEST877;848.22;2022-06-06
ID04370;ORIG007;DEST681;379.09;2020-09-19
ID02852;ORIG006;DEST574;225.61;2021-02-04
ID04372;ORIG007;DEST079;631.61;2020-04-19
ID04373;ORIG015;DEST225;306.46;2024-07-28
ID04374;ORIG000;DEST321;933.74;2022-03-13
ID04375;ORIG018;DEST762;527.33;2021-08-06
ID04376;ORIG069;DEST187;987.75;2023-09-28
ID04377;ORIG019;DEST895;813.02;2021-06-08
ID04378;ORIG015;DEST018;537.21;2023-02-21
ID04379;ORIG085;DEST422;545.14;2021-04-22
ID04380;ORIG093;DEST084;193.55;2024-11-07
ID04381;ORIG011;DEST693;145.17;2024-08-13
ID04382;ORIG001;DEST422;696.18;2024-12-16
ID01267;ORIG018;DEST809;136.02;2023-07-10
ID03867;ORIG096;DEST213;198.33;2022-03-18
ID04385;ORIG012;DEST298;626.26;2022-01-04
ID04386;ORIG062;DEST210;463.96;2023-12-15
ID04387;ORIG009;DEST162;961.18;2023-05-03
ID04388;ORIG016;DEST662;179.20;2023-05-17
ID04389;ORIG013;DEST748;986.07;2022-11-05
ID04390;ORIG001;DEST703;679.13;2021-02-08
ID04391;ORIG002;DEST579;392.64;2022-12-19
ID04392;ORIG007;DEST063;629.30;2022-05-17
ID04393;ORIG019;DEST814;842.75;2023-02-14
ID04394;ORIG014;DEST882;681.75;2020-09-21
ID04395;ORIG008;DEST012;458.89;2022-09-01
ID04396;ORIG005;DEST128;849.49;2020-07-01
ID04397;ORIG001;DEST476;879.31;2020-02-12
ID04398;ORIG019;DEST338;390.56;2023-08-17
ID04399;ORIG012;DEST036;66.32;2020-01-04
ID04400;ORIG007;DEST867;617.72;2024-12-19
ID04401;ORIG009;DEST049;133.61;2023-05-03
ID04402;ORIG048;DEST475;144.22;2024-11-07
ID04403;ORIG008;DEST665;89.65;2022-10-26
ID04404;ORIG012;DEST776;910.72;2024-08-10
ID03987;ORIG087;DEST938;724.30;2022-08-07
ID04406;ORIG003;DEST338;720.45;2022-09-01
ID04407;ORIG004;DEST073;834.43;2023-12-03
ID04408;ORIG017;DEST418;288.75;2021-12-23
ID04409;ORIG010;DEST629;304.26;2021-04-08
ID04410;ORIG019;DEST191;744.92;2021-10-26
ID02192;ORIG024;DEST861;338.21;2023-09-13
ID04412;ORIG004;DEST248;822.18;2021-02-01
ID04413;ORIG005;DEST001;666.19;2020-12-02
ID04414;ORIG003;DEST704;714.26;2023-04-17
ID04415;ORIG012;DEST102;340.81;2021-03-03
ID04416;ORIG000;DEST293;824.16;2022-11-22
ID04417;ORIG013;DEST991;366.11;2024-10-02
ID03121;ORIG007;DEST679;510.90;2024-05-08
ID04419;ORIG015;DEST728;42.46;2023-03-01
ID04420;ORIG001;DEST295;93.50;2022-03-15
ID04421;ORIG004;DEST881;867.10;2021-08-04
ID04422;ORIG011;DEST304;817.61;2023-08-05
ID04423;ORIG090;DEST709;871.54;2021-10-27
ID04424;ORIG016;DEST784;91.51;2021-08-11
ID04425;ORIG019;DEST104;214.59;2023-09-01
ID04426;ORIG001;DEST076;11.24;2021-12-07
ID01753;ORIG018;DEST255;347.83;2021-05-17
ID02859;ORIG005;DEST238;834.07;2024-09-06
ID04429;ORIG051;DEST689;640.58;2021-05-08
ID04430;ORIG004;DEST089;273.17;2020-11-10
ID04431;ORIG031;DEST460;855.23;2024-03-10
ID04432;ORIG017;DEST380;355.73;2020-10-24
ID00018;ORIG005;DEST056;638.29;2021-10-18
ID04336;ORIG001;DEST789;859.19;2020-01-26
ID04435;ORIG012;DEST381;301.75;2023-11-10
ID04436;ORIG014;DEST620;114.28;2024-08-14
ID04437;ORIG009;DEST678;312.58;2023-04-02
ID04438;ORIG012;DEST202;28.34;2024-02-22
ID04439;ORIG001;DEST010;937.71;2021-11-25
ID04440;ORIG092;DEST685;626.24;2021-12-24
ID03893;ORIG019;DEST246;162.98;2022-07-18
ID04442;ORIG008;DEST158;42.35;2020-03-10
ID04443;ORIG000;DEST941;181.80;2021-01-03
ID03288;ORIG008;DEST903;748.15;2021-03-07
ID04445;ORIG014;DEST691;583.76;2022-08-25
ID04446;ORIG013;DEST016;562.87;2023-12-13
ID04447;ORIG061;DEST159;400.94;2024-09-28
ID04448;ORIG019;DEST950;757.08;2022-09-08
ID04449;ORIG019;DEST406;256.95;2022-02-03
ID04450;ORIG010;DEST826;683.06;2023-07-14
ID04451;ORIG019;DEST731;32.05;2024-03-21
ID01556;ORIG010;DEST280;913.57;2022-05-20
ID04453;ORIG006;DEST969;114.33;2023-03-05
ID04454;ORIG019;DEST126;627.89;2020-03-05
ID03319;ORIG017;DEST648;271.07;2023-02-16
ID04456;ORIG007;DEST244;578.03;2022-10-18
ID04457;ORIG013;DEST538;213.83;2022-08-21
ID04458;ORIG018;DEST806;717.62;2022-06-27
ID04459;ORIG018;DEST588;649.59;2021-08-09
ID04460;ORIG015;DEST193;330.84;2023-03-14
ID04461;ORIG034;DEST627;40.10;2022-07-13
ID04462;ORIG067;DEST610;827.88;2021-11-25
ID04463;ORIG007;DEST850;181.44;2023-12-28
ID04464;ORIG008;DEST520;436.74;2021-05-11
ID04465;ORIG006;DEST068;261.80;2024-02-19
ID04466;ORIG098;DEST119;431.68;2023-02-18
ID04467;ORIG022;DEST996;762.19;2024-06-18
ID04468;ORIG017;DEST406;706.96;2023-01-27
ID04469;ORIG015;DEST400;626.73;2023-09-12
ID04470;ORIG015;DEST445;203.59;2021-05-14
ID04471;ORIG014;DEST922;481.68;2023-01-17
ID04472;ORIG018;DEST345;499.16;2023-12-15
ID04473;ORIG002;DEST573;171.03;2020-09-06
ID03124;ORIG018;DEST318;64.44;2021-03-20
ID04475;ORIG001;DEST546;84.60;2023-07-19
ID04476;ORIG014;DEST872;587.53;2020-01-22
ID04477;ORIG015;DEST429;962.36;2024-03-02
ID04478;ORIG091;DEST950;798.36;2020-01-27
ID04479;ORIG009;DEST253;633.98;2021-03-17
ID04480;ORIG005;DEST596;817.83;2024-12-09
ID04481;ORIG002;DEST420;330.51;2022-08-17
ID04482;ORIG014;DEST862;489.08;2020-09-16
ID04483;ORIG001;DEST440;759.71;2020-05-01
ID04484;ORIG016;DEST706;722.66;2023-07-07
ID04485;ORIG011;DEST612;648.25;2024-08-16
ID01103;ORIG019;DEST036;65.99;2021-11-06
ID04487;ORIG000;DEST287;423.54;2024-01-22
ID04488;ORIG018;DEST826;282.35;2022-02-28
ID03741;ORIG003;DEST019;147.24;2022-06-23
ID04490;ORIG071;DEST942;668.80;2021-01-15
ID02826;ORIG004;DEST684;524.72;2022-01-09
ID04492;ORIG005;DEST852;259.79;2020-06-26
ID04493;ORIG023;DEST484;728.85;2020-06-28
ID04494;ORIG007;DEST081;31.42;2020-02-06
ID04495;ORIG092;DEST011;414.53;2020-01-28
ID04496;ORIG005;DEST291;619.03;2021-04-11
ID04497;ORIG011;DEST076;351.96;2022-08-14
ID04498;ORIG015;DEST212;348.18;2023-05-11
ID04499;ORIG012;DEST816;813.65;2023-08-12
ID04500;ORIG017;DEST669;690.97;2023-01-12
ID04501;ORIG019;DEST720;195.01;2024-10-09
ID04502;ORIG004;DEST571;128.80;2024-02-24
ID02209;ORIG014;DEST775;606.66;2021-08-06
ID04504;ORIG011;DEST425;205.19;2020-03-06
ID04505;ORIG011;DEST381;490.52;2022-03-26
ID04506;ORIG006;DEST363;825.18;2023-09-06
ID04507;ORIG002;DEST926;398.19;2020-04-17
ID04508;ORIG007;DEST213;984.21;2023-01-09
ID04509;ORIG017;DEST934;870.32;2020-12-10
ID04510;ORIG007;DEST768;137.00;2023-12-28
ID04511;ORIG006;DEST384;267.31;2023-06-08
ID04512;ORIG026;DEST409;710.98;2021-12-23
ID04513;ORIG018;DEST446;882.05;2021-03-17
ID04514;ORIG018;DEST834;34.59;2022-04-13
ID04515;ORIG011;DEST049;155.19;2021-09-07
ID04516;ORIG013;DEST431;379.28;2022-08-22
ID04517;ORIG027;DEST857;143.92;2024-02-13
ID04518;ORIG001;DEST265;242.81;2023-09-18
ID04519;ORIG016;DEST549;298.18;2024-07-13
ID04520;ORIG001;DEST958;87.11;2021-10-14
ID04521;ORIG048;DEST578;816.17;2023-12-17
ID04522;ORIG003;DEST908;837.49;2024-10-06
ID02668;ORIG008;DEST226;799.18;2020-05-17
ID04524;ORIG054;DEST169;150.00;2020-03-26
ID04525;ORIG014;DEST829;442.52;2020-12-04
ID04526;ORIG002;DEST231;258.11;2020-12-11
ID04527;ORIG019;DEST822;946.97;2021-09-14
ID04528;ORIG014;DEST288;597.71;2020-10-18
ID04529;ORIG071;DEST043;183.66;2020-10-10
ID04530;ORIG016;DEST300;269.44;2022-09-24
ID04531;ORIG010;DEST074;214.37;2020-06-17
ID00371;ORIG019;DEST334;246.10;2023-03-27
ID04533;ORIG000;DEST605;369.52;2024-09-17
ID04534;ORIG016;DEST563;283.60;2023-05-16
ID04535;ORIG056;DEST578;243.44;2020-10-01
ID04536;ORIG012;DEST430;515.44;2020-03-16
ID04537;ORIG019;DEST460;985.30;2023-02-23
ID04538;ORIG038;DEST699;330.36;2022-08-19
ID04539;ORIG000;DEST666;470.86;2022-05-21
ID04540;ORIG018;DEST510;85.60;2021-02-14
ID04541;ORIG000;DEST509;289.59;2022-03-12
ID04357;ORIG004;DEST653;273.16;2022-08-18
ID04543;ORIG019;DEST767;576.20;2021-10-22
ID04544;ORIG007;DEST258;562.71;2023-06-27
ID04545;ORIG041;DEST598;531.32;2022-12-16
ID04546;ORIG001;DEST527;57.10;2021-04-08
ID04547;ORIG011;DEST132;616.10;2020-10-24
ID01780;ORIG012;DEST724;37.29;2022-10-23
ID04549;ORIG090;DEST391;611.20;2020-02-24
ID04550;ORIG009;DEST965;842.57;2020-11-21
ID04551;ORIG001;DEST340;604.12;2021-04-18
ID04552;ORIG019;DEST597;11.83;2022-10-11
ID04553;ORIG013;DEST996;253.54;2020-04-13
ID04554;ORIG012;DEST708;515.89;2024-11-04
ID04555;ORIG001;DEST539;731.51;2023-09-16
ID04556;ORIG001;DEST647;451.08;2023-11-21
ID04557;ORIG008;DEST966;333.37;2020-04-13
ID04558;ORIG017;DEST476;193.95;2021-08-15
ID04559;ORIG011;DEST458;467.37;2022-01-11
ID04560;ORIG010;DEST842;963.99;2021-11-12
ID04561;ORIG003;DEST593;200.82;2020-07-02
ID04562;ORIG000;DEST251;98.63;2024-03-12
ID04563;ORIG020;DEST025;582.91;2021-10-16
ID04564;ORIG013;DEST093;43.68;2024-07-13
ID04565;ORIG001;DEST775;545.20;2021-12-16
ID04566;ORIG014;DEST252;703.19;2022-05-05
ID04567;ORIG008;DEST331;314.17;2020-07-14
ID04568;ORIG014;DEST696;276.55;2020-08-02
ID04569;ORIG004;DEST131;919.69;2023-06-01
ID00060;ORIG012;DEST521;300.91;2022-05-25
ID04571;ORIG010;DEST970;98.90;2023-08-13
ID04572;ORIG002;DEST161;182.06;2023-08-04
ID04573;ORIG007;DEST130;821.15;2022-07-18
ID04574;ORIG015;DEST234;478.36;2021-01-28
ID01267;ORIG062;DEST390;603.28;2023-10-12
ID04576;ORIG003;DEST263;499.19;2020-04-04
ID04577;ORIG018;DEST909;685.62;2023-09-10
ID04578;ORIG009;DEST924;187.06;2020-09-19
ID04579;ORIG068;DEST359;497.47;2022-05-26
ID04580;ORIG081;DEST058;133.32;2021-03-01
ID00203;ORIG070;DEST038;760.45;2021-08-22
ID04582;ORIG007;DEST845;909.46;2022-05-21
ID01547;ORIG014;DEST943;31.85;2021-01-19
ID04584;ORIG038;DEST760;472.96;2023-07-04
ID04585;ORIG001;DEST259;671.59;2020-05-02
ID04586;ORIG013;DEST081;857.03;2022-08-11
ID04587;ORIG004;DEST563;286.31;2022-08-17
ID02803;ORIG007;DEST092;720.77;2024-05-27
ID04589;ORIG018;DEST118;543.08;2022-08-19
ID04590;ORIG017;DEST479;414.34;2024-05-09
ID04591;ORIG017;DEST840;725.28;2022-07-21
ID04592;ORIG062;DEST299;609.97;2020-10-27
ID04593;ORIG013;DEST270;895.04;2021-02-14
ID04594;ORIG009;DEST662;449.37;2021-07-11
ID04595;ORIG015;DEST491;333.26;2022-04-24
ID04596;ORIG004;DEST888;809.47;2022-08-27
ID04597;ORIG016;DEST803;441.69;2022-01-05
ID04598;ORIG011;DEST854;796.47;2024-01-20
ID04599;ORIG016;DEST883;845.05;2022-12-11
ID04600;ORIG003;DEST599;678.38;2020-01-19
ID00486;ORIG013;DEST082;351.69;2021-06-03
ID04602;ORIG014;DEST651;974.64;2023-11-02
ID04603;ORIG013;DEST586;193.33;2021-05-25
ID04604;ORIG000;DEST801;723.04;2022-10-15
ID04605;ORIG010;DEST546;819.48;2020-11-01
ID04606;ORIG010;DEST269;75.19;2024-05-07
ID04607;ORIG007;DEST269;567.75;2020-11-25
ID04608;ORIG053;DEST801;18.81;2024-08-16
ID04609;ORIG014;DEST596;324.25;2020-02-11
ID04610;ORIG001;DEST973;16.53;2024-12-10
ID04611;ORIG001;DEST252;106.19;2021-08-23
ID04612;ORIG002;DEST582;199.43;2023-10-02
ID04613;ORIG007;DEST498;498.63;2022-01-01
ID04614;ORIG003;DEST114;763.42;2024-02-15
ID04615;ORIG001;DEST386;157.79;2020-12-22
ID04616;ORIG013;DEST704;399.15;2020-08-25
ID01719;ORIG009;DEST266;472.55;2022-09-11
ID03257;ORIG014;DEST773;212.95;2020-06-12
ID04619;ORIG011;DEST369;265.67;2022-05-27
ID04620;ORIG092;DEST476;852.74;2020-08-21
ID04621;ORIG098;DEST800;439.74;2022-09-22
ID04622;ORIG019;DEST738;735.72;2023-10-07
ID04623;ORIG007;DEST779;323.96;2020-07-02
ID04624;ORIG001;DEST304;520.31;2024-01-28
ID04625;ORIG025;DEST784;173.10;2022-05-13
ID04626;ORIG008;DEST154;224.06;2023-09-22
ID04627;ORIG007;DEST241;172.66;2024-08-02
ID04628;ORIG083;DEST518;210.62;2023-12-15
ID04629;ORIG031;DEST419;950.16;2021-02-11
ID02544;ORIG006;DEST394;691.95;2024-07-21
ID04631;ORIG019;DEST494;836.89;2020-07-17
ID04632;ORIG002;DEST169;385.88;2020-12-15
ID04633;ORIG027;DEST364;265.26;2024-11-10
ID04634;ORIG004;DEST377;47.16;2020-10-12
ID04635;ORIG009;DEST246;179.84;2020-03-02
ID04636;ORIG001;DEST240;481.29;2021-11-22
ID04637;ORIG013;DEST485;885.55;2024-10-07
ID04638;ORIG010;DEST329;366.37;2023-08-21
ID04639;ORIG010;DEST884;828.15;2021-02-16
ID04640;ORIG088;DEST442;55.83;2024-02-25
ID04641;ORIG000;DEST528;991.69;2024-01-09
ID04642;ORIG001;DEST378;81.60;2022-04-27
ID04643;ORIG001;DEST222;281.34;2021-11-26
ID04644;ORIG024;DEST429;977.65;2020-06-04
ID04645;ORIG085;DEST246;420.54;2022-11-02
ID04646;ORIG004;DEST626;288.59;2021-05-21
ID04647;ORIG018;DEST879;229.67;2022-10-20
ID04648;ORIG002;DEST996;31.29;2024-09-01
ID04649;ORIG089;DEST857;860.43;2020-09-24
ID03167;ORIG045;DEST675;48.05;2021-07-14
ID04651;ORIG016;DEST223;472.84;2022-11-20
ID00353;ORIG011;DEST662;172.43;2020-10-07
ID04653;ORIG013;DEST638;632.84;2023-10-28
ID04654;ORIG002;DEST926;888.14;2023-07-09
ID04655;ORIG053;DEST108;74.90;2021-04-17
ID04656;ORIG014;DEST166;670.17;2023-01-13
ID04657;ORIG006;DEST188;410.74;2021-11-25
ID04658;ORIG000;DEST866;622.42;2022-02-23
ID04659;ORIG011;DEST513;137.26;2023-12-23
ID04660;ORIG006;DEST725;234.47;2023-12-16
ID04661;ORIG003;DEST421;86.68;2021-01-09
ID00530;ORIG017;DEST595;681.98;2023-06-12
ID04663;ORIG013;DEST817;14.94;2020-09-06
ID04664;ORIG009;DEST049;623.76;2020-09-07
ID04665;ORIG005;DEST180;884.30;2022-01-21
ID04666;ORIG010;DEST468;374.45;2024-06-02
ID04667;ORIG008;DEST159;998.87;2022-07-15
ID04668;ORIG000;DEST249;960.63;2024-05-21
ID04669;ORIG015;DEST614;508.62;2023-06-28
ID04670;ORIG014;DEST567;790.00;2021-07-16
ID04671;ORIG012;DEST069;891.94;2020-06-28
ID04672;ORIG085;DEST395;908.88;2023-11-08
ID04673;ORIG004;DEST928;644.29;2021-05-11
ID04674;ORIG039;DEST341;918.83;2021-11-20
ID04675;ORIG000;DEST653;730.88;2022-06-07
ID04676;ORIG076;DEST980;684.35;2020-08-02
ID04677;ORIG011;DEST169;632.90;2023-09-18
ID04678;ORIG017;DEST960;724.91;2024-09-18
ID04679;ORIG015;DEST243;963.82;2021-01-05
ID04680;ORIG007;DEST419;605.00;2024-06-26
ID04681;ORIG014;DEST728;897.11;2021-04-16
ID04682;ORIG012;DEST653;109.85;2023-04-03
ID04683;ORIG000;DEST900;614.27;2020-04-13
ID04684;ORIG012;DEST418;437.00;2021-01-13
ID01685;ORIG010;DEST086;685.10;2020-08-02
ID04686;ORIG015;DEST800;887.92;2023-10-10
ID04687;ORIG001;DEST263;656.08;2023-04-23
ID03646;ORIG007;DEST539;119.98;2022-07-04
ID01606;ORIG002;DEST693;759.70;2024-03-05
ID04690;ORIG014;DEST843;929.79;2024-05-20
ID04691;ORIG016;DEST989;584.29;2020-01-22
ID03467;ORIG013;DEST682;788.44;2022-08-28
ID04693;ORIG018;DEST229;123.25;2024-11-21
ID04694;ORIG008;DEST168;319.04;2023-05-15
ID04695;ORIG016;DEST216;972.13;2021-06-26
ID04696;ORIG001;DEST282;256.79;2023-06-11
ID04697;ORIG007;DEST924;132.93;2023-03-02
ID04698;ORIG008;DEST918;871.35;2023-07-23
ID04699;ORIG012;DEST453;934.85;2022-02-11
ID04700;ORIG001;DEST875;660.90;2020-06-25
ID04701;ORIG018;DEST917;674.46;2021-10-28
ID04702;ORIG038;DEST136;541.22;2022-02-02
ID04703;ORIG011;DEST324;773.51;2022-04-15
ID04704;ORIG007;DEST593;476.76;2020-06-06
ID04705;ORIG017;DEST704;973.39;2024-05-12
ID04706;ORIG004;DEST232;624.78;2023-01-21
ID04707;ORIG007;DEST699;493.74;2022-02-04
ID03727;ORIG014;DEST492;766.22;2021-01-04
ID04709;ORIG016;DEST353;219.57;2022-03-07
ID04710;ORIG003;DEST393;514.00;2022-09-12
ID04711;ORIG004;DEST995;839.16;2020-12-13
ID04712;ORIG008;DEST847;323.88;2024-06-01
ID04713;ORIG012;DEST815;403.38;2020-10-21
ID04714;ORIG005;DEST187;999.81;2020-03-14
ID04715;ORIG005;DEST045;705.09;2021-07-01
ID04716;ORIG010;DEST683;904.38;2020-08-01
ID04717;ORIG051;DEST457;271.63;2022-01-02
ID04718;ORIG015;DEST440;58.12;2023-07-16
ID04719;ORIG017;DEST089;922.59;2020-06-17
ID04720;ORIG025;DEST767;422.33;2024-08-05
ID04721;ORIG005;DEST730;722.76;2023-10-16
ID04722;ORIG010;DEST604;21.20;2020-03-02
ID04723;ORIG018;DEST329;624.17;2022-01-01
ID04724;ORIG019;DEST961;648.39;2022-08-13
ID04207;ORIG019;DEST531;232.24;2023-04-24
ID04726;ORIG014;DEST510;114.99;2022-04-09
ID04727;ORIG010;DEST913;39.53;2021-11-27
ID04728;ORIG013;DEST086;437.35;2020-10-25
ID04729;ORIG054;DEST670;926.92;2022-03-03
ID04730;ORIG001;DEST893;404.03;2024-11-02
ID04731;ORIG011;DEST871;207.07;2023-04-06
ID04732;ORIG013;DEST432;753.00;2022-07-28
ID04733;ORIG011;DEST449;348.33;2020-02-18
ID04734;ORIG005;DEST480;355.66;2024-03-26
ID04735;ORIG003;DEST130;335.20;2020-11-12
ID04736;ORIG012;DEST867;189.25;2023-01-19
ID04737;ORIG001;DEST184;90.81;2021-12-08
ID02274;ORIG007;DEST063;824.04;2021-04-13
ID04739;ORIG014;DEST016;823.96;2020-06-12
ID04740;ORIG013;DEST448;517.87;2023-02-24
ID04741;ORIG000;DEST566;385.33;2022-08-10
ID01719;ORIG013;DEST869;394.10;2020-01-19
ID04743;ORIG008;DEST325;155.11;2020-01-03
ID04744;ORIG004;DEST190;47.69;2024-08-09
ID04745;ORIG002;DEST061;839.16;2022-01-11
ID04126;ORIG013;DEST707;81.59;2021-01-26
ID04747;ORIG010;DEST095;134.67;2023-10-25
ID00897;ORIG018;DEST706;308.74;2024-09-19
ID04749;ORIG007;DEST373;126.38;2024-07-26
ID04750;ORIG004;DEST665;357.87;2023-01-10
ID04751;ORIG017;DEST189;93.80;2020-10-28
ID04752;ORIG026;DEST802;531.14;2022-03-14
ID04753;ORIG006;DEST887;212.79;2022-07-08
ID01507;ORIG019;DEST936;732.00;2021-03-05
ID04755;ORIG002;DEST728;788.03;2024-11-25
ID04756;ORIG006;DEST009;220.42;2023-08-23
ID04757;ORIG016;DEST698;45.24;2024-08-09
ID04758;ORIG002;DEST135;901.31;2021-08-01
ID02760;ORIG009;DEST610;542.13;2022-12-08
ID04760;ORIG010;DEST279;189.17;2020-12-16
ID04761;ORIG054;DEST636;64.21;2022-08-24
ID04762;ORIG013;DEST213;259.99;2020-12-26
ID04763;ORIG007;DEST061;981.47;2022-10-12
ID04764;ORIG019;DEST803;601.17;2020-09-25
ID04765;ORIG011;DEST592;783.45;2021-04-01
ID04766;ORIG000;DEST452;557.58;2020-12-20
ID04767;ORIG008;DEST757;983.40;2020-11-25
ID04768;ORIG000;DEST990;697.14;2021-11-02
ID04769;ORIG019;DEST349;274.14;2024-10-03
ID04770;ORIG065;DEST235;699.05;2021-12-23
ID04771;ORIG019;DEST779;938.55;2023-06-19
ID04772;ORIG012;DEST490;208.00;2022-07-07
ID04773;ORIG002;DEST290;551.11;2021-02-22
ID04774;ORIG054;DEST839;190.80;2020-11-26
ID04775;ORIG008;DEST376;719.18;2020-02-16
ID04776;ORIG055;DEST520;626.46;2021-08-14
ID04777;ORIG015;DEST984;183.56;2022-02-16
ID04778;ORIG024;DEST841;704.34;2020-11-13
ID04779;ORIG008;DEST238;688.48;2020-07-12
ID04780;ORIG095;DEST480;396.79;2024-07-09
ID04781;ORIG018;DEST076;469.49;2024-09-19
ID04782;ORIG078;DEST040;595.37;2023-10-22
ID04783;ORIG051;DEST560;434.62;2024-11-11
ID04784;ORIG002;DEST660;330.23;2022-09-19
ID04785;ORIG018;DEST923;173.74;2020-12-26
ID04786;ORIG017;DEST264;715.69;2024-11-27
ID04787;ORIG015;DEST185;856.12;2024-11-09
ID04788;ORIG009;DEST945;229.33;2020-12-23
ID04789;ORIG004;DEST630;189.32;2024-08-17
ID04790;ORIG012;DEST410;569.05;2020-06-11
ID03266;ORIG018;DEST318;509.43;2020-02-21
ID04792;ORIG003;DEST474;708.53;2022-07-26
ID04793;ORIG000;DEST935;731.80;2020-11-02
ID04794;ORIG011;DEST166;161.78;2020-12-01
ID04795;ORIG031;DEST496;248.17;2023-12-05
ID04796;ORIG047;DEST466;754.77;2021-03-07
ID04698;ORIG018;DEST047;412.74;2024-03-01
ID04798;ORIG008;DEST016;415.84;2020-12-15
ID04799;ORIG013;DEST935;354.66;2022-08-10
ID01786;ORIG003;DEST836;819.06;2020-04-16
ID01705;ORIG080;DEST520;347.72;2024-09-19
ID01341;ORIG001;DEST136;257.43;2022-02-18
ID04803;ORIG000;DEST664;144.66;2021-08-25
ID04804;ORIG017;DEST239;42.63;2020-10-17
ID04805;ORIG025;DEST811;507.96;2024-05-06
ID04806;ORIG003;DEST081;461.27;2022-08-02
ID04807;ORIG003;DEST327;791.21;2020-04-27
ID04808;ORIG012;DEST359;729.60;2022-10-14
ID04809;ORIG006;DEST141;779.57;2021-05-18
ID04810;ORIG019;DEST006;17.80;2021-07-14
ID04811;ORIG013;DEST044;218.16;2023-12-28
ID04812;ORIG009;DEST105;697.56;2023-09-06
ID04813;ORIG085;DEST567;428.08;2023-09-14
ID04814;ORIG009;DEST605;260.04;2020-10-04
ID04815;ORIG048;DEST030;364.86;2024-03-26
ID04816;ORIG000;DEST817;413.21;2020-11-12
ID00015;ORIG002;DEST428;93.27;2023-09-22
ID04818;ORIG019;DEST493;864.12;2024-06-10
ID04819;ORIG058;DEST099;192.31;2023-04-16
ID04820;ORIG007;DEST167;260.43;2024-05-07
ID04821;ORIG014;DEST259;31.39;2021-06-14
ID04822;ORIG065;DEST867;43.49;2021-09-22
ID04823;ORIG006;DEST738;405.64;2020-04-06
ID04824;ORIG039;DEST233;859.06;2021-08-07
ID04825;ORIG006;DEST451;193.43;2022-08-25
ID04826;ORIG012;DEST847;570.60;2020-08-01
ID03126;ORIG015;DEST371;679.99;2023-10-27
ID04828;ORIG018;DEST940;725.70;2022-09-23
ID04829;ORIG001;DEST618;111.23;2022-02-11
ID02909;ORIG016;DEST517;132.86;2024-10-18
ID04831;ORIG009;DEST977;663.79;2023-06-21
ID01566;ORIG008;DEST116;657.41;2020-09-21
ID04833;ORIG005;DEST935;624.21;2023-05-01
ID04834;ORIG004;DEST224;670.18;2023-10-14
ID04835;ORIG002;DEST335;132.53;2020-01-03
ID01572;ORIG011;DEST612;877.40;2021-10-28
ID04837;ORIG011;DEST397;678.33;2024-12-28
ID04838;ORIG007;DEST350;354.32;2023-11-07
ID03417;ORIG019;DEST380;55.49;2021-09-02
ID04840;ORIG010;DEST023;524.44;2022-05-18
ID01207;ORIG023;DEST589;881.82;2021-03-19
ID04842;ORIG005;DEST624;434.59;2023-06-01
ID04843;ORIG047;DEST549;376.73;2022-07-13
ID04844;ORIG023;DEST040;283.01;2024-02-26
ID04845;ORIG007;DEST286;583.98;2024-05-01
ID04846;ORIG019;DEST195;787.85;2020-05-26
ID03880;ORIG012;DEST836;429.43;2023-07-06
ID04848;ORIG012;DEST894;64.82;2020-03-02
ID04849;ORIG098;DEST358;436.44;2021-09-12
ID04850;ORIG000;DEST286;637.39;2022-01-04
ID04851;ORIG017;DEST996;364.26;2021-08-05
ID04852;ORIG013;DEST049;979.23;2023-11-22
ID04853;ORIG013;DEST957;773.24;2022-01-24
ID04854;ORIG006;DEST293;304.47;2020-08-23
ID04855;ORIG001;DEST455;322.06;2021-04-11
ID04856;ORIG010;DEST312;396.30;2020-01-14
ID04857;ORIG003;DEST792;637.97;2021-03-12
ID01797;ORIG014;DEST799;830.05;2024-05-19
ID04859;ORIG002;DEST188;632.16;2023-02-16
ID04860;ORIG012;DEST512;597.52;2022-05-09
ID04861;ORIG009;DEST600;747.05;2022-05-24
ID04862;ORIG025;DEST416;188.08;2021-02-01
ID04863;ORIG094;DEST216;905.32;2020-04-21
ID04864;ORIG004;DEST513;955.99;2020-05-13
ID04865;ORIG009;DEST200;26.36;2020-07-07
ID04866;ORIG016;DEST577;720.61;2023-10-13
ID04867;ORIG018;DEST657;404.24;2024-06-10
ID04868;ORIG001;DEST557;926.51;2022-05-13
ID04869;ORIG010;DEST571;572.82;2020-09-11
ID04870;ORIG008;DEST319;754.35;2022-02-18
ID04871;ORIG019;DEST531;375.89;2022-08-16
ID04872;ORIG071;DEST157;497.21;2023-04-08
ID04873;ORIG013;DEST790;992.67;2021-05-17
ID04874;ORIG008;DEST824;917.99;2024-01-27
ID03950;ORIG012;DEST034;334.77;2022-07-08
ID04876;ORIG042;DEST599;620.25;2020-09-26
ID04877;ORIG007;DEST429;413.45;2023-03-18
ID04878;ORIG014;DEST888;761.55;2023-05-21
ID04879;ORIG032;DEST103;831.91;2022-06-28
ID04880;ORIG009;DEST264;486.30;2021-06-21
ID04881;ORIG014;DEST482;39.11;2021-11-15
ID04882;ORIG009;DEST083;878.87;2022-05-07
ID04883;ORIG018;DEST500;692.67;2024-03-02
ID04884;ORIG008;DEST157;20.49;2024-06-11
ID04885;ORIG019;DEST245;575.38;2024-12-23
ID03837;ORIG056;DEST896;443.74;2021-01-10
ID04887;ORIG005;DEST034;990.44;2022-07-24
ID04888;ORIG004;DEST602;110.93;2022-10-14
ID04889;ORIG091;DEST731;343.91;2024-06-03
ID04890;ORIG005;DEST136;837.13;2024-08-25
ID04891;ORIG011;DEST228;680.62;2020-12-18
ID04892;ORIG007;DEST237;454.16;2024-09-03
ID04893;ORIG005;DEST604;34.85;2022-04-24
ID04894;ORIG009;DEST483;423.55;2020-05-15
ID04895;ORIG017;DEST140;594.42;2020-04-21
ID04896;ORIG018;DEST589;779.46;2023-04-07
ID04897;ORIG005;DEST077;130.62;2020-02-21
ID04898;ORIG013;DEST492;702.51;2024-11-01
ID04899;ORIG017;DEST312;545.24;2022-09-08
ID04900;ORIG017;DEST478;990.58;2022-10-15
ID04901;ORIG078;DEST261;541.28;2020-10-13
ID04902;ORIG013;DEST063;483.63;2024-11-18
ID04903;ORIG090;DEST630;604.63;2024-11-06
ID01700;ORIG013;DEST890;728.43;2023-06-15
ID04905;ORIG016;DEST267;674.92;2023-11-24
ID04906;ORIG013;DEST861;235.17;2024-06-07
ID04907;ORIG006;DEST546;958.64;2023-05-16
ID04908;ORIG013;DEST834;556.94;2024-10-11
ID04909;ORIG011;DEST409;933.18;2024-04-14
ID04910;ORIG005;DEST075;432.60;2023-09-16
ID04911;ORIG053;DEST823;833.19;2021-07-06
ID01795;ORIG004;DEST408;284.12;2020-08-14
ID04913;ORIG006;DEST863;238.76;2021-04-18
ID04914;ORIG008;DEST553;834.17;2024-08-27
ID04915;ORIG020;DEST004;95.44;2020-08-27
ID04916;ORIG004;DEST130;746.81;2024-04-10
ID04917;ORIG009;DEST237;741.30;2022-06-13
ID04918;ORIG004;DEST702;605.21;2023-02-27
ID00420;ORIG008;DEST959;494.80;2024-11-03
ID04920;ORIG017;DEST692;550.71;2024-11-26
ID04921;ORIG010;DEST956;709.11;2021-03-28
ID04922;ORIG003;DEST305;240.09;2020-03-02
ID04923;ORIG017;DEST363;946.32;2022-03-12
ID04924;ORIG010;DEST502;988.01;2022-02-16
ID04925;ORIG001;DEST958;359.52;2021-11-05
ID04926;ORIG010;DEST442;203.67;2023-09-26
ID04927;ORIG009;DEST380;278.60;2024-08-20
ID04928;ORIG005;DEST747;883.84;2023-08-02
ID01138;ORIG014;DEST854;387.98;2021-01-13
ID04930;ORIG010;DEST974;123.74;2020-09-07
ID04931;ORIG005;DEST999;882.70;2021-08-19
ID04932;ORIG013;DEST264;738.46;2020-01-20
ID04933;ORIG014;DEST164;345.00;2020-12-18
ID04934;ORIG004;DEST070;95.05;2021-05-18
ID04935;ORIG016;DEST434;467.38;2023-08-17
ID04936;ORIG017;DEST274;26.25;2024-12-21
ID04937;ORIG089;DEST904;510.47;2023-02-05
ID04938;ORIG003;DEST348;186.66;2023-12-01
ID04939;ORIG008;DEST794;382.75;2024-04-02
ID04940;ORIG001;DEST392;249.84;2024-01-13
ID04941;ORIG060;DEST888;657.69;2021-08-01
ID04942;ORIG006;DEST363;644.53;2020-03-07
ID04943;ORIG015;DEST821;219.46;2024-08-22
ID04944;ORIG012;DEST670;221.61;2020-01-17
ID04945;ORIG016;DEST876;972.99;2024-07-16
ID04946;ORIG054;DEST129;728.75;2020-09-09
ID04947;ORIG007;DEST570;70.34;2020-02-03
ID04948;ORIG009;DEST664;248.26;2023-10-04
ID04949;ORIG014;DEST938;363.92;2023-04-18
ID04950;ORIG010;DEST974;263.53;2022-04-02
ID04909;ORIG005;DEST623;562.03;2020-10-17
ID04952;ORIG010;DEST755;819.29;2024-09-12
ID04953;ORIG016;DEST027;279.60;2024-08-16
ID04954;ORIG008;DEST757;745.84;2022-07-05
ID04955;ORIG095;DEST254;402.95;2020-07-02
ID04956;ORIG007;DEST892;16.88;2022-05-18
ID04957;ORIG013;DEST633;196.32;2024-03-01
ID04958;ORIG008;DEST758;630.28;2024-10-19
ID04959;ORIG008;DEST215;91.25;2024-11-17
ID04960;ORIG008;DEST739;657.26;2024-07-26
ID04961;ORIG003;DEST448;429.32;2022-01-07
ID04962;ORIG021;DEST687;941.31;2022-05-12
ID04963;ORIG017;DEST532;444.84;2021-02-07
ID04964;ORIG005;DEST634;437.13;2022-08-23
ID04965;ORIG015;DEST239;182.81;2020-07-28
ID02044;ORIG015;DEST332;535.48;2022-01-08
ID04967;ORIG008;DEST770;128.24;2024-07-05
ID04968;ORIG086;DEST856;873.01;2024-02-09
ID04969;ORIG018;DEST642;80.99;2022-12-27
ID04970;ORIG015;DEST642;217.54;2024-11-21
ID04971;ORIG004;DEST007;356.85;2021-11-11
ID04972;ORIG019;DEST160;703.10;2020-09-17
ID04973;ORIG014;DEST351;54.63;2022-01-15
ID04974;ORIG006;DEST060;498.86;2022-02-04
ID04744;ORIG013;DEST022;195.88;2021-11-22
ID04976;ORIG008;DEST398;182.83;2022-10-22
ID04977;ORIG013;DEST946;343.40;2024-01-10
ID04978;ORIG009;DEST264;92.12;2021-05-21
ID04979;ORIG003;DEST209;370.99;2021-09-19
ID04980;ORIG006;DEST344;528.58;2022-11-12
ID04981;ORIG004;DEST083;520.13;2023-05-06
ID04982;ORIG005;DEST780;353.48;2021-10-09
ID04983;ORIG006;DEST978;564.28;2023-02-02
ID04984;ORIG003;DEST569;123.44;2024-06-12
ID04985;ORIG007;DEST525;342.67;2021-07-21
ID04986;ORIG015;DEST573;360.19;2022-08-06
ID04987;ORIG006;DEST314;608.56;2020-01-17
ID04988;ORIG044;DEST628;10.46;2020-04-07
ID04989;ORIG018;DEST927;817.63;2023-01-03
ID04990;ORIG019;DEST535;554.02;2023-07-11
ID04991;ORIG069;DEST851;242.26;2020-12-06
ID04992;ORIG019;DEST675;187.13;2021-12-04
ID04993;ORIG092;DEST240;685.73;2023-01-01
ID04994;ORIG008;DEST470;653.53;2023-05-20
ID04995;ORIG012;DEST661;212.26;2020-09-04
ID04996;ORIG012;DEST700;775.67;2024-05-15
ID04997;ORIG019;DEST087;16.13;2024-06-28
ID04998;ORIG085;DEST320;157.66;2023-02-21
ID04999;ORIG009;DEST609;485.85;2020-03-09
ID00188;ORIG004;DEST648;416.16;2020-12-03
ID05001;ORIG017;DEST229;835.15;2022-06-05
ID05002;ORIG058;DEST233;327.71;2024-07-01
ID05003;ORIG008;DEST448;335.24;2020-03-20
ID05004;ORIG006;DEST002;310.08;2021-11-15
ID05005;ORIG061;DEST544;928.01;2022-08-27
ID05006;ORIG001;DEST377;532.28;2024-03-08
ID05007;ORIG001;DEST243;945.02;2023-03-27
ID05008;ORIG014;DEST034;160.85;2021-11-22
ID05009;ORIG000;DEST860;131.47;2022-06-01
ID05010;ORIG006;DEST048;330.13;2021-03-21
ID05011;ORIG066;DEST300;140.69;2020-12-02
ID05012;ORIG055;DEST091;466.66;2023-01-01
ID05013;ORIG010;DEST355;922.84;2024-02-21
ID05014;ORIG008;DEST280;77.72;2021-02-18
ID02621;ORIG016;DEST385;106.46;2020-07-03
ID05016;ORIG086;DEST393;475.45;2020-07-18
ID05017;ORIG075;DEST431;822.04;2021-09-04
ID00048;ORIG095;DEST368;500.54;2021-06-08
ID05019;ORIG007;DEST523;258.97;2021-02-22
ID05020;ORIG016;DEST194;414.75;2022-03-23
ID05021;ORIG000;DEST553;479.61;2024-09-26
ID05022;ORIG012;DEST303;528.45;2023-05-01
ID05023;ORIG010;DEST995;611.72;2023-05-03
ID05024;ORIG010;DEST825;533.06;2021-07-07
ID05025;ORIG012;DEST900;172.61;2023-04-05
ID05026;ORIG009;DEST695;578.61;2020-03-27
ID05027;ORIG000;DEST895;791.87;2022-02-13
ID05028;ORIG005;DEST491;880.72;2020-06-04
ID05029;ORIG090;DEST646;810.74;2024-03-16
ID05030;ORIG007;DEST087;108.60;2022-11-26
ID05031;ORIG019;DEST804;701.22;2021-08-10
ID01110;ORIG017;DEST816;441.06;2023-03-08
ID00558;ORIG005;DEST088;89.43;2023-01-04
ID05034;ORIG052;DEST776;865.00;2020-10-26
ID04702;ORIG013;DEST458;353.33;2022-03-15
ID05036;ORIG076;DEST581;897.72;2021-11-08
ID05037;ORIG086;DEST068;256.09;2024-09-03
ID05038;ORIG082;DEST754;269.80;2022-09-17
ID05039;ORIG003;DEST870;807.65;2021-05-12
ID05040;ORIG012;DEST006;647.75;2020-10-03
ID05041;ORIG016;DEST318;900.95;2024-01-26
ID05042;ORIG009;DEST547;569.89;2022-09-19
ID05043;ORIG007;DEST406;60.75;2023-09-28
ID05044;ORIG017;DEST419;826.71;2023-09-01
ID02055;ORIG066;DEST689;766.44;2024-06-02
ID05046;ORIG012;DEST392;438.04;2024-08-28
ID05047;ORIG012;DEST055;824.81;2020-10-05
ID03130;ORIG000;DEST987;989.02;2024-04-20
ID05049;ORIG015;DEST018;469.63;2022-08-02
ID05050;ORIG045;DEST733;478.47;2024-08-07
ID05051;ORIG005;DEST052;452.84;2024-01-10
ID05052;ORIG003;DEST561;343.65;2023-10-19
ID05053;ORIG007;DEST453;912.69;2021-10-21
ID04670;ORIG010;DEST837;73.81;2023-05-01
ID05055;ORIG014;DEST856;181.88;2021-04-16
ID05056;ORIG009;DEST935;794.09;2020-01-24
ID05057;ORIG012;DEST903;89.57;2020-09-19
ID02753;ORIG023;DEST525;726.49;2022-10-10
ID05059;ORIG011;DEST324;713.14;2023-08-17
ID05060;ORIG000;DEST626;422.61;2020-04-01
ID05061;ORIG012;DEST994;258.60;2023-06-12
ID05062;ORIG077;DEST992;19.82;2020-01-26
ID05063;ORIG053;DEST696;613.92;2020-10-25
ID05064;ORIG057;DEST052;571.06;2023-03-11
ID05065;ORIG010;DEST388;441.92;2024-02-10
ID05066;ORIG000;DEST734;329.98;2020-10-22
ID05067;ORIG020;DEST030;952.25;2021-02-16
ID05068;ORIG008;DEST137;976.25;2022-02-14
ID05069;ORIG059;DEST259;231.79;2020-08-21
ID05070;ORIG009;DEST011;317.57;2023-04-04
ID05071;ORIG007;DEST508;842.51;2023-02-16
ID05072;ORIG002;DEST669;405.54;2021-04-15
ID05073;ORIG001;DEST064;132.52;2020-03-06
ID05074;ORIG005;DEST707;360.46;2021-03-21
ID05075;ORIG017;DEST003;723.50;2020-02-06
ID05076;ORIG016;DEST744;696.98;2024-12-03
ID05077;ORIG002;DEST220;301.56;2024-11-27
ID04321;ORIG014;DEST351;610.58;2021-06-18
ID05079;ORIG007;DEST291;410.72;2020-07-20
ID05080;ORIG067;DEST393;967.02;2021-06-13
ID05081;ORIG014;DEST475;777.67;2024-06-20
ID05082;ORIG008;DEST934;71.81;2023-01-16
ID05083;ORIG013;DEST666;556.14;2024-06-14
ID05084;ORIG043;DEST148;391.18;2022-02-05
ID05085;ORIG013;DEST094;247.85;2021-06-08
ID05086;ORIG001;DEST764;358.52;2021-07-19
ID05087;ORIG017;DEST644;86.75;2020-07-08
ID05088;ORIG007;DEST698;530.83;2020-09-13
ID05089;ORIG019;DEST320;358.66;2024-11-07
ID03407;ORIG004;DEST238;913.59;2022-08-09
ID05091;ORIG016;DEST756;81.70;2022-12-03
ID05092;ORIG005;DEST921;632.47;2022-02-05
ID05093;ORIG006;DEST568;487.48;2024-02-15
ID05094;ORIG007;DEST355;590.86;2024-06-09
ID05095;ORIG040;DEST230;875.11;2020-03-05
ID05096;ORIG006;DEST836;758.96;2020-07-03
ID05097;ORIG018;DEST588;841.00;2021-10-18
ID05098;ORIG003;DEST252;802.51;2023-07-05
ID05099;ORIG005;DEST636;847.13;2020-11-18
ID05100;ORIG012;DEST530;574.63;2020-06-28
ID05101;ORIG019;DEST713;54.76;2023-04-15
ID05102;ORIG018;DEST900;161.49;2023-01-18
ID05103;ORIG002;DEST679;674.83;2021-01-15
ID05104;ORIG011;DEST183;616.37;2021-08-09
ID05105;ORIG003;DEST019;599.63;2021-02-14
ID05106;ORIG018;DEST131;212.02;2021-10-17
ID05107;ORIG012;DEST580;630.11;2022-10-13
ID05108;ORIG007;DEST366;159.73;2022-04-13
ID05109;ORIG012;DEST147;95.73;2020-05-07
ID05110;ORIG017;DEST585;935.95;2022-07-04
ID05111;ORIG011;DEST045;80.07;2022-12-05
ID05112;ORIG009;DEST189;805.45;2020-11-02
ID05113;ORIG074;DEST431;817.22;2021-04-27
ID05114;ORIG009;DEST837;814.96;2021-08-03
ID05115;ORIG003;DEST068;625.82;2024-01-01
ID05116;ORIG017;DEST111;287.27;2022-10-27
ID05117;ORIG010;DEST923;524.95;2023-12-14
ID05118;ORIG011;DEST810;640.36;2024-09-25
ID05119;ORIG014;DEST261;337.28;2020-11-17
ID05120;ORIG042;DEST715;556.84;2021-02-01
ID05121;ORIG015;DEST843;808.87;2020-05-23
ID05122;ORIG050;DEST234;774.87;2024-02-14
ID03841;ORIG014;DEST628;172.93;2020-04-27
ID05124;ORIG094;DEST743;153.09;2024-12-27
ID05125;ORIG014;DEST782;798.77;2021-06-08
ID05126;ORIG000;DEST093;782.48;2022-06-21
ID05127;ORIG005;DEST424;352.54;2023-10-23
ID05128;ORIG002;DEST647;723.00;2020-05-19
ID05129;ORIG013;DEST629;223.02;2020-07-04
ID05130;ORIG003;DEST341;210.38;2023-07-25
ID05131;ORIG001;DEST104;728.37;2022-06-25
ID05132;ORIG082;DEST857;127.70;2020-01-15
ID05133;ORIG010;DEST952;674.55;2024-08-13
ID05134;ORIG002;DEST261;557.38;2024-04-07
ID05135;ORIG018;DEST145;143.40;2022-02-20
ID05136;ORIG082;DEST694;189.17;2024-01-06
ID05137;ORIG008;DEST363;51.20;2021-09-22
ID05138;ORIG007;DEST469;414.44;2021-03-02
ID05139;ORIG001;DEST839;195.04;2023-02-16
ID01524;ORIG019;DEST775;482.69;2020-10-26
ID05141;ORIG004;DEST206;770.30;2020-06-17
ID05142;ORIG016;DEST435;667.61;2022-03-20
ID05143;ORIG005;DEST276;15.46;2020-03-25
ID00188;ORIG009;DEST503;374.30;2022-11-20
ID05145;ORIG012;DEST575;576.30;2021-01-13
ID05146;ORIG007;DEST935;380.84;2020-10-28
ID05147;ORIG005;DEST468;662.85;2023-02-23
ID05148;ORIG009;DEST085;72.72;2024-10-02
ID05149;ORIG007;DEST939;231.67;2021-10-17
ID05150;ORIG009;DEST971;552.15;2023-08-22
ID05151;ORIG056;DEST273;849.20;2022-01-22
ID05152;ORIG008;DEST236;139.03;2023-01-15
ID05153;ORIG039;DEST965;93.25;2023-01-25
ID05154;ORIG016;DEST775;78.27;2024-11-11
ID05155;ORIG003;DEST051;231.88;2020-11-08
ID05156;ORIG055;DEST601;994.06;2020-06-27
ID05157;ORIG007;DEST578;771.37;2022-03-11
ID05158;ORIG005;DEST873;179.77;2023-09-19
ID05159;ORIG057;DEST917;237.09;2024-05-23
ID05160;ORIG017;DEST157;854.17;2021-07-08
ID05161;ORIG012;DEST611;828.24;2023-12-14
ID05130;ORIG072;DEST448;913.37;2023-09-05
ID05163;ORIG016;DEST498;10.68;2021-12-13
ID05164;ORIG018;DEST836;341.31;2024-09-08
ID05165;ORIG016;DEST939;428.33;2021-03-04
ID05166;ORIG010;DEST991;962.59;2022-07-08
ID05167;ORIG000;DEST808;816.02;2024-11-05
ID05168;ORIG015;DEST900;988.55;2022-02-16
ID05169;ORIG018;DEST976;622.43;2024-08-27
ID05170;ORIG019;DEST855;108.59;2024-03-11
ID05171;ORIG012;DEST724;671.02;2022-12-10
ID05172;ORIG012;DEST837;192.48;2021-04-12
ID04785;ORIG007;DEST745;282.07;2022-06-12
ID05174;ORIG004;DEST694;917.27;2023-07-03
ID05175;ORIG000;DEST456;921.77;2024-11-07
ID05176;ORIG019;DEST042;359.70;2024-02-10
ID00609;ORIG006;DEST466;249.66;2020-10-05
ID05178;ORIG014;DEST482;791.96;2021-04-17
ID05179;ORIG085;DEST214;942.90;2021-12-08
ID05180;ORIG009;DEST732;178.91;2023-07-13
ID05181;ORIG004;DEST295;905.78;2024-05-18
ID05182;ORIG079;DEST077;997.16;2021-06-20
ID05183;ORIG009;DEST268;553.20;2020-10-05
ID05184;ORIG001;DEST477;685.07;2024-01-20
ID02564;ORIG017;DEST483;429.09;2024-09-28
ID00017;ORIG027;DEST191;754.68;2023-01-25
ID01972;ORIG001;DEST304;242.00;2021-12-17
ID05188;ORIG004;DEST900;467.92;2020-03-02
ID05189;ORIG000;DEST046;897.46;2020-11-20
ID05190;ORIG072;DEST365;179.31;2021-09-17
ID05191;ORIG011;DEST847;432.76;2024-01-24
ID05192;ORIG012;DEST632;78.65;2020-08-23
ID05193;ORIG098;DEST455;475.96;2020-04-03
ID05194;ORIG038;DEST920;427.22;2024-08-16
ID05195;ORIG006;DEST935;964.16;2024-09-25
ID04220;ORIG013;DEST924;331.99;2021-05-27
ID04172;ORIG019;DEST718;855.39;2020-08-18
ID05198;ORIG008;DEST060;969.69;2022-01-14
ID05199;ORIG016;DEST009;713.81;2020-11-23
ID05200;ORIG008;DEST920;407.88;2022-06-26
ID05201;ORIG030;DEST629;685.81;2022-02-21
ID05202;ORIG062;DEST380;472.52;2022-01-08
ID05203;ORIG014;DEST015;67.18;2024-09-10
ID05204;ORIG018;DEST349;883.86;2024-01-27
ID05205;ORIG008;DEST301;889.26;2023-01-10
ID05206;ORIG008;DEST272;114.09;2022-01-24
ID05207;ORIG000;DEST159;414.75;2024-10-25
ID05208;ORIG000;DEST376;906.12;2020-12-03
ID05209;ORIG082;DEST891;360.19;2022-11-18
ID05210;ORIG071;DEST630;168.37;2021-07-10
ID05211;ORIG003;DEST408;765.33;2023-11-13
ID05212;ORIG016;DEST495;970.87;2020-02-08
ID05213;ORIG018;DEST036;986.49;2020-08-17
ID05214;ORIG054;DEST571;918.20;2024-01-23
ID05215;ORIG011;DEST332;361.30;2022-09-08
ID05216;ORIG086;DEST469;991.10;2022-12-27
ID05217;ORIG009;DEST499;427.15;2020-10-02
ID05218;ORIG063;DEST317;624.33;2021-01-14
ID05219;ORIG050;DEST327;869.27;2023-04-15
ID05220;ORIG017;DEST528;964.60;2020-07-26
ID05221;ORIG038;DEST604;809.05;2022-10-06
ID05222;ORIG014;DEST303;992.67;2024-11-08
ID05223;ORIG001;DEST318;560.91;2020-08-06
ID05224;ORIG008;DEST929;63.48;2021-06-09
ID05225;ORIG008;DEST226;925.20;2020-07-16
ID05226;ORIG005;DEST941;583.79;2021-02-07
ID05227;ORIG046;DEST892;930.44;2022-03-24
ID05228;ORIG092;DEST477;374.94;2021-05-14
ID05229;ORIG017;DEST964;900.31;2022-04-14
ID05230;ORIG011;DEST116;868.17;2023-07-11
ID05231;ORIG062;DEST478;105.81;2024-07-05
ID05232;ORIG043;DEST052;608.85;2024-08-20
ID05233;ORIG006;DEST909;940.79;2024-02-03
ID05234;ORIG013;DEST267;388.08;2023-06-24
ID01435;ORIG033;DEST625;371.19;2022-05-28
ID05236;ORIG015;DEST290;155.24;2024-06-04
ID05237;ORIG010;DEST692;364.71;2024-01-16
ID01962;ORIG001;DEST278;814.82;2024-09-13
ID05239;ORIG045;DEST302;389.80;2022-07-19
ID05240;ORIG016;DEST307;203.87;2020-11-04
ID05241;ORIG006;DEST653;161.88;2020-06-18
ID05242;ORIG019;DEST660;310.96;2020-12-26
ID05243;ORIG000;DEST455;215.87;2021-12-01
ID05244;ORIG004;DEST473;393.56;2020-01-15
ID05245;ORIG001;DEST384;364.00;2023-09-24
ID05246;ORIG089;DEST346;541.83;2022-12-01
ID05247;ORIG009;DEST363;479.03;2022-06-04
ID05248;ORIG013;DEST464;470.49;2022-09-24
ID05249;ORIG011;DEST101;488.89;2021-11-06
ID05250;ORIG008;DEST264;779.16;2020-01-11
ID05251;ORIG011;DEST529;734.27;2023-02-01
ID05252;ORIG059;DEST433;476.19;2022-06-17
ID05253;ORIG007;DEST520;22.01;2022-02-28
ID05254;ORIG074;DEST295;42.65;2021-07-18
ID05255;ORIG063;DEST724;171.12;2024-08-10
ID05256;ORIG000;DEST712;905.70;2023-11-20
ID05257;ORIG090;DEST836;142.37;2023-10-23
ID05258;ORIG000;DEST040;718.55;2020-05-07
ID05259;ORIG016;DEST585;881.71;2022-03-26
ID05260;ORIG013;DEST228;884.99;2022-11-04
ID05261;ORIG011;DEST292;962.74;2021-02-17
ID05262;ORIG006;DEST639;593.41;2022-06-18
ID05263;ORIG004;DEST919;837.52;2020-05-12
ID05264;ORIG096;DEST500;199.73;2023-01-13
ID05265;ORIG070;DEST868;675.49;2022-11-21
ID05266;ORIG012;DEST133;623.72;2020-02-24
ID05267;ORIG008;DEST837;629.95;2020-06-13
ID05268;ORIG004;DEST116;641.84;2024-05-07
ID05269;ORIG016;DEST902;210.74;2023-04-13
ID05270;ORIG018;DEST055;118.34;2023-06-13
ID05271;ORIG016;DEST615;186.63;2024-08-19
ID05272;ORIG014;DEST450;206.04;2020-01-18
ID05273;ORIG018;DEST288;326.32;2021-01-04
ID05274;ORIG010;DEST711;217.97;2020-09-22
ID05275;ORIG058;DEST617;822.52;2021-12-12
ID05276;ORIG020;DEST881;430.37;2020-11-04
ID05277;ORIG065;DEST931;105.61;2022-07-04
ID05278;ORIG003;DEST782;975.25;2022-03-10
ID05279;ORIG010;DEST909;111.73;2023-12-28
ID05280;ORIG008;DEST089;107.90;2024-04-12
ID05281;ORIG002;DEST007;81.92;2022-12-04
ID05282;ORIG018;DEST138;514.70;2024-07-22
ID05283;ORIG008;DEST969;792.93;2024-04-15
ID05284;ORIG018;DEST761;564.27;2023-05-23
ID05285;ORIG079;DEST562;802.89;2022-04-14
ID02157;ORIG030;DEST550;727.92;2024-11-01
ID05287;ORIG016;DEST674;624.59;2023-12-16
ID05288;ORIG014;DEST022;32.26;2020-07-24
ID05289;ORIG043;DEST715;476.21;2021-09-05
ID05290;ORIG008;DEST100;167.34;2024-04-20
ID05291;ORIG002;DEST432;763.23;2024-08-20
ID05292;ORIG013;DEST664;936.66;2022-08-19
ID05293;ORIG031;DEST346;331.07;2023-02-13
ID00064;ORIG017;DEST599;213.79;2020-09-08
ID05295;ORIG007;DEST329;232.40;2024-03-10
ID05296;ORIG012;DEST790;592.93;2022-03-06
ID05297;ORIG043;DEST508;408.38;2020-04-21
ID05298;ORIG012;DEST305;380.52;2023-11-22
ID05299;ORIG001;DEST215;662.33;2022-06-10
ID02711;ORIG016;DEST750;730.39;2024-10-23
ID05301;ORIG050;DEST758;65.15;2021-01-04
ID05302;ORIG007;DEST195;978.09;2021-02-25
ID05303;ORIG011;DEST192;935.03;2021-10-03
ID05304;ORIG008;DEST591;993.17;2023-05-10
ID05305;ORIG055;DEST884;290.76;2022-06-02
ID05306;ORIG058;DEST705;506.46;2022-06-24
ID05307;ORIG015;DEST311;116.18;2022-06-11
ID05308;ORIG014;DEST072;196.47;2020-05-17
ID05309;ORIG001;DEST720;531.70;2022-11-04
ID05310;ORIG010;DEST047;929.52;2023-11-22
ID05311;ORIG006;DEST630;546.44;2023-12-04
ID05312;ORIG072;DEST467;767.81;2023-07-24
ID05313;ORIG010;DEST695;393.47;2022-09-20
ID05314;ORIG014;DEST868;108.49;2023-12-05
ID05315;ORIG055;DEST984;92.25;2024-02-26
ID05316;ORIG002;DEST078;150.96;2022-12-07
ID05317;ORIG014;DEST668;717.69;2021-12-06
ID05318;ORIG006;DEST057;70.74;2020-09-15
ID04633;ORIG006;DEST945;671.71;2024-07-27
ID05320;ORIG009;DEST672;738.41;2022-04-24
ID00672;ORIG009;DEST662;596.78;2022-05-07
ID05322;ORIG016;DEST624;174.80;2024-09-14
ID05323;ORIG012;DEST382;443.11;2022-04-11
ID05324;ORIG016;DEST950;462.92;2022-07-21
ID05325;ORIG088;DEST526;715.78;2020-06-13
ID05326;ORIG017;DEST361;97.96;2024-07-07
ID05327;ORIG010;DEST744;745.46;2023-07-01
ID05328;ORIG013;DEST277;615.85;2020-02-10
ID05329;ORIG004;DEST221;755.86;2022-11-26
ID05330;ORIG001;DEST633;124.81;2020-02-26
ID05331;ORIG010;DEST755;568.77;2023-12-04
ID05332;ORIG005;DEST246;56.52;2023-08-10
ID02679;ORIG005;DEST801;624.28;2022-03-22
ID03675;ORIG003;DEST633;388.53;2023-10-03
ID05335;ORIG005;DEST550;431.37;2023-08-06
ID05336;ORIG016;DEST603;521.27;2020-10-26
ID05337;ORIG009;DEST399;644.83;2023-01-11
ID05338;ORIG018;DEST235;495.39;2023-10-03
ID00002;ORIG010;DEST273;97.87;2022-10-10
ID05340;ORIG018;DEST443;665.68;2023-08-17
ID05341;ORIG000;DEST413;469.34;2021-08-09
ID05342;ORIG011;DEST971;239.71;2022-05-01
ID05343;ORIG006;DEST524;566.46;2021-02-07
ID05344;ORIG000;DEST212;369.23;2022-05-01
ID05345;ORIG017;DEST778;725.77;2023-10-16
ID05346;ORIG003;DEST065;439.29;2022-02-06
ID05347;ORIG002;DEST545;309.91;2020-12-19
ID05348;ORIG019;DEST443;145.37;2022-03-11
ID05349;ORIG006;DEST356;889.58;2023-06-17
ID05350;ORIG099;DEST782;986.37;2020-11-11
ID05351;ORIG001;DEST914;504.74;2023-02-21
ID05352;ORIG012;DEST871;945.65;2023-12-15
ID05353;ORIG001;DEST046;574.37;2022-12-23
ID05354;ORIG009;DEST374;972.03;2024-08-04
ID05355;ORIG010;DEST960;796.41;2020-08-04
ID05356;ORIG013;DEST454;437.42;2020-11-09
ID05210;ORIG008;DEST010;74.94;2021-03-07
ID05358;ORIG035;DEST577;824.64;2020-10-27
ID02880;ORIG007;DEST693;508.90;2020-02-24
ID05360;ORIG012;DEST917;158.98;2020-11-12
ID01483;ORIG004;DEST337;750.88;2020-02-10
ID05362;ORIG017;DEST544;945.46;2024-04-01
ID05363;ORIG015;DEST108;270.78;2021-03-06
ID05364;ORIG013;DEST217;613.14;2024-02-03
ID05365;ORIG052;DEST984;32.33;2023-05-12
ID05366;ORIG014;DEST580;372.56;2022-10-25
ID05367;ORIG057;DEST325;727.48;2020-07-26
ID05368;ORIG015;DEST703;238.50;2021-09-25
ID05369;ORIG089;DEST199;208.11;2021-01-27
ID05370;ORIG094;DEST766;847.86;2023-10-16
ID05371;ORIG032;DEST890;528.51;2020-11-27
ID05372;ORIG000;DEST290;44.56;2020-03-14
ID05373;ORIG018;DEST758;21.99;2022-04-02
ID05374;ORIG003;DEST304;387.53;2022-08-26
ID05375;ORIG006;DEST283;320.00;2023-04-23
ID05376;ORIG002;DEST340;370.66;2021-08-22
ID05377;ORIG002;DEST987;67.94;2021-02-23
ID05378;ORIG013;DEST485;315.83;2023-02-07
ID05379;ORIG008;DEST469;267.48;2020-06-20
ID05380;ORIG019;DEST113;969.64;2022-04-19
ID05381;ORIG008;DEST276;640.26;2021-02-12
ID05382;ORIG044;DEST603;703.23;2022-05-14
ID05383;ORIG016;DEST281;548.29;2020-07-12
ID04023;ORIG016;DEST563;285.47;2021-05-11
ID05385;ORIG000;DEST090;264.53;2021-09-11
ID05386;ORIG005;DEST595;96.73;2023-02-20
ID05387;ORIG003;DEST980;540.03;2022-05-11
ID05388;ORIG018;DEST493;141.32;2020-09-06
ID05389;ORIG079;DEST806;359.71;2022-07-21
ID05390;ORIG016;DEST226;896.73;2022-10-09
ID05391;ORIG064;DEST692;829.09;2021-08-09
ID05392;ORIG015;DEST778;289.82;2021-03-06
ID05393;ORIG015;DEST379;193.82;2021-04-28
ID05394;ORIG064;DEST095;548.68;2020-02-16
ID05395;ORIG016;DEST212;465.28;2020-01-17
ID03984;ORIG000;DEST287;773.51;2020-04-19
ID05397;ORIG012;DEST271;148.81;2021-04-12
ID05398;ORIG011;DEST701;365.17;2024-09-18
ID05399;ORIG012;DEST741;145.32;2021-02-18
ID05400;ORIG007;DEST225;22.16;2021-03-22
ID05401;ORIG015;DEST766;647.53;2020-01-10
ID05402;ORIG036;DEST693;865.03;2021-12-02
ID05403;ORIG000;DEST124;631.50;2024-03-21
ID05404;ORIG015;DEST017;131.02;2020-12-09
ID05405;ORIG044;DEST693;504.79;2023-02-02
ID05406;ORIG091;DEST758;340.79;2022-10-13
ID03386;ORIG001;DEST080;404.11;2023-08-23
ID05408;ORIG012;DEST220;408.46;2024-08-10
ID01473;ORIG018;DEST150;938.65;2022-05-17
ID05410;ORIG058;DEST079;911.99;2021-05-11
ID05411;ORIG017;DEST927;108.86;2024-10-02
ID05412;ORIG076;DEST488;149.37;2022-08-19
ID05413;ORIG017;DEST569;345.42;2022-11-23
ID05414;ORIG001;DEST507;610.58;2023-06-14
ID05415;ORIG009;DEST734;497.54;2021-12-28
ID05416;ORIG031;DEST869;829.20;2021-10-13
ID05417;ORIG014;DEST804;222.15;2021-04-27
ID05418;ORIG039;DEST292;625.31;2022-05-14
ID01366;ORIG031;DEST774;429.76;2022-01-01
ID05420;ORIG010;DEST422;630.57;2021-03-26
ID05421;ORIG095;DEST459;370.99;2020-03-06
ID05422;ORIG045;DEST018;532.66;2021-08-14
ID05423;ORIG017;DEST365;593.36;2022-11-20
ID05424;ORIG013;DEST773;550.59;2020-04-11
ID05425;ORIG011;DEST656;551.69;2022-04-25
ID05426;ORIG011;DEST858;459.66;2021-10-16
ID05427;ORIG013;DEST265;915.35;2022-04-21
ID05428;ORIG011;DEST747;461.50;2022-12-28
ID05429;ORIG014;DEST863;908.17;2022-10-13
ID05430;ORIG001;DEST239;487.45;2021-10-19
ID05431;ORIG007;DEST314;298.02;2024-08-11
ID05432;ORIG007;DEST007;329.76;2023-12-19
ID05433;ORIG012;DEST873;480.63;2021-09-10
ID05434;ORIG021;DEST821;192.57;2021-06-26
ID05435;ORIG003;DEST661;868.58;2024-11-22
ID05436;ORIG086;DEST866;74.41;2024-04-19
ID05437;ORIG011;DEST898;552.60;2020-11-04
ID05438;ORIG005;DEST179;80.28;2022-12-09
ID00796;ORIG010;DEST417;130.05;2022-02-26
ID05440;ORIG003;DEST281;172.06;2020-04-17
ID05441;ORIG015;DEST276;847.10;2022-09-07
ID05442;ORIG088;DEST810;870.65;2022-12-07
ID05023;ORIG015;DEST309;288.43;2020-11-19
ID05444;ORIG030;DEST737;931.60;2020-10-18
ID05445;ORIG098;DEST400;215.98;2023-12-09
ID05446;ORIG003;DEST504;861.32;2024-11-06
ID05447;ORIG012;DEST021;875.82;2021-11-01
ID01241;ORIG003;DEST477;801.82;2024-06-05
ID05449;ORIG088;DEST898;112.66;2020-12-05
ID01031;ORIG002;DEST749;203.85;2021-08-27
ID05451;ORIG055;DEST559;259.78;2023-04-13
ID03091;ORIG011;DEST407;631.08;2023-10-22
ID04978;ORIG060;DEST245;605.32;2024-11-10
ID05454;ORIG016;DEST162;273.06;2024-09-26
ID05455;ORIG007;DEST385;919.73;2022-12-09
ID05456;ORIG018;DEST903;248.90;2022-06-20
ID05457;ORIG002;DEST663;684.23;2023-03-24
ID05458;ORIG013;DEST395;249.46;2023-09-01
ID05459;ORIG000;DEST350;287.20;2022-09-15
ID05460;ORIG007;DEST343;167.16;2024-03-22
ID05461;ORIG015;DEST855;305.40;2022-02-27
ID05462;ORIG017;DEST398;412.94;2020-10-25
ID05463;ORIG002;DEST765;332.48;2022-04-13
ID05464;ORIG010;DEST648;340.94;2024-09-09
ID05465;ORIG007;DEST138;411.45;2021-05-26
ID05466;ORIG007;DEST424;783.01;2022-06-04
ID05467;ORIG017;DEST997;399.40;2020-12-20
ID05468;ORIG017;DEST923;640.71;2022-08-24
ID05469;ORIG006;DEST677;158.69;2021-06-05
ID05470;ORIG019;DEST489;906.99;2021-12-21
ID05471;ORIG038;DEST123;512.34;2021-06-24
ID05472;ORIG019;DEST900;882.35;2024-03-24
ID05473;ORIG055;DEST397;287.52;2024-10-01
ID05474;ORIG003;DEST213;193.35;2023-09-10
ID05475;ORIG011;DEST022;96.35;2024-06-23
ID05476;ORIG006;DEST440;210.21;2020-12-02
ID04979;ORIG087;DEST929;642.11;2024-01-19
ID05478;ORIG004;DEST005;813.42;2020-07-26
ID05479;ORIG088;DEST050;847.74;2023-11-22
ID05480;ORIG006;DEST869;694.30;2021-09-19
ID05481;ORIG010;DEST387;22.31;2021-08-07
ID05482;ORIG009;DEST004;983.54;2021-02-12
ID05483;ORIG002;DEST558;328.29;2023-06-04
ID05484;ORIG017;DEST027;794.06;2024-05-19
ID05485;ORIG010;DEST210;308.30;2023-01-16
ID05486;ORIG095;DEST733;833.14;2021-06-07
ID05487;ORIG053;DEST467;305.83;2024-12-18
ID05488;ORIG008;DEST695;533.77;2020-07-26
ID05489;ORIG013;DEST979;693.50;2021-10-21
ID05490;ORIG015;DEST232;226.93;2024-03-12
ID05491;ORIG000;DEST357;832.09;2020-05-17
ID05492;ORIG002;DEST516;833.75;2021-08-17
ID05493;ORIG018;DEST320;472.47;2024-02-17
ID05494;ORIG006;DEST616;585.78;2020-12-08
ID05495;ORIG002;DEST617;464.11;2024-05-12
ID05496;ORIG052;DEST959;247.40;2020-05-19
ID05497;ORIG013;DEST256;968.91;2021-09-18
ID05498;ORIG009;DEST479;611.56;2020-12-27
ID05499;ORIG000;DEST260;256.97;2024-02-25
ID05500;ORIG017;DEST035;833.96;2020-08-19
ID02190;ORIG014;DEST505;413.10;2024-03-05
ID05502;ORIG005;DEST053;653.84;2023-04-13
ID05503;ORIG000;DEST869;271.61;2021-11-05
ID05504;ORIG003;DEST304;89.87;2024-03-15
ID05505;ORIG003;DEST587;998.54;2022-03-16
ID05506;ORIG017;DEST390;868.10;2023-11-12
ID00016;ORIG080;DEST095;499.25;2021-11-27
ID05508;ORIG010;DEST025;111.58;2020-05-24
ID05509;ORIG013;DEST212;907.05;2023-11-19
ID05510;ORIG007;DEST404;486.58;2020-06-05
ID05511;ORIG063;DEST857;568.12;2024-01-17
ID05512;ORIG009;DEST657;572.64;2020-10-18
ID05513;ORIG004;DEST725;239.22;2023-04-06
ID05514;ORIG004;DEST406;20.96;2020-07-28
ID05515;ORIG002;DEST848;945.63;2023-12-12
ID05516;ORIG012;DEST798;637.72;2022-01-13
ID05517;ORIG017;DEST492;70.06;2020-09-05
ID05518;ORIG063;DEST072;397.82;2021-01-19
ID05519;ORIG006;DEST047;767.38;2020-05-15
ID00248;ORIG003;DEST128;742.55;2022-10-11
ID05521;ORIG009;DEST304;113.32;2024-04-19
ID05522;ORIG087;DEST026;541.07;2023-03-07
ID05523;ORIG006;DEST622;898.48;2020-01-08
ID05524;ORIG013;DEST263;462.79;2024-03-23
ID05525;ORIG004;DEST493;470.54;2020-03-12
ID05526;ORIG016;DEST077;754.71;2023-05-10
ID05527;ORIG019;DEST524;63.14;2020-04-09
ID05528;ORIG008;DEST272;387.70;2023-04-22
ID05529;ORIG063;DEST072;510.27;2022-01-20
ID05530;ORIG015;DEST950;231.78;2023-10-21
ID05531;ORIG012;DEST085;389.05;2022-06-15
ID05532;ORIG060;DEST412;41.86;2024-03-25
ID05533;ORIG019;DEST828;237.82;2023-02-01
ID05534;ORIG007;DEST997;589.74;2023-02-08
ID05535;ORIG017;DEST699;626.53;2022-08-07
ID05536;ORIG017;DEST233;131.93;2024-10-07
ID00765;ORIG011;DEST260;938.24;2021-12-28
ID01311;ORIG017;DEST065;843.51;2024-07-02
ID02125;ORIG012;DEST997;155.72;2021-02-15
ID05540;ORIG015;DEST609;488.76;2024-05-10
ID03562;ORIG065;DEST404;352.75;2023-03-04
ID05542;ORIG089;DEST582;423.75;2021-10-19
ID04471;ORIG092;DEST607;877.22;2022-07-05
ID05544;ORIG009;DEST791;481.47;2020-04-10
ID05545;ORIG038;DEST437;73.45;2024-02-14
ID05546;ORIG008;DEST253;632.50;2023-05-12
ID05547;ORIG017;DEST960;990.39;2024-09-24
ID05548;ORIG009;DEST560;416.27;2022-01-17
ID05549;ORIG004;DEST849;817.77;2022-06-01
ID05550;ORIG000;DEST186;820.05;2020-03-15
ID05551;ORIG018;DEST833;868.25;2020-08-27
ID05552;ORIG006;DEST353;862.05;2024-04-27
ID05553;ORIG005;DEST249;430.28;2023-08-19
ID05554;ORIG034;DEST141;61.12;2021-04-08
ID05555;ORIG010;DEST547;993.99;2023-06-01
ID05556;ORIG003;DEST014;32.07;2024-03-27
ID05557;ORIG072;DEST145;367.59;2020-03-28
ID05558;ORIG003;DEST886;776.04;2021-01-04
ID05559;ORIG003;DEST271;876.95;2024-05-21
ID05560;ORIG034;DEST783;972.92;2020-06-14
ID05561;ORIG071;DEST515;610.08;2021-12-10
ID01818;ORIG013;DEST218;317.67;2024-06-12
ID05563;ORIG025;DEST032;791.66;2021-02-10
ID01783;ORIG005;DEST439;368.63;2022-02-15
ID05565;ORIG099;DEST432;336.14;2023-04-07
ID05566;ORIG014;DEST367;367.41;2023-02-25
ID05567;ORIG001;DEST361;308.94;2022-02-07
ID05568;ORIG018;DEST819;209.50;2020-02-05
ID05569;ORIG055;DEST062;489.89;2020-04-25
ID05570;ORIG006;DEST702;704.38;2024-04-04
ID05571;ORIG014;DEST524;516.54;2024-12-16
ID05572;ORIG064;DEST580;873.76;2020-10-01
ID05573;ORIG096;DEST039;53.61;2020-12-13
ID05574;ORIG066;DEST085;601.79;2023-10-19
ID05575;ORIG018;DEST051;514.62;2022-04-23
ID05576;ORIG013;DEST793;994.62;2024-02-08
ID05577;ORIG001;DEST102;119.51;2021-09-23
ID05578;ORIG018;DEST092;302.92;2021-06-15
ID05579;ORIG014;DEST437;545.76;2020-04-27
ID03290;ORIG011;DEST216;891.12;2024-01-16
ID05581;ORIG017;DEST135;667.47;2021-10-25
ID05582;ORIG051;DEST199;153.09;2023-07-01
ID05583;ORIG007;DEST383;297.67;2023-07-15
ID05584;ORIG019;DEST360;887.01;2020-03-20
ID05585;ORIG007;DEST351;876.39;2022-04-19
ID05586;ORIG007;DEST341;246.89;2023-06-21
ID05587;ORIG015;DEST154;66.97;2023-01-07
ID05588;ORIG006;DEST110;148.26;2023-03-05
ID02860;ORIG016;DEST331;853.84;2020-06-04
ID05590;ORIG001;DEST488;972.32;2024-11-08
ID05591;ORIG042;DEST078;810.14;2022-12-10
ID05592;ORIG045;DEST308;312.59;2021-07-11
ID05593;ORIG036;DEST677;439.21;2020-12-25
ID05594;ORIG010;DEST819;820.29;2022-09-02
ID05595;ORIG019;DEST943;366.32;2022-02-10
ID05596;ORIG017;DEST915;117.11;2023-07-20
ID05597;ORIG009;DEST536;118.80;2024-10-07
ID05598;ORIG015;DEST875;275.26;2024-12-02
ID05599;ORIG010;DEST537;810.71;2024-07-16
ID05600;ORIG021;DEST919;956.49;2022-08-09
ID05601;ORIG054;DEST510;752.22;2023-01-23
ID05602;ORIG092;DEST594;550.88;2022-04-11
ID05603;ORIG001;DEST365;773.37;2023-10-14
ID00582;ORIG000;DEST321;892.64;2023-04-08
ID05605;ORIG009;DEST561;872.48;2024-10-14
ID05606;ORIG008;DEST369;829.60;2020-05-26
ID05607;ORIG060;DEST252;559.04;2020-12-16
ID05608;ORIG011;DEST949;242.79;2022-05-17
ID05609;ORIG016;DEST298;57.69;2024-12-21
ID05610;ORIG005;DEST455;109.45;2023-05-02
ID05118;ORIG032;DEST573;737.71;2020-03-19
ID05612;ORIG007;DEST473;801.06;2024-03-07
ID05613;ORIG071;DEST769;820.14;2020-10-07
ID05614;ORIG017;DEST409;870.98;2022-10-18
ID05615;ORIG012;DEST498;571.94;2021-07-15
ID05616;ORIG008;DEST331;101.52;2020-06-18
ID05617;ORIG001;DEST587;898.60;2023-10-18
ID05618;ORIG071;DEST663;615.07;2023-02-15
ID05619;ORIG017;DEST319;339.05;2022-07-23
ID05620;ORIG014;DEST447;760.35;2023-08-19
ID05621;ORIG017;DEST647;870.50;2020-02-17
ID05622;ORIG074;DEST563;695.23;2024-02-28
ID05623;ORIG028;DEST030;161.71;2021-08-24
ID05624;ORIG097;DEST471;993.65;2020-04-15
ID05625;ORIG003;DEST897;273.56;2023-07-25
ID05626;ORIG005;DEST777;451.40;2023-03-03
ID05627;ORIG003;DEST430;257.03;2020-10-10
ID03382;ORIG013;DEST119;368.49;2021-02-18
ID05629;ORIG001;DEST002;439.92;2021-02-13
ID05630;ORIG018;DEST754;985.17;2021-01-15
ID05631;ORIG049;DEST972;539.85;2021-06-26
ID05632;ORIG005;DEST026;510.24;2021-08-24
ID05633;ORIG013;DEST631;173.20;2021-01-17
ID02318;ORIG012;DEST797;534.62;2021-03-05
ID05635;ORIG037;DEST758;319.23;2022-09-01
ID05636;ORIG005;DEST527;182.72;2022-10-17
ID05637;ORIG000;DEST979;76.82;2020-09-02
ID05638;ORIG086;DEST941;208.10;2020-10-23
ID05639;ORIG035;DEST605;695.54;2022-08-03
ID05640;ORIG008;DEST370;546.56;2024-11-17
ID05641;ORIG036;DEST775;358.77;2021-08-13
ID05642;ORIG003;DEST932;525.38;2024-12-16
ID05643;ORIG016;DEST428;481.39;2021-06-09
ID05644;ORIG003;DEST715;952.70;2023-07-28
ID05645;ORIG063;DEST580;826.16;2022-07-04
ID05646;ORIG012;DEST098;592.27;2021-11-20
ID05647;ORIG088;DEST370;903.03;2024-08-13
ID05648;ORIG018;DEST075;711.23;2024-08-01
ID05649;ORIG074;DEST178;544.73;2022-03-13
ID05650;ORIG013;DEST436;119.42;2020-12-27
ID02826;ORIG008;DEST807;330.49;2023-10-14
ID05652;ORIG007;DEST045;578.43;2021-06-08
ID05653;ORIG016;DEST094;823.72;2023-11-14
ID05654;ORIG019;DEST795;433.51;2022-12-08
ID05655;ORIG008;DEST855;521.72;2021-11-03
ID05656;ORIG002;DEST375;230.84;2023-01-20
ID05657;ORIG003;DEST434;16.91;2024-09-22
ID05658;ORIG086;DEST511;192.70;2022-10-21
ID02022;ORIG007;DEST166;96.91;2020-04-02
ID05660;ORIG000;DEST533;254.76;2020-01-03
ID05661;ORIG030;DEST358;579.89;2021-12-08
ID05662;ORIG015;DEST478;486.92;2022-05-28
ID01635;ORIG017;DEST060;570.27;2022-06-26
ID05664;ORIG010;DEST053;904.16;2023-12-26
ID05665;ORIG010;DEST966;952.74;2023-01-27
ID05666;ORIG003;DEST883;652.26;2023-02-12
ID05667;ORIG019;DEST338;12.31;2021-08-19
ID05668;ORIG003;DEST075;451.21;2021-07-12
ID03288;ORIG014;DEST031;643.62;2022-06-12
ID05670;ORIG013;DEST374;402.85;2021-12-09
ID05671;ORIG076;DEST691;89.24;2024-02-15
ID05672;ORIG004;DEST229;991.44;2021-01-07
ID05673;ORIG011;DEST595;600.92;2020-03-02
ID05674;ORIG009;DEST975;175.52;2020-06-08
ID05675;ORIG019;DEST499;82.09;2020-06-11
ID05676;ORIG069;DEST756;387.11;2024-03-26
ID05677;ORIG001;DEST747;282.07;2020-07-24
ID05678;ORIG085;DEST819;430.79;2022-04-03
ID05679;ORIG012;DEST100;613.29;2022-04-09
ID05680;ORIG016;DEST923;657.48;2020-02-02
ID05681;ORIG000;DEST150;663.86;2020-03-06
ID05682;ORIG015;DEST335;260.73;2020-10-17
ID05683;ORIG004;DEST849;103.58;2020-12-13
ID05684;ORIG016;DEST278;594.11;2021-07-12
ID05685;ORIG016;DEST227;582.53;2023-01-20
ID05686;ORIG088;DEST656;27.87;2022-07-09
ID01917;ORIG011;DEST646;518.16;2020-12-10
ID05688;ORIG054;DEST158;31.60;2024-10-08
ID05689;ORIG014;DEST332;748.49;2020-10-16
ID05690;ORIG007;DEST032;598.79;2022-02-07
ID00879;ORIG013;DEST692;222.47;2020-05-02
ID05692;ORIG013;DEST476;793.99;2022-07-26
ID05693;ORIG002;DEST154;643.59;2023-03-09
ID05694;ORIG017;DEST856;294.44;2021-11-13
ID05695;ORIG008;DEST833;345.87;2020-07-06
ID05696;ORIG020;DEST172;177.12;2022-09-28
ID05697;ORIG005;DEST568;736.06;2022-02-08
ID05698;ORIG005;DEST800;66.07;2020-01-04
ID05699;ORIG016;DEST627;119.40;2024-06-08
ID05700;ORIG015;DEST530;793.35;2024-10-01
ID05701;ORIG004;DEST228;16.90;2023-02-28
ID05702;ORIG015;DEST181;279.90;2024-05-04
ID05703;ORIG022;DEST343;353.68;2024-12-08
ID05704;ORIG011;DEST056;37.12;2022-05-15
ID05705;ORIG069;DEST284;273.12;2021-05-07
ID05706;ORIG089;DEST499;539.66;2021-04-22
ID05707;ORIG045;DEST162;829.50;2022-07-06
ID05708;ORIG007;DEST209;95.97;2022-06-17
ID05709;ORIG013;DEST443;288.39;2024-11-22
ID05710;ORIG017;DEST682;748.01;2020-10-23
ID05711;ORIG007;DEST172;330.35;2021-04-01
ID03758;ORIG013;DEST416;521.71;2023-02-13
ID05713;ORIG068;DEST407;258.01;2022-12-19
ID05714;ORIG017;DEST412;444.17;2023-06-01
ID05715;ORIG002;DEST303;245.21;2021-11-09
ID05716;ORIG048;DEST994;20.80;2022-10-23
ID05717;ORIG010;DEST802;993.25;2022-04-28
ID05718;ORIG017;DEST137;810.07;2021-06-10
ID05719;ORIG018;DEST707;876.25;2021-09-12
ID00266;ORIG013;DEST207;536.65;2024-09-26
ID05721;ORIG014;DEST005;753.89;2020-04-01
ID05722;ORIG014;DEST686;756.83;2023-04-06
ID05723;ORIG085;DEST883;387.72;2023-06-12
ID05724;ORIG019;DEST588;642.72;2024-03-02
ID05725;ORIG063;DEST296;933.59;2021-05-16
ID05726;ORIG012;DEST306;326.88;2020-04-20
ID05727;ORIG014;DEST043;159.19;2024-07-17
ID05728;ORIG006;DEST515;467.25;2020-09-07
ID05729;ORIG000;DEST819;369.63;2020-11-24
ID02183;ORIG002;DEST114;293.63;2020-10-15
ID05731;ORIG010;DEST007;145.26;2023-08-16
ID05732;ORIG003;DEST940;149.68;2021-05-12
ID05733;ORIG011;DEST999;188.93;2023-04-18
ID05734;ORIG000;DEST177;320.86;2020-04-16
ID05735;ORIG002;DEST761;442.86;2023-07-24
ID05736;ORIG007;DEST465;457.61;2021-09-25
ID05737;ORIG012;DEST358;383.33;2021-12-02
ID05738;ORIG002;DEST903;970.05;2023-08-12
ID05739;ORIG013;DEST096;346.67;2021-01-22
ID05740;ORIG011;DEST201;818.12;2022-08-28
ID05741;ORIG009;DEST714;382.80;2024-08-23
ID05742;ORIG001;DEST846;842.98;2020-02-25
ID05743;ORIG014;DEST984;348.38;2024-09-07
ID05744;ORIG002;DEST933;175.29;2024-05-13
ID05745;ORIG010;DEST934;932.16;2023-02-07
ID05746;ORIG006;DEST779;237.17;2022-08-23
ID05747;ORIG008;DEST547;16.60;2022-04-09
ID05748;ORIG018;DEST107;57.45;2021-06-12
ID05749;ORIG015;DEST980;760.99;2022-11-03
ID05750;ORIG010;DEST427;44.27;2023-07-02
ID05233;ORIG014;DEST791;291.42;2021-03-19
ID05752;ORIG079;DEST941;340.16;2023-09-03
ID05753;ORIG000;DEST804;762.35;2020-08-02
ID05754;ORIG006;DEST644;270.60;2022-08-22
ID05755;ORIG017;DEST700;965.78;2021-10-20
ID05756;ORIG012;DEST615;333.74;2023-04-07
ID00727;ORIG017;DEST498;578.68;2024-06-14
ID05758;ORIG038;DEST929;257.46;2024-12-25
ID05759;ORIG011;DEST762;804.84;2021-03-21
ID05108;ORIG001;DEST349;458.25;2020-10-25
ID02834;ORIG011;DEST019;194.89;2024-03-25
ID05762;ORIG015;DEST721;702.04;2024-04-04
ID05763;ORIG006;DEST860;455.36;2024-05-25
ID05764;ORIG054;DEST636;810.26;2020-02-03
ID05765;ORIG008;DEST522;624.49;2021-02-02
ID05766;ORIG001;DEST898;308.13;2020-02-04
ID05767;ORIG079;DEST985;372.27;2024-07-22
ID05768;ORIG011;DEST827;853.97;2023-12-10
ID05769;ORIG018;DEST403;852.02;2024-08-23
ID05770;ORIG002;DEST083;779.87;2023-10-05
ID05771;ORIG004;DEST720;805.81;2024-02-18
ID05772;ORIG002;DEST549;584.29;2024-02-27
ID05773;ORIG013;DEST536;75.30;2020-10-15
ID05774;ORIG052;DEST026;380.45;2024-06-07
ID05775;ORIG014;DEST920;537.81;2024-12-13
ID05776;ORIG005;DEST756;933.26;2024-03-24
ID05777;ORIG006;DEST687;234.49;2021-09-11
ID05778;ORIG066;DEST032;54.96;2021-01-05
ID05779;ORIG015;DEST281;805.65;2022-04-03
ID05780;ORIG019;DEST276;384.42;2024-01-18
ID05781;ORIG018;DEST668;203.69;2022-09-18
ID05782;ORIG007;DEST146;342.82;2020-03-01
ID05783;ORIG014;DEST603;743.81;2022-06-10
ID05784;ORIG045;DEST110;494.28;2021-06-25
ID05785;ORIG008;DEST218;809.37;2022-04-04
ID05786;ORIG013;DEST028;30.16;2024-11-23
ID05787;ORIG007;DEST665;255.52;2022-11-21
ID05788;ORIG015;DEST358;976.82;2021-07-28
ID05789;ORIG000;DEST721;978.62;2022-01-16
ID05790;ORIG003;DEST427;633.64;2023-01-03
ID00794;ORIG096;DEST598;305.70;2021-03-20
ID05792;ORIG064;DEST185;704.86;2020-04-01
ID05793;ORIG001;DEST972;594.09;2024-01-17
ID05794;ORIG011;DEST557;614.51;2023-10-06
ID05131;ORIG025;DEST690;272.61;2024-11-18
ID03332;ORIG001;DEST054;935.87;2020-04-04
ID05797;ORIG004;DEST495;373.82;2024-03-18
ID05798;ORIG002;DEST325;390.83;2022-09-25
ID05799;ORIG019;DEST541;757.32;2023-03-04
ID02722;ORIG003;DEST019;395.22;2022-11-04
ID05801;ORIG006;DEST523;221.94;2022-04-05
ID05802;ORIG002;DEST175;404.93;2023-10-25
ID05803;ORIG004;DEST838;971.66;2020-08-24
ID05804;ORIG011;DEST827;634.78;2021-02-07
ID05805;ORIG007;DEST198;984.85;2022-01-27
ID05806;ORIG004;DEST117;223.05;2022-01-06
ID05807;ORIG007;DEST295;192.65;2023-09-02
ID05808;ORIG009;DEST581;508.00;2024-11-05
ID05809;ORIG014;DEST370;612.88;2022-04-19
ID05810;ORIG019;DEST945;801.59;2021-07-20
ID05811;ORIG016;DEST222;98.13;2020-07-07
ID05812;ORIG016;DEST433;394.88;2020-09-03
ID05813;ORIG037;DEST879;810.93;2021-07-01
ID05814;ORIG055;DEST654;195.50;2022-04-10
ID05815;ORIG011;DEST904;160.57;2024-06-09
ID05816;ORIG005;DEST813;509.51;2022-06-21
ID05817;ORIG011;DEST858;694.54;2024-12-02
ID05818;ORIG004;DEST101;369.11;2024-01-20
ID05819;ORIG016;DEST515;127.91;2023-08-22
ID05820;ORIG038;DEST493;45.57;2024-12-04
ID04375;ORIG017;DEST857;502.99;2023-11-07
ID05822;ORIG005;DEST323;930.38;2022-05-17
ID05823;ORIG009;DEST761;746.12;2023-08-15
ID05824;ORIG018;DEST342;42.25;2021-09-17
ID05825;ORIG011;DEST879;357.43;2022-07-18
ID05826;ORIG045;DEST711;698.83;2022-01-12
ID05827;ORIG013;DEST534;501.51;2024-02-25
ID05828;ORIG050;DEST695;848.61;2020-08-24
ID05829;ORIG019;DEST679;325.46;2022-07-08
ID03795;ORIG015;DEST483;450.29;2021-03-08
ID05831;ORIG014;DEST995;855.75;2020-10-20
ID05832;ORIG002;DEST731;18.72;2024-02-20
ID05833;ORIG079;DEST535;437.57;2022-09-12
ID05834;ORIG065;DEST595;984.50;2022-09-20
ID05835;ORIG009;DEST425;280.29;2023-02-16
ID05836;ORIG001;DEST385;736.17;2023-11-17
ID05837;ORIG012;DEST428;391.56;2020-03-02
ID05838;ORIG011;DEST757;160.41;2023-11-02
ID05839;ORIG017;DEST499;145.94;2024-06-13
ID05840;ORIG049;DEST930;564.27;2020-09-16
ID05841;ORIG002;DEST879;261.66;2023-12-01
ID05842;ORIG007;DEST710;300.33;2023-04-08
ID05843;ORIG075;DEST753;51.51;2024-10-06
ID05844;ORIG016;DEST094;608.98;2021-06-06
ID05845;ORIG011;DEST967;183.85;2020-06-22
ID03629;ORIG086;DEST234;104.55;2023-07-02
ID05847;ORIG010;DEST458;798.44;2020-12-12
ID05848;ORIG007;DEST421;880.03;2022-02-06
ID05849;ORIG014;DEST292;62.00;2021-12-28
ID04805;ORIG054;DEST465;332.37;2020-09-20
ID05851;ORIG014;DEST322;392.38;2023-04-08
ID05852;ORIG008;DEST495;26.58;2021-01-12
ID05853;ORIG019;DEST371;831.49;2024-10-22
ID05854;ORIG008;DEST280;916.83;2021-05-22
ID05855;ORIG008;DEST281;523.19;2024-02-15
ID05856;ORIG009;DEST591;349.03;2022-03-16
ID05857;ORIG009;DEST568;559.35;2022-01-20
ID05858;ORIG001;DEST872;345.88;2023-02-16
ID05859;ORIG015;DEST241;815.18;2021-04-19
ID05860;ORIG009;DEST389;557.07;2024-03-04
ID05861;ORIG079;DEST639;679.96;2024-08-11
ID05862;ORIG015;DEST069;650.45;2021-01-22
ID05863;ORIG017;DEST134;127.75;2020-03-15
ID04209;ORIG024;DEST124;568.80;2022-05-10
ID05865;ORIG015;DEST738;878.43;2020-08-18
ID05866;ORIG008;DEST090;926.48;2024-01-26
ID05867;ORIG007;DEST576;540.29;2020-01-27
ID05868;ORIG007;DEST563;656.71;2024-11-10
ID05869;ORIG009;DEST794;900.20;2024-03-05
ID05870;ORIG009;DEST965;692.67;2020-03-25
ID05871;ORIG062;DEST444;215.70;2023-10-15
ID05872;ORIG022;DEST896;975.42;2021-11-10
ID05873;ORIG002;DEST250;924.88;2020-07-12
ID05874;ORIG006;DEST567;874.59;2024-04-04
ID05875;ORIG016;DEST029;494.70;2020-08-19
ID05410;ORIG057;DEST993;500.71;2024-03-15
ID05877;ORIG011;DEST411;314.75;2024-03-24
ID05878;ORIG016;DEST752;29.52;2023-10-23
ID05879;ORIG013;DEST935;153.24;2024-02-19
ID05880;ORIG013;DEST490;278.79;2020-09-11
ID05881;ORIG010;DEST664;511.40;2023-02-06
ID05882;ORIG055;DEST877;684.74;2022-06-19
ID05883;ORIG017;DEST363;423.00;2023-01-26
ID05884;ORIG005;DEST353;572.08;2023-07-08
ID05885;ORIG028;DEST787;995.78;2021-07-24
ID05886;ORIG015;DEST911;889.61;2020-07-16
ID05887;ORIG008;DEST103;110.58;2020-04-16
ID05888;ORIG019;DEST527;464.67;2022-04-23
ID02300;ORIG001;DEST148;688.85;2021-05-09
ID05890;ORIG004;DEST156;286.04;2024-05-21
ID05891;ORIG015;DEST480;736.59;2024-12-05
ID05892;ORIG002;DEST772;551.01;2024-11-12
ID05893;ORIG093;DEST778;472.13;2020-01-06
ID05894;ORIG067;DEST854;485.23;2023-09-09
ID05895;ORIG014;DEST767;460.94;2020-02-22
ID05896;ORIG063;DEST859;463.98;2023-03-21
ID05897;ORIG013;DEST922;65.89;2022-06-27
ID05898;ORIG001;DEST103;749.84;2023-09-25
ID05899;ORIG002;DEST724;817.46;2023-10-22
ID05900;ORIG019;DEST070;191.65;2021-04-26
ID05901;ORIG019;DEST518;61.08;2021-12-28
ID05902;ORIG001;DEST649;251.78;2024-07-09
ID05903;ORIG000;DEST142;788.87;2020-10-22
ID05904;ORIG007;DEST197;697.35;2020-11-11
ID05905;ORIG006;DEST563;887.10;2023-10-27
ID04214;ORIG001;DEST385;776.30;2020-11-26
ID05907;ORIG005;DEST905;776.89;2021-08-26
ID02962;ORIG007;DEST489;470.34;2024-10-01
ID05909;ORIG007;DEST619;539.82;2021-04-20
ID05910;ORIG018;DEST155;367.70;2020-02-24
ID03361;ORIG019;DEST985;987.00;2024-07-07
ID05001;ORIG006;DEST666;574.91;2020-11-07
ID02788;ORIG093;DEST374;253.03;2020-04-02
ID05914;ORIG019;DEST976;271.90;2021-12-11
ID05915;ORIG006;DEST988;581.81;2023-12-25
ID05916;ORIG004;DEST638;756.02;2021-10-21
ID05917;ORIG000;DEST033;202.03;2020-10-01
ID05918;ORIG011;DEST003;966.05;2022-07-24
ID05919;ORIG022;DEST838;834.89;2023-04-23
ID05920;ORIG015;DEST586;760.56;2023-08-02
ID04362;ORIG064;DEST313;541.53;2020-02-20
ID03624;ORIG018;DEST197;577.72;2020-11-12
ID05923;ORIG001;DEST044;88.99;2021-10-08
ID01968;ORIG019;DEST208;368.09;2020-01-01
ID05925;ORIG010;DEST267;362.72;2021-07-26
ID05926;ORIG004;DEST608;534.53;2023-08-14
ID05715;ORIG020;DEST324;557.69;2022-01-04
ID05928;ORIG016;DEST483;866.18;2022-08-14
ID05929;ORIG000;DEST043;552.97;2022-10-05
ID05930;ORIG008;DEST154;663.83;2022-11-13
ID05931;ORIG003;DEST146;83.31;2022-07-21
ID05932;ORIG013;DEST290;893.19;2021-11-28
ID05933;ORIG064;DEST045;749.46;2021-03-27
ID05934;ORIG019;DEST558;890.22;2022-10-20
ID05935;ORIG008;DEST356;356.26;2021-07-12
ID01525;ORIG004;DEST595;332.84;2023-04-25
ID05937;ORIG015;DEST817;126.75;2023-02-13
ID05938;ORIG009;DEST441;825.61;2020-04-20
ID05939;ORIG058;DEST617;604.14;2020-10-27
ID05940;ORIG007;DEST268;765.14;2024-09-21
ID05941;ORIG015;DEST852;944.55;2024-04-04
ID05942;ORIG012;DEST728;528.96;2020-12-07
ID05943;ORIG069;DEST120;949.60;2021-10-26
ID05944;ORIG001;DEST052;520.54;2023-04-18
ID05945;ORIG002;DEST950;33.24;2021-02-20
ID05946;ORIG011;DEST595;523.55;2022-02-28
ID05947;ORIG022;DEST689;952.69;2024-09-03
ID05948;ORIG014;DEST832;900.17;2021-01-01
ID05949;ORIG095;DEST421;544.45;2023-09-03
ID05950;ORIG053;DEST283;477.49;2020-03-12
ID04423;ORIG007;DEST176;340.34;2023-06-02
ID00353;ORIG019;DEST972;167.64;2023-11-07
ID05953;ORIG003;DEST449;576.63;2022-11-17
ID05954;ORIG000;DEST408;79.58;2022-11-27
ID05955;ORIG045;DEST803;525.68;2024-07-10
ID00055;ORIG000;DEST279;778.60;2023-06-24
ID05957;ORIG016;DEST529;620.94;2024-01-11
ID05958;ORIG014;DEST427;739.22;2021-07-13
ID05959;ORIG062;DEST702;807.20;2020-10-15
ID05960;ORIG059;DEST168;802.03;2024-08-07
ID05961;ORIG006;DEST812;141.33;2022-12-13
ID05962;ORIG011;DEST037;561.87;2022-09-23
ID05963;ORIG001;DEST414;872.96;2021-01-05
ID05964;ORIG014;DEST854;699.76;2020-12-12
ID05965;ORIG005;DEST434;619.66;2024-09-21
ID03789;ORIG003;DEST568;652.38;2022-08-02
ID05967;ORIG006;DEST094;782.17;2023-12-02
ID05968;ORIG018;DEST012;913.30;2020-10-12
ID05969;ORIG073;DEST135;313.77;2021-05-06
ID05970;ORIG009;DEST913;317.41;2022-06-06
ID05335;ORIG019;DEST551;67.35;2020-03-27
ID05972;ORIG004;DEST700;847.20;2023-10-27
ID05973;ORIG014;DEST559;736.82;2024-07-12
ID05974;ORIG097;DEST688;634.52;2024-02-27
ID05975;ORIG012;DEST782;191.83;2023-11-18
ID05976;ORIG019;DEST562;932.04;2021-08-16
ID05977;ORIG011;DEST193;664.39;2021-08-11
ID05978;ORIG016;DEST134;588.85;2022-06-06
ID05979;ORIG007;DEST724;661.26;2023-11-22
ID05980;ORIG063;DEST957;313.98;2021-10-15
ID05981;ORIG002;DEST537;602.25;2022-01-16
ID05982;ORIG018;DEST103;312.43;2022-11-27
ID05983;ORIG007;DEST765;709.29;2023-05-09
ID05984;ORIG092;DEST936;728.43;2022-02-22
ID05985;ORIG007;DEST914;592.31;2024-01-26
ID04442;ORIG018;DEST315;517.06;2023-03-12
ID05987;ORIG015;DEST082;337.67;2023-03-02
ID02305;ORIG009;DEST253;172.15;2023-09-09
ID05989;ORIG019;DEST247;282.48;2021-08-14
ID05990;ORIG011;DEST107;859.85;2022-07-28
ID05991;ORIG015;DEST403;873.21;2023-10-06
ID05992;ORIG092;DEST573;282.31;2022-12-03
ID05993;ORIG087;DEST284;95.22;2022-04-24
ID05994;ORIG013;DEST807;449.24;2021-01-14
ID05995;ORIG017;DEST789;228.04;2022-11-18
ID03320;ORIG030;DEST300;726.25;2021-11-22
ID01674;ORIG010;DEST021;427.58;2022-05-08
ID05998;ORIG087;DEST026;222.54;2022-11-05
ID05999;ORIG001;DEST124;432.93;2021-05-25
ID06000;ORIG004;DEST277;729.62;2023-08-28
ID06001;ORIG007;DEST696;912.10;2021-04-02
ID01458;ORIG056;DEST877;418.86;2021-07-07
ID06003;ORIG011;DEST435;945.48;2020-03-25
ID02550;ORIG000;DEST894;782.25;2021-07-14
ID06005;ORIG024;DEST907;952.16;2021-02-26
ID06006;ORIG014;DEST567;26.03;2022-02-28
ID06007;ORIG007;DEST473;550.68;2021-06-09
ID06008;ORIG017;DEST109;963.76;2021-09-19
ID06009;ORIG007;DEST949;254.96;2024-07-21
ID06010;ORIG036;DEST560;167.10;2022-12-07
ID06011;ORIG006;DEST533;406.24;2023-01-10
ID00588;ORIG005;DEST926;124.92;2020-06-13
ID06013;ORIG001;DEST696;571.93;2021-07-01
ID06014;ORIG010;DEST171;191.45;2021-08-18
ID06015;ORIG056;DEST541;356.42;2023-12-11
ID06016;ORIG016;DEST957;43.77;2022-01-08
ID00781;ORIG019;DEST875;608.86;2023-08-20
ID06018;ORIG002;DEST751;44.13;2020-05-12
ID04141;ORIG015;DEST066;964.51;2020-04-11
ID06020;ORIG014;DEST856;294.36;2021-05-05
ID06021;ORIG011;DEST594;35.41;2023-12-14
ID06022;ORIG011;DEST040;938.20;2022-08-20
ID06023;ORIG007;DEST937;732.96;2022-09-13
ID06024;ORIG035;DEST561;783.08;2022-09-24
ID00851;ORIG017;DEST954;121.64;2021-02-08
ID06026;ORIG016;DEST876;209.79;2020-02-23
ID06027;ORIG019;DEST207;779.09;2021-11-11
ID06028;ORIG003;DEST036;208.84;2022-08-19
ID06029;ORIG001;DEST355;291.83;2021-03-14
ID06030;ORIG009;DEST952;249.47;2024-01-13
ID06031;ORIG012;DEST784;601.20;2024-03-15
ID06032;ORIG088;DEST365;388.05;2021-10-24
ID06033;ORIG004;DEST732;72.76;2021-12-22
ID06034;ORIG010;DEST434;72.66;2023-07-18
ID01391;ORIG043;DEST527;166.40;2020-10-14
ID06036;ORIG005;DEST351;959.90;2022-12-21
ID06037;ORIG003;DEST598;251.29;2021-05-06
ID06038;ORIG098;DEST582;374.86;2020-04-15
ID06039;ORIG007;DEST854;911.63;2022-09-16
ID05991;ORIG009;DEST223;492.27;2022-11-14
ID06041;ORIG014;DEST382;997.70;2020-09-16
ID06042;ORIG017;DEST527;393.89;2022-04-23
ID06043;ORIG058;DEST988;998.00;2024-09-18
ID06044;ORIG004;DEST211;709.82;2022-04-21
ID06045;ORIG007;DEST678;295.61;2023-02-12
ID06046;ORIG019;DEST802;103.40;2020-08-15
ID06047;ORIG017;DEST059;511.76;2023-01-07
ID06048;ORIG004;DEST182;960.38;2023-02-26
ID06049;ORIG018;DEST466;439.02;2021-06-11
ID06050;ORIG011;DEST523;278.14;2022-01-18
ID06051;ORIG019;DEST828;929.06;2021-09-23
ID06052;ORIG097;DEST749;374.70;2022-02-24
ID06053;ORIG007;DEST748;991.03;2023-07-28
ID03201;ORIG001;DEST985;600.99;2022-08-28
ID06055;ORIG012;DEST587;925.06;2022-01-27
ID06056;ORIG005;DEST629;133.17;2023-07-04
ID06057;ORIG077;DEST078;806.65;2021-05-19
ID06058;ORIG065;DEST097;181.26;2022-05-01
ID06059;ORIG017;DEST757;226.78;2024-01-06
ID06060;ORIG015;DEST108;561.32;2024-09-15
ID05878;ORIG013;DEST760;923.34;2020-04-08
ID06062;ORIG000;DEST612;688.40;2021-04-06
ID06063;ORIG050;DEST962;923.43;2020-09-24
ID03852;ORIG002;DEST027;622.70;2023-09-21
ID06065;ORIG004;DEST781;520.60;2021-10-09
ID06066;ORIG000;DEST913;429.96;2021-11-28
ID04997;ORIG050;DEST050;28.07;2021-07-06
ID06068;ORIG014;DEST939;540.18;2022-01-14
ID06069;ORIG025;DEST615;846.86;2024-10-02
ID06070;ORIG019;DEST259;926.04;2020-04-16
ID06071;ORIG017;DEST926;579.60;2024-12-23
ID06072;ORIG070;DEST828;98.34;2021-03-19
ID02050;ORIG037;DEST575;442.35;2022-08-01
ID06074;ORIG009;DEST201;392.69;2023-08-11
ID06075;ORIG014;DEST385;124.77;2022-07-13
ID06076;ORIG018;DEST519;39.91;2022-04-08
ID06077;ORIG012;DEST601;220.26;2021-03-02
ID06078;ORIG010;DEST143;723.67;2023-11-12
ID06079;ORIG008;DEST100;55.55;2022-07-14
ID02298;ORIG003;DEST344;818.16;2024-01-26
ID06081;ORIG056;DEST638;499.68;2022-11-01
ID06082;ORIG013;DEST595;967.83;2022-03-13
ID06083;ORIG014;DEST334;860.41;2020-02-17
ID06084;ORIG000;DEST319;957.99;2022-11-24
ID06085;ORIG040;DEST369;976.19;2021-11-14
ID06086;ORIG000;DEST619;803.66;2024-07-19
ID06087;ORIG013;DEST442;843.02;2024-06-24
ID06088;ORIG022;DEST174;556.50;2022-02-17
ID06089;ORIG004;DEST449;125.49;2021-10-17
ID04049;ORIG018;DEST148;317.91;2024-07-18
ID06091;ORIG013;DEST527;399.49;2021-08-22
ID06092;ORIG006;DEST839;840.09;2020-11-02
ID06093;ORIG001;DEST108;633.52;2024-10-25
ID06094;ORIG010;DEST403;440.12;2023-09-15
ID06095;ORIG049;DEST679;690.27;2021-09-24
ID06096;ORIG017;DEST017;66.45;2022-07-05
ID06097;ORIG016;DEST167;96.71;2022-04-11
ID06098;ORIG016;DEST567;926.83;2020-09-11
ID06099;ORIG019;DEST175;416.48;2023-12-19
ID05025;ORIG017;DEST380;133.87;2024-12-22
ID06101;ORIG008;DEST455;905.56;2020-01-17
ID06102;ORIG012;DEST436;523.71;2024-04-09
ID06103;ORIG013;DEST700;18.89;2022-06-24
ID02104;ORIG017;DEST180;47.01;2020-10-23
ID06105;ORIG003;DEST232;445.48;2020-01-15
ID06106;ORIG004;DEST336;822.13;2021-05-25
ID06107;ORIG018;DEST116;444.50;2023-11-25
ID06108;ORIG011;DEST284;621.44;2024-05-25
ID06109;ORIG008;DEST691;54.09;2021-04-09
ID02157;ORIG087;DEST520;104.89;2021-09-08
ID06111;ORIG017;DEST228;514.56;2023-11-07
ID06112;ORIG006;DEST502;574.09;2024-07-11
ID06113;ORIG009;DEST296;920.10;2020-12-15
ID06114;ORIG017;DEST645;337.27;2022-06-24
ID06115;ORIG061;DEST953;706.58;2020-07-17
ID03376;ORIG002;DEST007;867.97;2021-04-15
ID06117;ORIG018;DEST086;357.10;2021-01-20
ID06118;ORIG008;DEST498;566.66;2023-11-14
ID06119;ORIG040;DEST351;458.88;2024-09-27
ID06120;ORIG015;DEST281;624.38;2021-04-28
ID06121;ORIG005;DEST039;295.20;2023-04-11
ID06122;ORIG033;DEST722;858.79;2023-11-25
ID06123;ORIG008;DEST001;774.74;2021-03-09
ID06124;ORIG027;DEST857;348.10;2022-09-25
ID06125;ORIG007;DEST447;818.05;2021-03-07
ID06126;ORIG015;DEST595;450.44;2022-01-12
ID04775;ORIG017;DEST700;563.85;2024-11-10
ID06128;ORIG011;DEST911;857.40;2022-05-11
ID06129;ORIG011;DEST580;48.27;2024-11-27
ID06130;ORIG018;DEST004;547.86;2021-02-24
ID06131;ORIG015;DEST713;627.58;2021-01-17
ID06132;ORIG019;DEST190;941.79;2020-11-20
ID06133;ORIG027;DEST941;245.23;2021-07-05
ID06134;ORIG008;DEST086;216.75;2022-04-27
ID06135;ORIG005;DEST334;741.34;2024-12-20
ID06136;ORIG017;DEST698;843.89;2020-06-16
ID06137;ORIG015;DEST507;60.15;2024-04-05
ID00565;ORIG006;DEST029;726.72;2022-08-21
ID06139;ORIG003;DEST011;296.50;2020-02-21
ID06140;ORIG010;DEST955;799.18;2024-11-01
ID00891;ORIG002;DEST130;494.50;2020-12-26
ID06142;ORIG004;DEST422;463.21;2021-10-10
ID06143;ORIG001;DEST856;260.87;2021-12-04
ID06144;ORIG018;DEST317;635.74;2020-03-07
ID06145;ORIG009;DEST810;357.29;2020-10-15
ID06146;ORIG017;DEST456;865.75;2023-04-01
ID06147;ORIG017;DEST333;592.89;2022-11-15
ID06148;ORIG040;DEST987;279.59;2020-04-10
ID06149;ORIG015;DEST540;346.54;2020-06-18
ID06150;ORIG015;DEST226;159.26;2023-08-22
ID03414;ORIG001;DEST336;909.76;2020-07-17
ID06152;ORIG000;DEST058;222.66;2021-02-27
ID06153;ORIG012;DEST253;956.14;2022-03-02
ID06154;ORIG002;DEST873;59.83;2020-11-16
ID06155;ORIG007;DEST811;666.45;2022-05-26
ID06156;ORIG048;DEST394;300.91;2024-07-10
ID06157;ORIG015;DEST277;288.31;2021-06-25
ID06158;ORIG015;DEST331;15.17;2022-02-14
ID06159;ORIG008;DEST396;905.95;2020-09-10
ID06160;ORIG029;DEST451;78.82;2024-08-26
ID06161;ORIG000;DEST654;502.04;2024-05-28
ID01647;ORIG007;DEST265;332.73;2023-02-28
ID06163;ORIG017;DEST046;582.94;2023-01-07
ID06164;ORIG003;DEST187;144.11;2023-10-03
ID06165;ORIG004;DEST278;286.33;2023-04-18
ID06166;ORIG012;DEST436;944.78;2024-06-05
ID06167;ORIG016;DEST044;193.02;2022-09-01
ID04270;ORIG015;DEST133;388.58;2020-03-27
ID06169;ORIG024;DEST065;553.88;2023-11-12
ID06170;ORIG000;DEST139;974.39;2022-08-14
ID06171;ORIG014;DEST241;222.59;2021-03-07
ID06172;ORIG018;DEST079;919.33;2020-05-26
ID01663;ORIG018;DEST825;955.10;2021-03-07
ID06174;ORIG017;DEST043;206.91;2024-12-01
ID06175;ORIG015;DEST378;667.26;2020-03-08
ID06176;ORIG005;DEST472;82.22;2020-10-17
ID06177;ORIG010;DEST754;965.99;2024-11-25
ID01141;ORIG013;DEST144;262.86;2024-01-28
ID06179;ORIG005;DEST000;831.65;2021-01-16
ID06180;ORIG026;DEST098;918.52;2022-01-23
ID06181;ORIG019;DEST733;169.45;2021-07-14
ID06182;ORIG001;DEST351;594.11;2021-01-27
ID06183;ORIG006;DEST722;563.94;2023-01-22
ID02414;ORIG030;DEST792;660.79;2023-04-05
ID06185;ORIG002;DEST830;442.42;2023-09-14
ID06186;ORIG011;DEST616;640.92;2023-03-22
ID00707;ORIG017;DEST686;149.84;2023-04-02
ID06188;ORIG018;DEST836;446.95;2022-09-19
ID06189;ORIG004;DEST662;537.19;2021-09-17
ID06190;ORIG000;DEST475;749.82;2022-09-13
ID06191;ORIG017;DEST698;534.87;2022-01-28
ID06192;ORIG008;DEST132;902.23;2020-04-05
ID01011;ORIG005;DEST051;619.66;2024-02-20
ID06194;ORIG050;DEST350;602.40;2024-09-10
ID06195;ORIG005;DEST807;314.46;2024-02-23
ID06196;ORIG027;DEST102;56.63;2022-01-07
ID06197;ORIG009;DEST832;89.76;2024-03-04
ID06198;ORIG000;DEST712;679.92;2020-04-13
ID06199;ORIG009;DEST286;788.35;2024-06-16
ID06200;ORIG010;DEST771;662.55;2022-12-09
ID03980;ORIG001;DEST969;727.23;2021-08-04
ID06202;ORIG017;DEST572;910.12;2024-09-15
ID06203;ORIG004;DEST587;83.78;2023-11-06
ID06204;ORIG013;DEST504;293.52;2022-11-24
ID06205;ORIG015;DEST668;261.21;2020-09-14
ID06206;ORIG012;DEST413;688.21;2021-12-19
ID05008;ORIG012;DEST102;692.33;2021-04-02
ID06208;ORIG078;DEST528;436.35;2023-04-17
ID06209;ORIG000;DEST565;109.59;2023-09-16
ID06210;ORIG015;DEST075;820.00;2024-06-05
ID06211;ORIG003;DEST962;786.07;2023-09-28
ID06212;ORIG000;DEST398;447.84;2021-11-15
ID06213;ORIG000;DEST303;801.56;2020-10-11
ID06214;ORIG068;DEST329;447.12;2021-05-03
ID06215;ORIG085;DEST143;18.55;2023-03-22
ID06216;ORIG002;DEST907;939.63;2020-04-11
ID06217;ORIG008;DEST664;438.18;2024-04-08
ID06218;ORIG087;DEST393;238.66;2020-12-09
ID06219;ORIG007;DEST951;791.88;2024-03-08
ID06220;ORIG007;DEST144;433.62;2024-10-27
ID06221;ORIG043;DEST688;715.49;2022-03-26
ID06222;ORIG011;DEST156;573.17;2024-05-21
ID06223;ORIG009;DEST507;604.11;2020-06-24
ID06224;ORIG012;DEST541;189.04;2024-08-19
ID06225;ORIG025;DEST357;393.37;2021-09-14
ID03895;ORIG001;DEST240;429.91;2024-03-09
ID04761;ORIG051;DEST954;446.28;2023-03-19
ID06228;ORIG037;DEST937;395.87;2021-12-13
ID06229;ORIG004;DEST341;858.03;2024-12-16
ID06230;ORIG016;DEST673;880.43;2023-03-21
ID01577;ORIG076;DEST245;831.29;2021-12-23
ID06232;ORIG015;DEST489;439.61;2024-02-23
ID06233;ORIG000;DEST202;186.52;2021-02-07
ID06234;ORIG098;DEST458;766.95;2022-12-07
ID06235;ORIG003;DEST327;565.79;2020-07-04
ID06236;ORIG002;DEST613;402.92;2021-06-07
ID06237;ORIG000;DEST522;634.17;2024-11-28
ID06238;ORIG017;DEST356;924.63;2023-07-12
ID01558;ORIG003;DEST052;897.62;2024-06-19
ID06240;ORIG024;DEST684;221.74;2021-05-07
ID06241;ORIG011;DEST861;484.33;2023-06-23
ID06242;ORIG017;DEST456;333.77;2023-10-11
ID05614;ORIG016;DEST887;752.91;2021-05-07
ID06244;ORIG097;DEST864;76.73;2020-10-12
ID06245;ORIG018;DEST862;335.07;2023-11-12
ID06246;ORIG013;DEST728;64.09;2024-06-09
ID06247;ORIG010;DEST897;824.58;2024-04-20
ID04865;ORIG002;DEST926;529.59;2024-10-06
ID06249;ORIG018;DEST995;357.56;2024-12-25
ID06250;ORIG018;DEST470;287.85;2023-12-27
ID06251;ORIG012;DEST681;399.57;2021-01-23
ID06252;ORIG000;DEST596;715.36;2021-11-08
ID06253;ORIG013;DEST312;357.50;2024-12-21
ID06254;ORIG008;DEST341;454.51;2022-06-07
ID06255;ORIG003;DEST360;316.37;2022-01-23
ID06256;ORIG018;DEST851;48.23;2024-05-07
ID06257;ORIG003;DEST444;768.61;2021-04-15
ID06258;ORIG004;DEST035;500.36;2020-08-02
ID06259;ORIG014;DEST645;521.62;2023-08-06
ID06260;ORIG071;DEST101;721.18;2024-06-27
ID06261;ORIG006;DEST418;167.25;2021-10-01
ID06262;ORIG008;DEST398;540.75;2020-09-23
ID06263;ORIG043;DEST490;511.10;2021-08-20
ID06264;ORIG003;DEST103;395.80;2024-02-09
ID06265;ORIG000;DEST125;631.21;2023-12-21
ID06266;ORIG033;DEST172;495.29;2023-12-25
ID06267;ORIG024;DEST294;990.91;2022-11-12
ID06268;ORIG009;DEST776;449.57;2024-09-14
ID01635;ORIG004;DEST042;990.59;2020-08-28
ID06270;ORIG016;DEST017;429.13;2023-04-17
ID06271;ORIG001;DEST714;741.79;2022-07-13
ID06272;ORIG001;DEST454;656.63;2020-06-23
ID00017;ORIG060;DEST451;207.16;2024-03-11
ID06274;ORIG003;DEST946;623.49;2021-09-12
ID06275;ORIG026;DEST165;594.13;2020-02-20
ID06276;ORIG018;DEST778;150.04;2021-06-13
ID06277;ORIG012;DEST794;498.62;2021-01-15
ID06278;ORIG095;DEST774;501.90;2023-12-02
ID00597;ORIG014;DEST966;542.03;2021-09-16
ID06280;ORIG018;DEST096;981.56;2024-11-14
ID06281;ORIG003;DEST449;171.21;2022-12-06
ID06282;ORIG005;DEST399;289.41;2024-12-26
ID06283;ORIG015;DEST475;202.77;2021-12-04
ID06284;ORIG013;DEST931;524.16;2020-11-04
ID06285;ORIG016;DEST138;786.24;2022-11-26
ID06286;ORIG008;DEST121;108.61;2024-04-04
ID06287;ORIG012;DEST477;992.00;2021-12-26
ID06288;ORIG009;DEST859;291.70;2023-11-19
ID06289;ORIG035;DEST386;726.70;2023-06-19
ID06290;ORIG037;DEST480;39.93;2022-02-24
ID06291;ORIG095;DEST422;955.42;2021-06-27
ID06292;ORIG011;DEST984;168.35;2023-03-07
ID02881;ORIG085;DEST154;496.58;2020-09-24
ID06294;ORIG010;DEST435;955.11;2023-04-23
ID03259;ORIG008;DEST561;204.12;2022-07-21
ID06296;ORIG004;DEST539;932.63;2020-12-09
ID06297;ORIG011;DEST413;984.49;2020-11-01
ID06298;ORIG000;DEST084;146.30;2021-12-23
ID06299;ORIG008;DEST922;616.36;2023-01-11
ID06300;ORIG002;DEST990;937.82;2020-04-17
ID06301;ORIG018;DEST746;419.02;2021-10-01
ID06302;ORIG022;DEST173;841.04;2024-12-15
ID06303;ORIG009;DEST415;724.16;2021-05-19
ID06304;ORIG009;DEST584;327.13;2024-03-22
ID06305;ORIG014;DEST969;210.87;2023-11-14
ID06306;ORIG019;DEST709;89.73;2023-01-08
ID06307;ORIG016;DEST010;678.36;2020-11-13
ID06308;ORIG003;DEST914;625.45;2023-07-10
ID06309;ORIG016;DEST218;566.75;2020-12-13
ID06310;ORIG017;DEST675;106.84;2020-12-08
ID04423;ORIG005;DEST971;488.73;2022-04-02
ID05859;ORIG009;DEST602;301.18;2022-03-15
ID06313;ORIG005;DEST723;341.17;2020-01-22
ID06314;ORIG005;DEST750;465.70;2022-10-27
ID06315;ORIG001;DEST340;142.45;2022-08-10
ID06316;ORIG055;DEST710;328.07;2020-05-26
ID06317;ORIG001;DEST846;533.61;2024-11-10
ID00787;ORIG004;DEST344;399.96;2023-05-09
ID06319;ORIG002;DEST285;396.31;2020-11-24
ID05315;ORIG002;DEST418;494.59;2020-04-22
ID06321;ORIG016;DEST136;714.43;2020-12-23
ID06322;ORIG003;DEST782;200.34;2022-04-26
ID06323;ORIG016;DEST713;714.63;2024-05-20
ID06324;ORIG017;DEST408;632.79;2020-06-04
ID06325;ORIG009;DEST706;613.80;2023-03-10
ID06326;ORIG019;DEST663;870.75;2022-10-01
ID06327;ORIG002;DEST474;942.08;2023-01-21
ID06328;ORIG003;DEST265;969.63;2023-10-09
ID06329;ORIG002;DEST195;615.57;2021-02-08
ID06330;ORIG013;DEST947;316.95;2024-06-24
ID06331;ORIG018;DEST856;960.54;2021-08-05
ID06332;ORIG015;DEST447;392.17;2022-12-08
ID06333;ORIG072;DEST615;757.19;2023-10-17
ID06334;ORIG006;DEST036;799.35;2023-03-16
ID06335;ORIG009;DEST602;816.96;2020-04-25
ID06336;ORIG029;DEST259;913.82;2020-07-21
ID06337;ORIG049;DEST918;470.63;2021-05-11
ID06338;ORIG006;DEST869;483.40;2021-09-18
ID06339;ORIG018;DEST280;822.55;2022-01-06
ID06340;ORIG003;DEST162;159.87;2023-11-05
ID06341;ORIG009;DEST892;16.48;2023-10-18
ID06342;ORIG011;DEST768;151.86;2020-08-18
ID06343;ORIG054;DEST090;853.99;2021-01-15
ID06344;ORIG070;DEST094;721.18;2020-10-28
ID04366;ORIG014;DEST193;973.50;2021-11-19
ID06346;ORIG013;DEST246;79.01;2022-04-24
ID04782;ORIG018;DEST434;355.59;2021-01-21
ID06348;ORIG078;DEST727;990.34;2022-08-05
ID06349;ORIG016;DEST344;611.23;2023-06-26
ID06350;ORIG002;DEST599;306.11;2024-04-07
ID06351;ORIG009;DEST007;664.20;2024-12-04
ID06352;ORIG014;DEST176;107.45;2020-04-22
ID06353;ORIG005;DEST826;892.60;2024-03-16
ID04355;ORIG073;DEST715;264.19;2020-12-02
ID06355;ORIG057;DEST869;344.76;2023-02-11
ID06356;ORIG059;DEST387;718.34;2020-10-24
ID05014;ORIG000;DEST603;62.41;2022-12-08
ID06358;ORIG097;DEST562;349.01;2022-09-17
ID06359;ORIG047;DEST020;638.33;2021-11-06
ID06299;ORIG089;DEST101;789.97;2023-01-04
ID06361;ORIG013;DEST721;132.10;2021-11-17
ID06362;ORIG054;DEST717;165.99;2021-10-24
ID06363;ORIG019;DEST266;389.34;2024-07-23
ID06364;ORIG014;DEST643;621.18;2021-03-03
ID06365;ORIG008;DEST998;610.58;2024-07-16
ID06366;ORIG007;DEST667;856.35;2020-03-15
ID06367;ORIG061;DEST076;951.67;2020-10-20
ID06368;ORIG069;DEST725;423.49;2023-08-24
ID01296;ORIG090;DEST082;497.00;2020-04-10
ID06370;ORIG008;DEST711;620.96;2023-11-15
ID06371;ORIG008;DEST822;928.53;2022-09-07
ID06372;ORIG003;DEST357;168.08;2024-08-04
ID06373;ORIG002;DEST540;522.51;2020-11-28
ID06374;ORIG001;DEST939;358.80;2021-04-04
ID06375;ORIG005;DEST787;169.21;2022-12-12
ID06376;ORIG013;DEST866;625.21;2023-09-11
ID06377;ORIG001;DEST607;419.59;2024-09-09
ID06378;ORIG001;DEST940;267.82;2024-01-04
ID06379;ORIG080;DEST217;47.29;2024-12-09
ID06380;ORIG099;DEST630;209.75;2023-03-09
ID06381;ORIG011;DEST610;617.32;2022-07-03
ID06382;ORIG014;DEST597;47.83;2021-11-15
ID06383;ORIG092;DEST862;724.03;2021-05-04
ID06384;ORIG012;DEST545;786.17;2024-12-02
ID06385;ORIG005;DEST415;50.02;2021-09-04
ID06386;ORIG018;DEST890;635.51;2023-12-01
ID06387;ORIG010;DEST559;446.78;2022-08-16
ID00017;ORIG009;DEST031;657.42;2022-05-05
ID06389;ORIG017;DEST058;100.15;2020-12-08
ID06390;ORIG000;DEST151;541.57;2022-01-24
ID06391;ORIG046;DEST155;639.53;2022-04-02
ID06392;ORIG015;DEST953;635.04;2023-11-28
ID06393;ORIG014;DEST658;585.56;2021-06-27
ID06394;ORIG014;DEST394;394.43;2020-01-08
ID06395;ORIG016;DEST346;437.66;2021-07-10
ID06396;ORIG018;DEST712;450.26;2023-02-01
ID06397;ORIG003;DEST396;828.30;2024-09-01
ID06398;ORIG005;DEST397;577.31;2022-05-24
ID06399;ORIG076;DEST169;395.94;2022-12-18
ID06400;ORIG001;DEST237;337.04;2021-04-16
ID06401;ORIG009;DEST223;250.68;2024-03-08
ID06402;ORIG011;DEST846;538.22;2024-05-15
ID06403;ORIG008;DEST173;513.18;2022-11-20
ID06404;ORIG011;DEST665;34.72;2021-11-09
ID06405;ORIG013;DEST779;586.84;2020-08-10
ID06406;ORIG013;DEST018;777.17;2023-08-07
ID06407;ORIG017;DEST479;401.47;2021-11-27
ID06408;ORIG012;DEST028;59.21;2020-06-01
ID06409;ORIG016;DEST264;411.97;2020-08-28
ID06410;ORIG007;DEST622;426.83;2022-03-18
ID06411;ORIG010;DEST454;842.50;2024-08-12
ID00283;ORIG001;DEST859;500.12;2021-10-05
ID06413;ORIG006;DEST120;885.57;2024-06-19
ID02726;ORIG008;DEST531;105.31;2023-12-17
ID00024;ORIG017;DEST965;201.90;2020-02-13
ID06416;ORIG004;DEST395;549.15;2023-10-27
ID06417;ORIG004;DEST984;527.75;2021-03-13
ID06418;ORIG008;DEST942;892.10;2023-02-12
ID06419;ORIG008;DEST778;230.70;2020-06-04
ID06420;ORIG067;DEST713;191.73;2022-02-12
ID06421;ORIG011;DEST501;15.07;2020-08-11
ID06422;ORIG009;DEST290;300.41;2023-06-27
ID06423;ORIG014;DEST706;871.36;2023-03-14
ID06424;ORIG006;DEST984;154.72;2022-10-21
ID06425;ORIG002;DEST971;837.18;2021-12-08
ID06426;ORIG017;DEST832;257.78;2023-12-07
ID06427;ORIG008;DEST968;994.86;2021-11-02
ID06428;ORIG003;DEST408;939.68;2023-09-28
ID06429;ORIG014;DEST965;245.86;2022-05-14
ID06430;ORIG063;DEST280;439.80;2024-07-10
ID06431;ORIG054;DEST212;836.77;2020-10-11
ID06432;ORIG004;DEST907;788.57;2024-04-12
ID06433;ORIG009;DEST298;614.58;2021-12-20
ID01692;ORIG012;DEST555;222.78;2024-02-28
ID06435;ORIG013;DEST379;964.64;2021-03-28
ID02298;ORIG010;DEST459;251.74;2022-08-21
ID06437;ORIG010;DEST334;221.41;2021-02-25
ID06438;ORIG011;DEST649;821.57;2023-10-15
ID06439;ORIG003;DEST899;646.74;2020-01-13
ID06440;ORIG005;DEST460;760.39;2020-10-23
ID06441;ORIG005;DEST446;547.69;2021-12-03
ID06442;ORIG005;DEST571;357.81;2021-04-27
ID02924;ORIG001;DEST103;641.31;2023-10-01
ID06444;ORIG008;DEST695;227.22;2024-08-15
ID06445;ORIG008;DEST925;256.78;2024-01-14
ID06446;ORIG012;DEST530;376.54;2022-03-06
ID06447;ORIG006;DEST778;58.22;2021-07-12
ID06448;ORIG008;DEST121;436.80;2023-04-22
ID06449;ORIG043;DEST972;255.90;2022-02-20
ID06450;ORIG019;DEST946;54.88;2021-01-10
ID06451;ORIG039;DEST303;179.50;2020-12-11
ID06271;ORIG002;DEST774;478.49;2023-11-11
ID06453;ORIG006;DEST764;690.87;2020-12-18
ID06454;ORIG003;DEST630;434.56;2024-10-01
ID06455;ORIG003;DEST747;683.75;2020-10-02
ID06456;ORIG003;DEST789;432.33;2021-08-10
ID06457;ORIG013;DEST922;799.93;2020-03-16
ID06458;ORIG006;DEST796;899.60;2020-11-04
ID06459;ORIG000;DEST175;78.91;2020-10-14
ID06460;ORIG013;DEST789;93.63;2021-10-05
ID06461;ORIG013;DEST093;140.29;2024-06-18
ID06462;ORIG007;DEST075;800.07;2022-06-05
ID06463;ORIG000;DEST229;21.59;2024-10-18
ID06464;ORIG002;DEST528;699.41;2021-03-26
ID06142;ORIG019;DEST280;367.90;2020-09-07
ID03128;ORIG009;DEST608;401.43;2022-11-09
ID02530;ORIG063;DEST170;108.67;2021-02-03
ID06468;ORIG070;DEST549;998.64;2020-07-07
ID06469;ORIG019;DEST057;981.48;2020-04-04
ID06470;ORIG067;DEST443;313.36;2020-01-14
ID06471;ORIG001;DEST932;232.38;2024-03-25
ID06472;ORIG010;DEST617;955.35;2023-03-20
ID02439;ORIG003;DEST707;856.33;2023-11-07
ID06474;ORIG002;DEST473;665.66;2021-07-06
ID06475;ORIG004;DEST303;981.56;2024-12-01
ID06476;ORIG006;DEST499;616.35;2021-01-01
ID06477;ORIG090;DEST726;681.16;2021-02-02
ID06478;ORIG007;DEST338;762.24;2023-01-26
ID06479;ORIG001;DEST983;291.72;2024-04-28
ID06480;ORIG080;DEST043;381.81;2024-09-11
ID06481;ORIG007;DEST491;679.27;2022-07-11
ID06482;ORIG009;DEST305;626.50;2023-06-06
ID06483;ORIG099;DEST947;403.96;2020-03-25
ID06484;ORIG017;DEST143;185.91;2020-08-06
ID06485;ORIG002;DEST351;322.12;2021-12-11
ID06486;ORIG000;DEST707;633.23;2021-07-04
ID06487;ORIG012;DEST143;556.64;2022-02-20
ID06488;ORIG000;DEST239;31.79;2024-07-12
ID06489;ORIG004;DEST495;266.56;2022-07-06
ID06490;ORIG017;DEST119;483.13;2020-11-16
ID06491;ORIG018;DEST776;453.05;2020-11-03
ID06492;ORIG097;DEST400;473.55;2022-07-23
ID06493;ORIG001;DEST179;286.42;2024-09-23
ID06494;ORIG037;DEST564;458.31;2021-08-02
ID06495;ORIG012;DEST699;369.03;2023-05-09
ID06496;ORIG019;DEST875;540.32;2021-08-24
ID06497;ORIG008;DEST096;586.12;2022-11-28
ID06498;ORIG011;DEST508;595.59;2021-04-25
ID03492;ORIG008;DEST540;972.73;2022-06-20
ID06500;ORIG038;DEST697;194.05;2022-12-11
ID06501;ORIG052;DEST462;865.65;2020-07-20
ID06502;ORIG013;DEST521;774.27;2022-02-23
ID06503;ORIG000;DEST180;990.31;2023-11-09
ID06504;ORIG018;DEST840;731.46;2023-10-05
ID06505;ORIG052;DEST785;893.39;2023-03-03
ID06506;ORIG013;DEST689;50.59;2022-01-24
ID06507;ORIG060;DEST574;937.64;2023-01-04
ID06508;ORIG005;DEST000;97.16;2021-10-01
ID06509;ORIG075;DEST210;458.76;2021-09-26
ID06510;ORIG018;DEST519;380.49;2020-12-25
ID05848;ORIG009;DEST402;813.50;2023-06-08
ID05862;ORIG016;DEST355;441.48;2023-02-04
ID06513;ORIG004;DEST153;617.33;2023-01-18
ID06514;ORIG011;DEST469;241.61;2021-10-20
ID06515;ORIG006;DEST961;641.84;2021-08-21
ID06516;ORIG010;DEST532;275.34;2021-05-02
ID06517;ORIG045;DEST247;102.43;2021-08-04
ID06518;ORIG001;DEST423;317.61;2021-07-13
ID06519;ORIG006;DEST596;17.88;2021-11-28
ID06520;ORIG001;DEST057;953.19;2022-03-01
ID06521;ORIG011;DEST253;373.12;2022-07-01
ID06522;ORIG013;DEST331;824.07;2020-05-06
ID06523;ORIG001;DEST172;829.16;2022-02-08
ID06524;ORIG002;DEST828;244.07;2020-04-26
ID06525;ORIG015;DEST339;594.24;2020-04-18
ID06526;ORIG036;DEST744;122.58;2022-09-10
ID06527;ORIG042;DEST989;407.36;2022-01-01
ID06528;ORIG017;DEST609;878.17;2024-09-06
ID04646;ORIG042;DEST664;546.98;2020-05-06
ID06530;ORIG015;DEST543;142.87;2024-01-28
ID06531;ORIG009;DEST637;851.85;2022-07-08
ID06532;ORIG083;DEST776;607.60;2020-07-15
ID06533;ORIG062;DEST340;880.25;2023-05-27
ID06534;ORIG009;DEST550;575.78;2021-07-17
ID06535;ORIG013;DEST071;959.26;2020-02-17
ID06536;ORIG002;DEST816;333.23;2024-05-25
ID06537;ORIG046;DEST330;229.96;2023-07-25
ID06538;ORIG018;DEST082;895.43;2022-03-09
ID06539;ORIG008;DEST681;731.27;2022-10-04
ID06540;ORIG029;DEST423;363.36;2024-04-03
ID06541;ORIG006;DEST325;477.97;2020-06-04
ID06542;ORIG023;DEST915;626.05;2020-06-12
ID06543;ORIG072;DEST860;638.72;2024-03-20
ID06544;ORIG017;DEST648;141.11;2024-11-19
ID01871;ORIG080;DEST024;963.50;2023-11-07
ID06546;ORIG013;DEST394;864.20;2020-05-26
ID06547;ORIG007;DEST259;54.03;2020-05-15
ID06548;ORIG002;DEST463;700.01;2022-12-08
ID06549;ORIG018;DEST800;439.74;2021-01-07
ID06550;ORIG028;DEST949;628.73;2023-12-07
ID06551;ORIG006;DEST256;575.59;2024-07-25
ID04558;ORIG014;DEST208;258.84;2023-05-06
ID06553;ORIG010;DEST568;598.03;2020-03-23
ID06554;ORIG048;DEST959;149.06;2023-04-21
ID06555;ORIG026;DEST098;215.87;2023-09-03
ID06556;ORIG029;DEST888;471.89;2022-07-04
ID00274;ORIG016;DEST037;951.60;2021-06-27
ID06558;ORIG009;DEST395;511.82;2021-12-19
ID06559;ORIG006;DEST511;168.30;2020-01-10
ID06560;ORIG007;DEST281;975.50;2023-10-17
ID06561;ORIG017;DEST648;18.60;2023-11-02
ID06562;ORIG015;DEST920;477.73;2024-06-11
ID06563;ORIG006;DEST053;412.37;2024-09-21
ID06564;ORIG015;DEST840;24.44;2020-12-22
ID06565;ORIG012;DEST958;519.10;2021-08-25
ID06566;ORIG054;DEST259;352.36;2020-04-07
ID06567;ORIG017;DEST101;573.19;2023-05-28
ID06568;ORIG013;DEST820;520.54;2021-05-06
ID06569;ORIG019;DEST121;949.87;2020-12-22
ID06570;ORIG007;DEST802;292.60;2023-02-14
ID06571;ORIG019;DEST743;981.40;2022-05-03
ID06572;ORIG079;DEST738;487.61;2024-05-14
ID06573;ORIG012;DEST289;310.49;2024-05-03
ID06574;ORIG001;DEST363;535.96;2022-10-23
ID06575;ORIG018;DEST732;725.06;2022-07-04
ID06576;ORIG010;DEST457;829.46;2022-10-01
ID06577;ORIG076;DEST087;257.21;2021-05-20
ID06578;ORIG003;DEST323;908.34;2021-10-12
ID04648;ORIG016;DEST964;184.77;2022-11-01
ID06580;ORIG017;DEST156;573.61;2020-05-15
ID06581;ORIG010;DEST537;960.49;2021-04-26
ID06582;ORIG011;DEST681;641.89;2020-10-08
ID00525;ORIG033;DEST326;724.94;2024-10-27
ID06584;ORIG019;DEST370;203.08;2023-02-09
ID06585;ORIG013;DEST248;95.34;2022-05-24
ID06586;ORIG063;DEST837;109.23;2022-09-28
ID06587;ORIG012;DEST686;244.46;2020-02-07
ID06588;ORIG001;DEST344;853.67;2022-11-12
ID06589;ORIG007;DEST906;922.26;2022-10-03
ID06590;ORIG060;DEST851;319.49;2021-05-18
ID04420;ORIG000;DEST606;862.63;2024-10-12
ID00653;ORIG015;DEST610;457.39;2024-12-14
ID06593;ORIG011;DEST962;252.07;2023-09-08
ID03988;ORIG010;DEST655;824.48;2023-02-12
ID06595;ORIG017;DEST387;327.06;2024-01-17
ID06596;ORIG086;DEST289;195.37;2020-04-27
ID06597;ORIG016;DEST544;170.37;2024-03-26
ID06598;ORIG038;DEST212;407.36;2023-07-12
ID06599;ORIG014;DEST672;463.06;2021-07-01
ID06600;ORIG003;DEST321;620.75;2020-04-28
ID06601;ORIG014;DEST725;960.86;2021-04-10
ID06602;ORIG044;DEST857;763.23;2023-01-16
ID06603;ORIG002;DEST415;436.98;2023-09-01
ID00708;ORIG004;DEST648;32.93;2021-11-13
ID06605;ORIG013;DEST482;591.42;2020-12-22
ID00813;ORIG014;DEST865;899.60;2020-01-13
ID06607;ORIG008;DEST295;453.41;2020-04-15
ID06608;ORIG022;DEST761;791.34;2020-01-25
ID06609;ORIG014;DEST766;757.52;2022-07-11
ID06610;ORIG015;DEST546;444.57;2022-12-23
ID06611;ORIG002;DEST457;750.74;2021-10-04
ID06612;ORIG008;DEST179;45.98;2021-09-21
ID06613;ORIG074;DEST915;860.49;2021-08-22
ID06614;ORIG010;DEST022;400.56;2021-11-19
ID06615;ORIG010;DEST240;600.35;2024-05-15
ID06616;ORIG003;DEST561;435.77;2020-10-26
ID06617;ORIG016;DEST316;60.27;2024-03-04
ID06618;ORIG008;DEST579;505.21;2023-11-25
ID03958;ORIG015;DEST803;775.48;2022-04-02
ID06620;ORIG004;DEST377;783.69;2020-09-05
ID06621;ORIG005;DEST197;470.23;2024-05-03
ID06622;ORIG000;DEST915;668.91;2020-05-25
ID06623;ORIG013;DEST510;396.80;2024-11-01
ID06624;ORIG002;DEST941;548.90;2021-09-12
ID06625;ORIG006;DEST389;748.24;2022-11-01
ID06626;ORIG003;DEST396;565.96;2022-09-14
ID06627;ORIG002;DEST570;420.18;2023-01-15
ID04043;ORIG027;DEST735;369.00;2020-06-18
ID06629;ORIG007;DEST596;716.63;2022-11-16
ID06630;ORIG005;DEST824;64.79;2023-04-06
ID06631;ORIG044;DEST806;996.40;2020-07-15
ID06632;ORIG044;DEST650;204.80;2023-12-07
ID06633;ORIG002;DEST236;423.62;2022-08-08
ID06634;ORIG013;DEST459;334.63;2021-06-01
ID06635;ORIG012;DEST078;338.37;2023-03-21
ID06636;ORIG008;DEST913;786.54;2021-04-20
ID06637;ORIG008;DEST921;990.96;2021-01-08
ID06638;ORIG091;DEST064;29.25;2023-09-08
ID06639;ORIG004;DEST516;729.84;2020-11-21
ID06640;ORIG002;DEST003;631.94;2022-08-20
ID06641;ORIG006;DEST990;361.57;2020-11-07
ID06642;ORIG019;DEST016;879.20;2024-10-03
ID06643;ORIG006;DEST463;465.86;2022-12-12
ID06644;ORIG054;DEST994;292.74;2022-05-17
ID06645;ORIG000;DEST605;187.95;2024-02-05
ID00940;ORIG008;DEST233;218.39;2023-02-04
ID06647;ORIG066;DEST335;436.56;2022-01-12
ID06648;ORIG010;DEST918;287.46;2024-01-28
ID06649;ORIG004;DEST189;900.77;2022-03-06
ID06650;ORIG006;DEST822;596.20;2020-03-13
ID06651;ORIG015;DEST082;541.85;2021-11-23
ID06652;ORIG011;DEST025;245.78;2021-10-03
ID06653;ORIG018;DEST538;713.91;2023-09-28
ID00082;ORIG008;DEST803;195.78;2020-05-16
ID06655;ORIG035;DEST633;39.46;2023-04-13
ID00678;ORIG015;DEST670;440.34;2024-02-25
ID06657;ORIG079;DEST110;606.56;2024-08-10
ID06658;ORIG014;DEST685;487.77;2024-01-27
ID06659;ORIG008;DEST470;847.70;2020-02-09
ID06660;ORIG057;DEST313;301.49;2024-07-12
ID06661;ORIG010;DEST884;31.93;2020-06-09
ID06662;ORIG018;DEST963;358.46;2020-03-14
ID06663;ORIG036;DEST625;227.79;2023-12-03
ID06664;ORIG028;DEST982;751.70;2023-09-12
ID06665;ORIG070;DEST274;614.55;2020-09-14
ID01226;ORIG057;DEST896;51.95;2021-01-22
ID06667;ORIG052;DEST269;520.08;2022-04-07
ID06668;ORIG015;DEST764;928.02;2020-10-24
ID03874;ORIG003;DEST068;223.33;2023-07-20
ID06670;ORIG010;DEST044;853.97;2023-05-23
ID06671;ORIG008;DEST930;12.56;2024-06-25
ID06672;ORIG009;DEST595;96.43;2021-10-10
ID06673;ORIG056;DEST252;308.54;2023-12-09
ID06674;ORIG012;DEST042;739.52;2024-09-13
ID06675;ORIG001;DEST919;583.29;2023-10-07
ID06676;ORIG009;DEST865;315.33;2023-04-18
ID06677;ORIG088;DEST960;242.94;2024-04-18
ID06678;ORIG041;DEST980;206.24;2022-07-20
ID06679;ORIG008;DEST565;40.97;2024-07-13
ID06680;ORIG009;DEST930;465.85;2021-10-08
ID06681;ORIG019;DEST134;331.43;2023-11-20
ID06682;ORIG009;DEST174;907.59;2024-12-10
ID06611;ORIG013;DEST299;469.85;2021-04-01
ID06684;ORIG075;DEST426;977.31;2022-04-03
ID06685;ORIG033;DEST468;942.36;2021-06-17
ID06686;ORIG015;DEST208;435.32;2023-01-27
ID06687;ORIG068;DEST296;565.83;2022-09-28
ID01995;ORIG009;DEST819;140.64;2022-02-28
ID06689;ORIG004;DEST115;180.64;2023-11-06
ID06690;ORIG012;DEST745;33.67;2021-09-23
ID06691;ORIG008;DEST597;757.81;2022-12-05
ID06692;ORIG012;DEST056;182.12;2022-02-24
ID06693;ORIG008;DEST295;955.96;2022-03-20
ID06694;ORIG002;DEST068;586.13;2024-06-22
ID06695;ORIG000;DEST040;796.41;2020-08-28
ID06696;ORIG015;DEST499;373.51;2021-05-17
ID06697;ORIG004;DEST240;43.09;2021-10-22
ID06698;ORIG006;DEST619;605.15;2024-10-24
ID06699;ORIG017;DEST569;369.79;2022-05-25
ID01780;ORIG001;DEST975;167.83;2024-05-15
ID06701;ORIG004;DEST169;787.68;2022-03-25
ID06702;ORIG010;DEST994;496.03;2024-02-11
ID06703;ORIG016;DEST300;880.79;2024-06-06
ID06704;ORIG013;DEST192;158.31;2021-04-05
ID06705;ORIG012;DEST994;909.85;2023-07-08
ID06706;ORIG017;DEST742;640.37;2020-04-22
ID06707;ORIG000;DEST653;31.72;2024-02-16
ID06708;ORIG006;DEST499;354.91;2024-08-26
ID06709;ORIG001;DEST696;497.86;2021-11-01
ID06710;ORIG001;DEST730;968.61;2020-04-07
ID06711;ORIG013;DEST373;720.27;2022-09-18
ID06712;ORIG017;DEST049;724.74;2020-06-25
ID06713;ORIG018;DEST032;251.70;2020-03-04
ID06714;ORIG013;DEST225;468.32;2020-08-23
ID01422;ORIG034;DEST883;459.53;2021-10-25
ID06716;ORIG007;DEST050;495.86;2022-02-15
ID05004;ORIG001;DEST626;972.54;2020-08-28
ID06718;ORIG004;DEST360;536.01;2024-03-24
ID06719;ORIG008;DEST773;927.49;2021-07-11
ID06720;ORIG017;DEST350;209.08;2021-07-12
ID06721;ORIG011;DEST702;163.70;2022-05-15
ID06722;ORIG012;DEST440;775.22;2020-11-05
ID06723;ORIG007;DEST441;321.19;2020-05-11
ID00557;ORIG005;DEST208;660.58;2022-01-24
ID06725;ORIG011;DEST433;165.29;2022-02-10
ID06726;ORIG014;DEST919;131.51;2020-07-06
ID06727;ORIG013;DEST044;32.21;2020-04-24
ID06728;ORIG017;DEST192;882.94;2020-04-16
ID06729;ORIG004;DEST661;398.59;2022-10-26
ID06730;ORIG012;DEST886;57.79;2020-01-07
ID06731;ORIG005;DEST226;955.39;2020-08-12
ID06732;ORIG019;DEST832;195.39;2023-09-07
ID06733;ORIG013;DEST222;297.58;2020-09-23
ID01348;ORIG001;DEST393;980.31;2023-07-26
ID06735;ORIG017;DEST889;309.38;2021-09-17
ID06736;ORIG015;DEST950;318.69;2023-08-21
ID06737;ORIG006;DEST187;768.94;2023-05-18
ID06738;ORIG017;DEST940;366.52;2024-03-18
ID06739;ORIG015;DEST426;327.73;2024-10-21
ID06740;ORIG001;DEST710;128.17;2024-06-16
ID06741;ORIG001;DEST161;618.58;2022-01-28
ID06742;ORIG011;DEST260;362.62;2022-03-23
ID06743;ORIG006;DEST548;322.01;2022-09-09
ID06744;ORIG007;DEST773;424.90;2022-09-14
ID06745;ORIG009;DEST297;83.65;2021-02-04
ID06746;ORIG005;DEST141;584.26;2021-08-23
ID06747;ORIG041;DEST070;832.94;2023-07-16
ID03359;ORIG012;DEST841;242.44;2020-02-04
ID06749;ORIG009;DEST721;285.01;2020-04-15
ID06750;ORIG021;DEST956;730.79;2020-11-21
ID06751;ORIG019;DEST092;463.29;2023-06-10
ID06752;ORIG003;DEST161;502.84;2022-12-14
ID06753;ORIG039;DEST278;228.83;2022-06-13
ID06754;ORIG035;DEST070;697.27;2023-11-03
ID06755;ORIG005;DEST734;167.85;2023-03-13
ID04537;ORIG015;DEST500;397.54;2021-08-13
ID06757;ORIG002;DEST879;811.60;2022-07-26
ID06758;ORIG096;DEST258;692.34;2020-04-03
ID06759;ORIG069;DEST856;555.55;2024-03-14
ID06760;ORIG019;DEST941;649.41;2021-01-05
ID06761;ORIG078;DEST030;282.02;2023-02-13
ID06762;ORIG005;DEST881;380.83;2022-07-21
ID03205;ORIG008;DEST957;186.05;2020-02-06
ID06764;ORIG006;DEST465;553.63;2024-01-19
ID06765;ORIG016;DEST773;417.93;2021-02-09
ID06766;ORIG002;DEST026;605.38;2023-02-22
ID06767;ORIG059;DEST526;637.33;2021-01-13
ID06768;ORIG013;DEST304;318.77;2022-10-27
ID06769;ORIG017;DEST914;247.52;2024-03-10
ID06770;ORIG006;DEST733;759.49;2020-01-01
ID06771;ORIG063;DEST843;499.54;2020-06-28
ID06772;ORIG013;DEST566;132.93;2021-02-11
ID06773;ORIG015;DEST404;581.30;2024-07-19
ID06774;ORIG072;DEST495;133.42;2021-07-17
ID06775;ORIG010;DEST952;345.97;2024-11-05
ID06776;ORIG019;DEST120;570.42;2024-01-22
ID06777;ORIG022;DEST838;492.57;2020-07-21
ID06778;ORIG013;DEST551;13.94;2021-08-04
ID06779;ORIG016;DEST244;750.97;2021-08-21
ID06361;ORIG008;DEST722;842.68;2020-03-12
ID06781;ORIG004;DEST193;863.39;2023-05-26
ID05103;ORIG011;DEST216;406.28;2024-08-06
ID06783;ORIG011;DEST191;342.25;2021-04-27
ID06784;ORIG002;DEST592;682.39;2024-01-06
ID06785;ORIG017;DEST534;357.05;2022-07-05
ID06786;ORIG002;DEST162;108.71;2020-06-28
ID06787;ORIG018;DEST141;493.04;2020-07-19
ID06788;ORIG057;DEST507;403.86;2021-02-22
ID06789;ORIG005;DEST871;196.57;2023-04-21
ID06790;ORIG022;DEST566;747.29;2021-08-22
ID06791;ORIG097;DEST650;325.52;2024-02-15
ID06792;ORIG007;DEST876;894.21;2024-09-04
ID06793;ORIG019;DEST121;178.81;2024-05-21
ID06794;ORIG009;DEST062;983.39;2020-09-19
ID06795;ORIG001;DEST126;563.19;2021-10-20
ID06796;ORIG017;DEST504;530.85;2020-09-13
ID06797;ORIG003;DEST913;727.91;2021-05-07
ID06798;ORIG038;DEST658;522.02;2021-12-20
ID06799;ORIG003;DEST435;582.33;2020-10-12
ID06800;ORIG001;DEST534;38.60;2021-05-02
ID06801;ORIG040;DEST353;550.84;2023-12-02
ID06802;ORIG031;DEST057;422.57;2020-09-22
ID06803;ORIG046;DEST317;970.06;2021-03-06
ID06804;ORIG010;DEST831;591.13;2023-04-11
ID06805;ORIG003;DEST266;830.24;2024-11-13
ID06806;ORIG007;DEST171;725.67;2024-09-12
ID06807;ORIG040;DEST360;757.45;2020-08-12
ID06808;ORIG006;DEST968;479.00;2020-12-19
ID06809;ORIG019;DEST186;432.62;2021-10-16
ID06810;ORIG004;DEST609;947.31;2022-03-03
ID06811;ORIG014;DEST844;177.48;2023-07-01
ID06812;ORIG001;DEST176;470.65;2021-03-11
ID06813;ORIG000;DEST653;229.81;2020-11-23
ID06814;ORIG006;DEST578;924.77;2022-09-07
ID06815;ORIG001;DEST796;362.33;2021-09-25
ID06816;ORIG073;DEST306;733.45;2022-02-07
ID06817;ORIG089;DEST407;321.88;2024-07-24
ID06818;ORIG003;DEST971;238.73;2024-03-07
ID06819;ORIG017;DEST349;790.68;2022-10-23
ID06820;ORIG012;DEST192;513.07;2020-12-26
ID06821;ORIG006;DEST640;685.20;2023-10-16
ID06822;ORIG006;DEST731;881.56;2022-06-06
ID06823;ORIG001;DEST499;155.90;2022-08-02
ID06824;ORIG001;DEST617;140.58;2024-06-21
ID06825;ORIG003;DEST601;349.78;2022-04-06
ID06826;ORIG010;DEST417;951.24;2022-12-21
ID06827;ORIG005;DEST759;736.72;2022-07-09
ID06828;ORIG019;DEST248;777.12;2023-02-11
ID06829;ORIG012;DEST930;561.46;2023-03-05
ID06830;ORIG004;DEST428;889.07;2021-07-17
ID06831;ORIG013;DEST188;327.21;2020-07-05
ID06832;ORIG016;DEST331;197.95;2022-06-12
ID06833;ORIG017;DEST294;764.40;2021-09-09
ID03011;ORIG009;DEST188;916.74;2023-09-13
ID06835;ORIG016;DEST366;637.94;2022-06-25
ID06836;ORIG012;DEST814;491.04;2022-08-22
ID06837;ORIG018;DEST189;992.58;2020-05-25
ID06838;ORIG007;DEST279;801.07;2024-09-08
ID06839;ORIG066;DEST220;301.23;2023-06-02
ID06840;ORIG043;DEST920;536.04;2020-04-25
ID06841;ORIG003;DEST020;137.66;2020-12-22
ID06842;ORIG011;DEST163;803.51;2024-10-03
ID06843;ORIG013;DEST768;801.28;2024-09-26
ID06844;ORIG016;DEST448;477.61;2020-10-05
ID06845;ORIG015;DEST775;137.81;2021-09-17
ID06846;ORIG018;DEST611;512.75;2022-10-06
ID06847;ORIG000;DEST342;393.23;2020-10-27
ID06848;ORIG000;DEST352;122.59;2023-06-05
ID06849;ORIG015;DEST605;339.83;2021-09-15
ID06850;ORIG062;DEST972;878.67;2022-01-17
ID06851;ORIG002;DEST225;637.31;2023-09-26
ID06852;ORIG000;DEST187;480.27;2023-02-17
ID06853;ORIG015;DEST853;329.53;2021-04-07
ID06854;ORIG013;DEST046;726.39;2022-11-28
ID06855;ORIG039;DEST807;27.13;2020-07-22
ID06856;ORIG017;DEST312;489.19;2022-04-26
ID06857;ORIG097;DEST448;474.09;2021-12-04
ID06858;ORIG013;DEST799;241.00;2021-05-23
ID06859;ORIG000;DEST301;471.95;2020-12-17
ID05182;ORIG019;DEST250;413.29;2022-03-13
ID06861;ORIG000;DEST245;784.56;2023-07-15
ID06862;ORIG003;DEST959;182.95;2021-02-22
ID06863;ORIG003;DEST149;905.00;2024-09-28
ID06864;ORIG008;DEST920;190.39;2021-05-28
ID06865;ORIG018;DEST762;374.54;2021-04-23
ID06866;ORIG006;DEST011;530.75;2024-05-08
ID06867;ORIG057;DEST552;802.13;2023-03-09
ID06868;ORIG014;DEST419;658.32;2024-03-05
ID06869;ORIG073;DEST728;546.54;2022-03-09
ID05050;ORIG002;DEST945;612.79;2020-09-01
ID02594;ORIG008;DEST761;876.46;2021-10-12
ID06872;ORIG014;DEST787;994.51;2020-03-13
ID06873;ORIG017;DEST068;17.66;2021-07-22
ID06874;ORIG013;DEST424;705.50;2021-05-27
ID06875;ORIG009;DEST386;823.31;2023-10-23
ID06876;ORIG012;DEST862;584.81;2023-01-13
ID06877;ORIG001;DEST784;934.95;2021-04-26
ID06878;ORIG092;DEST902;767.41;2024-02-10
ID06879;ORIG001;DEST977;973.20;2022-04-17
ID06880;ORIG004;DEST923;632.68;2022-10-27
ID06881;ORIG013;DEST243;462.64;2024-05-02
ID06882;ORIG016;DEST110;572.37;2022-08-17
ID06788;ORIG012;DEST038;382.95;2023-06-14
ID06884;ORIG014;DEST567;871.33;2021-03-19
ID06885;ORIG018;DEST058;606.42;2022-06-06
ID06886;ORIG004;DEST751;806.11;2023-10-26
ID06887;ORIG013;DEST798;999.56;2020-07-10
ID06888;ORIG008;DEST929;208.19;2022-02-08
ID06889;ORIG012;DEST502;412.02;2022-10-02
ID01535;ORIG006;DEST022;14.73;2024-10-26
ID06891;ORIG011;DEST072;175.59;2020-08-15
ID06892;ORIG084;DEST294;235.28;2021-09-23
ID06893;ORIG013;DEST472;295.24;2021-05-14
ID06894;ORIG001;DEST578;113.69;2020-09-28
ID06895;ORIG004;DEST220;407.11;2023-06-11
ID06896;ORIG019;DEST090;228.06;2024-06-11
ID06897;ORIG069;DEST494;836.71;2021-01-11
ID06898;ORIG018;DEST992;885.49;2020-01-20
ID06899;ORIG042;DEST391;247.31;2020-05-08
ID06900;ORIG007;DEST255;99.66;2021-06-11
ID06901;ORIG012;DEST567;815.38;2021-12-23
ID06902;ORIG018;DEST739;23.26;2022-10-22
ID06903;ORIG076;DEST236;494.84;2022-01-22
ID06904;ORIG011;DEST258;583.02;2024-04-24
ID06905;ORIG012;DEST206;160.91;2024-10-02
ID02271;ORIG013;DEST179;876.27;2020-03-19
ID06907;ORIG040;DEST623;625.50;2021-04-17
ID04019;ORIG099;DEST142;97.62;2021-05-08
ID06909;ORIG011;DEST091;362.85;2023-01-10
ID06910;ORIG000;DEST191;494.46;2022-02-02
ID06911;ORIG008;DEST466;856.30;2022-02-23
ID06912;ORIG004;DEST676;744.94;2022-01-18
ID06913;ORIG010;DEST781;556.25;2024-05-21
ID06914;ORIG007;DEST781;321.47;2024-02-10
ID06915;ORIG008;DEST762;643.43;2021-06-08
ID06916;ORIG099;DEST079;451.09;2024-07-04
ID06917;ORIG002;DEST304;271.26;2022-01-18
ID06918;ORIG010;DEST099;321.29;2020-02-21
ID06919;ORIG017;DEST074;979.24;2024-09-03
ID06920;ORIG002;DEST989;667.33;2024-10-08
ID06921;ORIG017;DEST430;548.20;2022-02-02
ID06922;ORIG009;DEST983;959.68;2024-04-23
ID06923;ORIG010;DEST836;326.69;2023-11-27
ID06924;ORIG013;DEST884;295.08;2024-09-22
ID06925;ORIG003;DEST495;254.63;2020-01-02
ID06926;ORIG079;DEST069;490.94;2021-04-18
ID06927;ORIG002;DEST310;244.90;2023-02-04
ID06928;ORIG013;DEST599;191.66;2020-05-05
ID06929;ORIG012;DEST963;616.99;2024-01-18
ID06930;ORIG074;DEST497;847.44;2021-05-27
ID06931;ORIG006;DEST135;893.55;2021-02-23
ID06932;ORIG004;DEST326;441.01;2020-01-18
ID06933;ORIG017;DEST870;453.77;2021-04-24
ID06934;ORIG018;DEST364;336.09;2024-07-03
ID06935;ORIG008;DEST533;365.40;2022-04-04
ID06936;ORIG009;DEST146;692.60;2024-09-07
ID06937;ORIG089;DEST278;120.58;2020-01-07
ID06938;ORIG015;DEST597;62.39;2023-06-22
ID06939;ORIG012;DEST594;254.38;2024-05-11
ID06940;ORIG077;DEST594;723.77;2024-06-27
ID06941;ORIG015;DEST344;325.68;2021-03-13
ID06942;ORIG005;DEST807;356.23;2021-03-23
ID06099;ORIG002;DEST617;904.28;2021-02-28
ID06944;ORIG008;DEST876;741.22;2023-12-12
ID06945;ORIG004;DEST057;19.72;2024-06-08
ID06946;ORIG005;DEST817;983.54;2024-11-01
ID06947;ORIG019;DEST261;988.20;2021-06-12
ID06948;ORIG010;DEST040;412.18;2020-07-24
ID06949;ORIG019;DEST628;563.56;2024-11-27
ID06950;ORIG034;DEST425;156.56;2024-09-23
ID06951;ORIG080;DEST002;34.85;2023-08-27
ID06952;ORIG007;DEST564;107.73;2023-08-06
ID06953;ORIG067;DEST408;316.69;2024-04-04
ID06954;ORIG079;DEST838;612.11;2021-08-22
ID06955;ORIG008;DEST207;743.25;2021-04-01
ID06956;ORIG011;DEST992;502.89;2024-01-11
ID06957;ORIG003;DEST302;594.15;2021-06-07
ID06958;ORIG011;DEST575;928.08;2024-11-06
ID06959;ORIG007;DEST007;85.90;2024-09-23
ID06960;ORIG008;DEST669;839.33;2023-08-16
ID06961;ORIG006;DEST468;872.80;2021-01-17
ID06962;ORIG078;DEST198;376.40;2022-01-12
ID06963;ORIG007;DEST106;131.55;2023-12-14
ID06964;ORIG017;DEST673;446.32;2022-10-18
ID06965;ORIG001;DEST633;949.16;2023-01-28
ID06966;ORIG013;DEST086;784.87;2020-08-11
ID03432;ORIG004;DEST397;61.45;2020-05-01
ID06968;ORIG004;DEST172;663.83;2024-03-28
ID06969;ORIG006;DEST239;900.70;2022-01-19
ID06970;ORIG003;DEST035;685.11;2024-03-13
ID06971;ORIG017;DEST906;653.25;2020-08-19
ID06972;ORIG004;DEST280;263.77;2020-07-26
ID00261;ORIG013;DEST864;268.47;2022-12-09
ID06974;ORIG093;DEST122;683.38;2023-08-16
ID06975;ORIG050;DEST681;408.55;2024-02-09
ID06976;ORIG001;DEST652;833.52;2022-01-07
ID06977;ORIG003;DEST699;762.82;2020-02-22
ID06978;ORIG011;DEST636;974.10;2021-08-04
ID06979;ORIG013;DEST697;306.28;2024-12-02
ID06980;ORIG056;DEST133;730.53;2022-03-07
ID06981;ORIG017;DEST680;294.25;2023-04-17
ID06982;ORIG026;DEST057;160.03;2020-02-05
ID00348;ORIG014;DEST216;980.91;2023-02-04
ID06984;ORIG001;DEST244;299.15;2023-12-28
ID06985;ORIG007;DEST443;337.07;2021-03-03
ID06986;ORIG012;DEST607;98.58;2023-01-16
ID06987;ORIG016;DEST955;711.13;2022-04-22
ID06988;ORIG015;DEST257;858.66;2021-07-01
ID00067;ORIG014;DEST538;429.60;2023-08-14
ID06990;ORIG014;DEST016;71.36;2024-07-12
ID06991;ORIG014;DEST936;421.87;2020-09-23
ID06992;ORIG005;DEST543;398.19;2020-12-17
ID06993;ORIG002;DEST356;187.56;2022-09-24
ID06994;ORIG017;DEST973;120.88;2023-11-25
ID05630;ORIG009;DEST066;68.02;2022-11-23
ID06996;ORIG014;DEST972;749.42;2023-02-12
ID06997;ORIG046;DEST178;362.06;2020-10-27
ID06998;ORIG004;DEST348;431.06;2023-02-28
ID02273;ORIG019;DEST575;364.55;2022-11-07
ID07000;ORIG001;DEST563;923.81;2023-03-20
ID07001;ORIG006;DEST985;484.74;2022-11-15
ID04591;ORIG006;DEST131;78.60;2021-10-19
ID07003;ORIG004;DEST668;856.02;2023-11-20
ID07004;ORIG016;DEST197;436.98;2023-11-21
ID07005;ORIG068;DEST825;401.57;2020-11-05
ID07006;ORIG000;DEST013;931.80;2021-10-05
ID07007;ORIG006;DEST359;759.05;2021-06-23
ID00022;ORIG005;DEST382;651.30;2024-02-11
ID07009;ORIG004;DEST658;809.46;2021-04-07
ID07010;ORIG000;DEST071;882.05;2022-08-28
ID07011;ORIG007;DEST010;645.23;2024-07-03
ID07012;ORIG011;DEST603;787.88;2021-12-05
ID07013;ORIG072;DEST956;906.45;2022-09-02
ID07014;ORIG013;DEST282;175.01;2020-12-03
ID07015;ORIG017;DEST081;219.41;2023-05-24
ID07016;ORIG014;DEST611;199.56;2022-01-03
ID01991;ORIG009;DEST700;213.85;2020-10-27
ID07018;ORIG058;DEST419;364.74;2023-01-21
ID04996;ORIG012;DEST604;671.41;2021-04-28
ID07020;ORIG005;DEST723;451.31;2022-12-25
ID07021;ORIG015;DEST887;333.06;2024-11-19
ID07022;ORIG018;DEST056;601.25;2023-02-19
ID06814;ORIG072;DEST604;857.25;2023-09-18
ID07024;ORIG012;DEST383;296.84;2021-02-15
ID00909;ORIG005;DEST477;905.30;2023-11-17
ID07026;ORIG000;DEST226;560.58;2022-03-03
ID07027;ORIG003;DEST633;139.08;2023-02-28
ID07028;ORIG039;DEST989;458.70;2023-10-23
ID07029;ORIG011;DEST590;644.16;2022-07-13
ID07030;ORIG003;DEST677;454.48;2024-04-26
ID02854;ORIG003;DEST331;309.14;2020-11-09
ID07032;ORIG004;DEST205;993.47;2021-09-27
ID07033;ORIG019;DEST897;552.46;2023-07-16
ID07034;ORIG016;DEST841;335.17;2021-10-20
ID07035;ORIG011;DEST858;914.46;2024-07-24
ID07036;ORIG001;DEST572;14.52;2023-05-11
ID07037;ORIG012;DEST418;916.87;2022-10-20
ID07038;ORIG001;DEST050;155.74;2021-06-04
ID07039;ORIG003;DEST977;246.44;2020-12-20
ID07040;ORIG006;DEST301;644.01;2022-08-03
ID07041;ORIG007;DEST561;496.07;2023-10-21
ID07042;ORIG007;DEST893;624.77;2024-01-14
ID07043;ORIG094;DEST714;874.28;2022-09-02
ID07044;ORIG014;DEST004;247.13;2023-12-07
ID07045;ORIG006;DEST264;240.41;2024-07-18
ID05141;ORIG005;DEST208;651.22;2020-08-01
ID07047;ORIG001;DEST966;116.05;2021-04-25
ID07048;ORIG014;DEST152;765.05;2023-03-21
ID07049;ORIG007;DEST213;593.71;2020-03-10
ID07050;ORIG059;DEST707;508.00;2022-06-05
ID07051;ORIG089;DEST010;180.38;2021-07-09
ID07052;ORIG004;DEST837;755.50;2024-01-28
ID07053;ORIG008;DEST956;403.69;2022-02-28
ID07054;ORIG065;DEST147;247.70;2020-06-21
ID07055;ORIG005;DEST156;387.84;2021-07-06
ID07056;ORIG016;DEST278;554.29;2024-02-01
ID03038;ORIG012;DEST300;736.42;2020-06-28
ID07058;ORIG013;DEST156;174.15;2021-09-09
ID07059;ORIG012;DEST419;408.15;2020-10-22
ID07060;ORIG085;DEST523;808.41;2024-02-02
ID07061;ORIG062;DEST285;589.24;2021-06-13
ID04493;ORIG044;DEST957;418.20;2021-12-13
ID00781;ORIG063;DEST992;839.37;2022-01-07
ID07064;ORIG016;DEST512;283.66;2022-08-23
ID07065;ORIG012;DEST453;43.25;2024-06-14
ID07066;ORIG015;DEST966;37.24;2021-06-14
ID05521;ORIG005;DEST752;992.18;2021-02-01
ID07068;ORIG016;DEST794;171.92;2020-06-17
ID07069;ORIG018;DEST180;353.62;2022-03-16
ID07070;ORIG083;DEST216;212.76;2024-08-07
ID07071;ORIG001;DEST152;514.23;2023-10-16
ID07072;ORIG003;DEST815;333.82;2021-07-25
ID07073;ORIG028;DEST251;524.50;2022-03-21
ID04598;ORIG018;DEST295;728.80;2020-03-14
ID07075;ORIG018;DEST985;735.85;2020-04-01
ID01720;ORIG086;DEST095;613.88;2024-06-19
ID07077;ORIG008;DEST587;612.66;2024-08-01
ID07078;ORIG073;DEST480;318.08;2023-12-12
ID07079;ORIG015;DEST789;393.85;2023-02-22
ID07080;ORIG008;DEST036;712.12;2021-01-23
ID07081;ORIG016;DEST733;796.94;2020-02-04
ID07082;ORIG016;DEST002;700.42;2023-09-21
ID07083;ORIG043;DEST722;778.47;2020-10-14
ID06798;ORIG011;DEST953;664.67;2022-03-15
ID07085;ORIG001;DEST055;519.05;2023-01-10
ID07086;ORIG011;DEST332;873.89;2021-05-24
ID00121;ORIG004;DEST692;957.88;2023-12-26
ID07088;ORIG012;DEST500;377.60;2021-09-12
ID07089;ORIG017;DEST467;770.18;2024-05-03
ID07090;ORIG012;DEST323;811.83;2024-12-27
ID07091;ORIG009;DEST246;425.44;2020-04-11
ID00908;ORIG006;DEST752;392.05;2020-04-02
ID07093;ORIG002;DEST713;877.54;2022-09-21
ID07094;ORIG015;DEST483;229.64;2021-06-09
ID07095;ORIG016;DEST202;298.54;2024-10-05
ID07096;ORIG008;DEST672;681.22;2021-11-11
ID07097;ORIG005;DEST176;711.73;2023-10-22
ID07098;ORIG009;DEST494;557.65;2020-06-18
ID07099;ORIG010;DEST176;857.28;2021-12-01
ID07100;ORIG016;DEST176;151.65;2024-07-28
ID07101;ORIG057;DEST572;957.40;2024-10-01
ID00706;ORIG003;DEST210;879.67;2024-10-27
ID07103;ORIG012;DEST867;461.69;2022-12-12
ID07104;ORIG012;DEST194;696.95;2023-10-18
ID07105;ORIG002;DEST408;176.40;2022-02-22
ID07106;ORIG015;DEST155;509.73;2020-08-04
ID07107;ORIG008;DEST849;778.91;2020-04-04
ID07108;ORIG057;DEST041;998.31;2024-07-01
ID07109;ORIG008;DEST517;613.77;2022-05-28
ID07110;ORIG013;DEST474;285.14;2023-08-01
ID07111;ORIG077;DEST484;344.90;2022-04-05
ID07112;ORIG010;DEST029;627.24;2021-01-05
ID07113;ORIG085;DEST402;665.64;2021-02-17
ID07114;ORIG004;DEST801;403.44;2024-06-10
ID07115;ORIG052;DEST405;644.12;2020-04-03
ID07116;ORIG067;DEST189;432.45;2023-09-26
ID07117;ORIG017;DEST818;550.52;2023-01-19
ID00255;ORIG071;DEST077;281.71;2022-02-28
ID07119;ORIG009;DEST546;342.54;2023-09-24
ID03282;ORIG017;DEST589;770.80;2023-12-15
ID07121;ORIG002;DEST286;355.99;2021-08-09
ID07122;ORIG001;DEST260;998.00;2023-09-14
ID07123;ORIG005;DEST248;311.58;2022-11-01
ID07124;ORIG002;DEST905;670.57;2020-10-12
ID07125;ORIG017;DEST731;26.83;2020-07-19
ID07126;ORIG019;DEST805;269.68;2020-05-15
ID07127;ORIG041;DEST230;590.08;2021-09-18
ID07128;ORIG017;DEST108;116.27;2020-11-02
ID06146;ORIG013;DEST481;590.58;2021-04-23
ID07130;ORIG043;DEST100;174.39;2020-11-11
ID07131;ORIG011;DEST204;102.43;2021-07-17
ID07132;ORIG003;DEST839;779.60;2024-10-06
ID07133;ORIG004;DEST775;274.18;2020-03-25
ID07134;ORIG015;DEST961;633.26;2023-07-04
ID07135;ORIG008;DEST223;831.49;2024-01-07
ID07136;ORIG009;DEST250;951.59;2024-05-04
ID07137;ORIG011;DEST188;448.66;2020-08-09
ID07138;ORIG001;DEST801;642.45;2024-03-14
ID07139;ORIG006;DEST290;134.92;2022-10-08
ID07140;ORIG011;DEST886;683.02;2024-04-03
ID07141;ORIG056;DEST604;626.22;2024-06-12
ID07142;ORIG017;DEST978;213.95;2024-07-17
ID07143;ORIG008;DEST451;994.95;2022-07-03
ID07144;ORIG050;DEST284;936.61;2023-08-08
ID07145;ORIG018;DEST514;269.26;2022-06-26
ID07146;ORIG005;DEST438;796.34;2020-05-25
ID07147;ORIG000;DEST583;980.55;2022-04-02
ID07148;ORIG012;DEST859;440.07;2024-04-10
ID07149;ORIG006;DEST792;379.88;2022-01-10
ID07150;ORIG024;DEST034;640.36;2020-08-17
ID07151;ORIG005;DEST048;859.05;2023-01-07
ID07152;ORIG057;DEST966;810.02;2023-10-15
ID07153;ORIG014;DEST177;613.90;2022-07-11
ID01205;ORIG002;DEST042;255.96;2024-08-06
ID02273;ORIG006;DEST544;373.36;2023-11-06
ID04037;ORIG014;DEST901;210.94;2021-08-15
ID07157;ORIG006;DEST593;270.86;2020-07-20
ID07158;ORIG011;DEST195;20.50;2023-04-28
ID07159;ORIG000;DEST340;32.74;2024-06-25
ID07160;ORIG000;DEST856;417.50;2022-05-23
ID07161;ORIG015;DEST206;482.03;2023-09-18
ID07162;ORIG012;DEST305;242.11;2022-09-28
ID07163;ORIG012;DEST540;383.47;2023-09-26
ID07164;ORIG075;DEST167;464.44;2020-02-20
ID04917;ORIG060;DEST244;625.26;2022-06-12
ID00356;ORIG014;DEST142;500.29;2024-10-16
ID07167;ORIG006;DEST508;715.47;2024-03-10
ID07168;ORIG069;DEST746;114.22;2024-07-26
ID05482;ORIG000;DEST503;877.77;2024-01-27
ID07170;ORIG030;DEST433;857.88;2021-07-01
ID07171;ORIG009;DEST813;186.36;2020-04-12
ID07172;ORIG017;DEST605;549.34;2021-02-14
ID07173;ORIG067;DEST587;995.51;2024-05-02
ID07174;ORIG006;DEST127;786.17;2020-10-22
ID07175;ORIG016;DEST173;66.88;2020-11-26
ID07176;ORIG071;DEST926;310.79;2020-12-02
ID07177;ORIG002;DEST304;420.76;2024-02-21
ID01120;ORIG009;DEST189;948.51;2022-05-27
ID07179;ORIG005;DEST018;532.36;2021-03-22
ID07180;ORIG055;DEST001;499.93;2022-03-16
ID06496;ORIG013;DEST390;435.67;2022-04-22
ID07182;ORIG007;DEST963;14.57;2024-12-22
ID07183;ORIG013;DEST343;599.97;2020-07-12
ID07184;ORIG073;DEST501;471.87;2020-10-01
ID07185;ORIG013;DEST796;937.42;2022-09-05
ID07186;ORIG007;DEST266;408.40;2022-04-12
ID07187;ORIG018;DEST858;129.73;2022-06-14
ID07188;ORIG012;DEST938;777.47;2020-03-19
ID00112;ORIG001;DEST296;542.28;2020-07-11
ID07190;ORIG018;DEST165;953.19;2022-11-19
ID06629;ORIG008;DEST806;792.82;2023-02-15
ID07192;ORIG008;DEST422;199.15;2022-03-22
ID07193;ORIG017;DEST098;947.64;2022-09-18
ID05831;ORIG000;DEST000;738.79;2022-09-13
ID07195;ORIG007;DEST643;636.30;2024-06-02
ID07196;ORIG003;DEST454;592.81;2022-07-19
ID07197;ORIG016;DEST566;808.70;2023-07-04
ID07198;ORIG009;DEST287;844.43;2022-06-24
ID00000;ORIG002;DEST068;108.40;2022-04-26
ID07200;ORIG013;DEST736;295.40;2022-06-11
ID07201;ORIG015;DEST500;986.11;2021-12-20
ID07202;ORIG099;DEST563;731.23;2022-05-21
ID07203;ORIG011;DEST846;804.17;2020-12-17
ID07204;ORIG057;DEST533;425.42;2021-12-08
ID07205;ORIG014;DEST446;330.13;2020-07-20
ID07206;ORIG034;DEST072;800.53;2022-01-03
ID00019;ORIG014;DEST549;33.12;2022-10-17
ID07208;ORIG003;DEST485;736.69;2024-01-28
ID07209;ORIG008;DEST639;784.61;2022-10-17
ID07210;ORIG044;DEST745;302.01;2024-06-13
ID07211;ORIG070;DEST121;909.10;2024-04-27
ID07212;ORIG000;DEST722;738.68;2022-02-04
ID07213;ORIG014;DEST710;273.80;2024-07-18
ID07214;ORIG007;DEST235;738.09;2023-07-12
ID07215;ORIG047;DEST422;213.43;2020-12-10
ID07216;ORIG007;DEST272;467.55;2024-11-23
ID07217;ORIG015;DEST840;112.12;2022-10-21
ID07218;ORIG013;DEST269;222.21;2020-04-14
ID07219;ORIG010;DEST592;644.61;2022-11-26
ID07220;ORIG015;DEST737;348.70;2024-12-14
ID07221;ORIG029;DEST860;857.59;2021-05-06
ID04049;ORIG085;DEST896;862.62;2020-08-23
ID07223;ORIG002;DEST087;140.18;2022-03-15
ID07224;ORIG007;DEST160;911.69;2023-03-14
ID07225;ORIG006;DEST799;340.66;2021-05-01
ID07226;ORIG088;DEST369;341.51;2022-03-08
ID07227;ORIG012;DEST093;431.22;2024-03-07
ID07228;ORIG091;DEST092;941.94;2023-04-10
ID07229;ORIG009;DEST679;262.73;2022-06-27
ID07230;ORIG033;DEST108;268.24;2023-01-22
ID07231;ORIG009;DEST849;438.29;2021-05-27
ID07232;ORIG014;DEST977;686.81;2023-01-22
ID07233;ORIG043;DEST938;271.98;2023-12-14
ID07234;ORIG002;DEST027;368.75;2020-08-21
ID07235;ORIG014;DEST086;277.00;2020-09-03
ID07236;ORIG018;DEST196;932.44;2020-11-28
ID07237;ORIG005;DEST941;994.10;2021-08-08
ID07238;ORIG047;DEST442;852.76;2020-07-24
ID07239;ORIG070;DEST922;976.53;2022-06-12
ID05834;ORIG017;DEST691;360.48;2020-01-08
ID01882;ORIG013;DEST190;418.85;2024-05-15
ID04403;ORIG015;DEST904;980.01;2022-11-03
ID07243;ORIG084;DEST183;766.02;2021-04-18
ID07244;ORIG012;DEST556;135.69;2022-12-02
ID07245;ORIG007;DEST699;133.91;2022-02-27
ID07246;ORIG057;DEST523;796.08;2024-07-18
ID07247;ORIG064;DEST668;469.94;2023-10-23
ID07248;ORIG012;DEST698;639.34;2021-04-22
ID07249;ORIG004;DEST008;322.26;2023-01-06
ID07250;ORIG032;DEST256;21.24;2023-08-16
ID07251;ORIG016;DEST192;281.31;2022-11-02
ID07252;ORIG004;DEST969;322.79;2022-10-07
ID07253;ORIG004;DEST726;821.75;2023-05-02
ID07254;ORIG018;DEST083;929.09;2022-06-13
ID07255;ORIG003;DEST440;524.75;2024-11-16
ID07256;ORIG017;DEST961;462.97;2022-02-11
ID07257;ORIG008;DEST142;662.08;2023-09-07
ID07258;ORIG002;DEST719;593.35;2023-03-16
ID07259;ORIG007;DEST864;835.41;2022-01-04
ID07260;ORIG004;DEST349;578.64;2024-05-04
ID07261;ORIG017;DEST109;824.36;2022-03-04
ID07262;ORIG004;DEST556;437.35;2022-02-19
ID07263;ORIG015;DEST437;448.88;2022-01-07
ID00417;ORIG002;DEST262;24.27;2023-05-25
ID07265;ORIG008;DEST802;939.44;2020-02-01
ID07266;ORIG046;DEST046;554.15;2024-06-14
ID07267;ORIG010;DEST245;210.39;2024-03-04
ID07268;ORIG019;DEST067;583.96;2022-08-06
ID07269;ORIG026;DEST496;80.90;2021-10-24
ID07270;ORIG012;DEST582;237.80;2023-07-26
ID07271;ORIG019;DEST539;887.63;2020-04-18
ID07272;ORIG097;DEST021;918.20;2023-01-13
ID07273;ORIG030;DEST797;160.46;2022-06-27
ID07274;ORIG008;DEST827;810.07;2024-09-28
ID07275;ORIG039;DEST389;901.91;2023-11-16
ID07276;ORIG000;DEST569;728.99;2024-03-08
ID02002;ORIG032;DEST245;933.84;2023-12-17
ID07278;ORIG016;DEST150;394.64;2023-12-14
ID07279;ORIG009;DEST236;525.31;2023-08-02
ID07280;ORIG004;DEST972;334.56;2022-02-20
ID07281;ORIG024;DEST812;776.91;2020-05-03
ID07282;ORIG011;DEST282;664.91;2020-08-06
ID07283;ORIG002;DEST592;115.99;2020-03-19
ID07284;ORIG011;DEST512;381.83;2023-05-02
ID07285;ORIG010;DEST543;471.82;2021-06-04
ID06202;ORIG035;DEST507;188.94;2021-09-22
ID07287;ORIG040;DEST957;170.56;2023-08-21
ID02723;ORIG000;DEST896;151.36;2024-04-25
ID07289;ORIG014;DEST887;669.01;2021-07-01
ID07290;ORIG015;DEST953;155.75;2023-05-21
ID07291;ORIG016;DEST611;604.68;2020-09-19
ID07292;ORIG034;DEST329;140.33;2022-04-23
ID07293;ORIG001;DEST350;75.08;2024-03-18
ID07294;ORIG033;DEST142;366.91;2023-10-20
ID07295;ORIG000;DEST729;526.03;2023-09-18
ID07296;ORIG002;DEST085;487.70;2022-04-15
ID07297;ORIG018;DEST785;316.42;2022-10-21
ID07298;ORIG008;DEST270;948.39;2022-08-21
ID07299;ORIG018;DEST786;697.77;2022-08-04
ID07300;ORIG016;DEST023;783.26;2022-07-24
ID07301;ORIG003;DEST802;630.96;2021-03-18
ID07302;ORIG062;DEST380;770.91;2023-10-08
ID07303;ORIG082;DEST190;722.07;2024-08-07
ID07304;ORIG015;DEST247;793.38;2023-10-16
ID07305;ORIG008;DEST268;341.23;2022-10-04
ID07306;ORIG015;DEST036;701.94;2024-02-07
ID07307;ORIG028;DEST736;966.83;2023-07-03
ID07308;ORIG002;DEST825;169.47;2020-07-18
ID07309;ORIG015;DEST627;807.56;2023-12-14
ID07310;ORIG016;DEST478;654.54;2022-09-22
ID07311;ORIG014;DEST954;979.03;2021-09-15
ID07312;ORIG060;DEST889;204.16;2020-05-15
ID07313;ORIG001;DEST956;133.03;2021-04-07
ID07314;ORIG014;DEST608;785.98;2024-11-02
ID07315;ORIG016;DEST670;992.70;2024-09-04
ID07316;ORIG018;DEST842;892.10;2020-02-02
ID07317;ORIG006;DEST139;425.97;2022-05-27
ID07098;ORIG001;DEST226;566.29;2021-04-07
ID07319;ORIG017;DEST534;391.71;2024-01-07
ID07320;ORIG016;DEST712;512.56;2022-04-12
ID07321;ORIG010;DEST047;487.09;2024-10-10
ID00151;ORIG008;DEST206;993.90;2021-12-20
ID07323;ORIG013;DEST671;389.90;2020-11-16
ID07324;ORIG016;DEST862;811.35;2022-08-14
ID07325;ORIG000;DEST683;44.36;2022-05-25
ID07326;ORIG012;DEST993;778.08;2023-05-04
ID07327;ORIG005;DEST926;72.95;2022-07-25
ID02331;ORIG021;DEST234;941.93;2023-03-14
ID07329;ORIG017;DEST156;90.69;2024-06-13
ID07330;ORIG052;DEST247;84.49;2024-01-04
ID07331;ORIG016;DEST043;610.89;2020-04-07
ID07332;ORIG084;DEST491;517.63;2023-09-11
ID01745;ORIG002;DEST771;77.84;2020-03-20
ID00735;ORIG018;DEST553;588.46;2021-10-03
ID06868;ORIG000;DEST759;382.94;2023-07-19
ID07336;ORIG010;DEST169;938.33;2023-04-08
ID02432;ORIG009;DEST864;488.75;2021-07-20
ID07338;ORIG002;DEST250;148.74;2024-03-20
ID07339;ORIG008;DEST679;759.14;2024-08-18
ID07340;ORIG005;DEST483;190.85;2020-01-03
ID07341;ORIG014;DEST909;978.61;2021-09-18
ID07342;ORIG007;DEST650;330.79;2021-06-13
ID07343;ORIG003;DEST073;246.27;2023-05-15
ID07344;ORIG013;DEST799;84.09;2023-10-02
ID07345;ORIG008;DEST228;97.98;2023-04-07
ID02370;ORIG057;DEST262;378.12;2020-06-04
ID07347;ORIG015;DEST318;778.34;2024-05-19
ID07348;ORIG003;DEST281;579.06;2022-06-08
ID07349;ORIG004;DEST304;491.73;2024-10-16
ID07350;ORIG017;DEST464;166.33;2021-03-09
ID07351;ORIG008;DEST492;800.00;2024-07-18
ID05984;ORIG008;DEST841;826.31;2022-11-17
ID07353;ORIG006;DEST710;691.73;2023-12-23
ID07354;ORIG017;DEST546;857.70;2020-02-25
ID07355;ORIG053;DEST652;103.98;2024-09-07
ID07356;ORIG002;DEST647;69.61;2020-07-21
ID07357;ORIG002;DEST073;22.91;2024-03-09
ID07358;ORIG014;DEST950;881.49;2022-06-25
ID07359;ORIG016;DEST044;674.41;2023-12-22
ID07360;ORIG019;DEST872;849.54;2023-12-06
ID07361;ORIG007;DEST673;345.25;2021-03-12
ID07362;ORIG000;DEST570;222.35;2022-06-26
ID07363;ORIG013;DEST169;739.82;2021-09-01
ID07364;ORIG006;DEST384;214.03;2023-09-11
ID02306;ORIG004;DEST420;987.75;2024-04-24
ID07366;ORIG002;DEST148;800.35;2024-08-04
ID07367;ORIG003;DEST980;211.33;2020-10-25
ID07368;ORIG015;DEST933;769.14;2021-10-22
ID02818;ORIG016;DEST162;293.46;2024-05-12
ID07370;ORIG018;DEST998;577.90;2021-08-15
ID07371;ORIG018;DEST130;153.44;2021-02-16
ID07372;ORIG012;DEST910;452.08;2022-01-20
ID07373;ORIG051;DEST860;934.96;2024-07-28
ID07374;ORIG019;DEST482;670.39;2022-07-15
ID07375;ORIG019;DEST034;130.76;2024-08-06
ID07376;ORIG003;DEST227;175.23;2021-07-03
ID07377;ORIG000;DEST593;501.49;2020-03-11
ID07378;ORIG016;DEST623;199.02;2020-09-28
ID07379;ORIG006;DEST949;49.22;2020-04-20
ID07380;ORIG003;DEST214;584.12;2024-04-01
ID07381;ORIG011;DEST378;550.60;2020-02-27
ID07382;ORIG061;DEST725;906.24;2020-06-14
ID07383;ORIG040;DEST644;53.69;2020-02-22
ID07384;ORIG095;DEST819;662.73;2023-07-01
ID07385;ORIG017;DEST625;295.21;2020-09-18
ID07386;ORIG016;DEST622;620.32;2024-03-03
ID07387;ORIG002;DEST341;553.60;2024-10-09
ID07388;ORIG076;DEST215;686.44;2021-02-02
ID07389;ORIG063;DEST757;375.21;2023-03-22
ID07390;ORIG014;DEST527;272.62;2024-08-12
ID07391;ORIG018;DEST927;882.58;2023-09-26
ID07392;ORIG015;DEST009;756.46;2020-10-12
ID07393;ORIG016;DEST010;610.06;2020-06-10
ID07394;ORIG003;DEST866;356.37;2024-07-10
ID07395;ORIG015;DEST552;985.25;2023-04-02
ID07396;ORIG030;DEST672;993.74;2023-09-13
ID07397;ORIG012;DEST806;781.50;2024-12-06
ID07398;ORIG087;DEST653;977.75;2021-06-08
ID06742;ORIG054;DEST904;952.18;2020-11-25
ID07400;ORIG074;DEST579;895.70;2024-05-05
ID07401;ORIG013;DEST927;803.38;2024-10-24
ID07402;ORIG045;DEST698;25.46;2023-11-08
ID07403;ORIG005;DEST520;159.62;2024-05-19
ID07404;ORIG069;DEST390;29.67;2022-05-16
ID07405;ORIG006;DEST287;110.11;2023-08-21
ID07406;ORIG001;DEST204;85.19;2020-08-24
ID07407;ORIG014;DEST300;971.71;2021-11-21
ID07408;ORIG038;DEST133;542.81;2023-09-11
ID07409;ORIG011;DEST895;906.08;2024-03-19
ID07410;ORIG010;DEST327;972.47;2022-11-02
ID07411;ORIG002;DEST329;544.45;2021-04-15
ID07412;ORIG019;DEST694;421.04;2021-09-26
ID07413;ORIG015;DEST017;745.88;2022-04-21
ID07414;ORIG004;DEST362;220.73;2022-01-03
ID07415;ORIG051;DEST890;519.29;2020-09-08
ID07416;ORIG017;DEST649;112.11;2022-07-23
ID07417;ORIG088;DEST616;10.36;2023-08-03
ID07418;ORIG011;DEST123;546.17;2024-03-20
ID07419;ORIG069;DEST128;989.40;2024-06-25
ID07420;ORIG007;DEST975;891.33;2023-09-25
ID07421;ORIG007;DEST528;861.70;2024-04-01
ID07422;ORIG004;DEST100;427.71;2022-01-13
ID07423;ORIG010;DEST074;701.93;2021-10-11
ID07424;ORIG018;DEST126;413.64;2024-07-14
ID07425;ORIG012;DEST833;233.20;2022-06-11
ID07426;ORIG018;DEST656;516.74;2021-02-04
ID07427;ORIG007;DEST893;783.79;2020-12-25
ID07428;ORIG050;DEST166;650.59;2020-07-13
ID07429;ORIG083;DEST321;234.13;2023-05-05
ID07430;ORIG013;DEST010;720.36;2020-02-02
ID07431;ORIG058;DEST329;704.46;2023-04-10
ID07432;ORIG019;DEST116;745.02;2020-05-24
ID00189;ORIG003;DEST902;510.78;2020-11-18
ID07434;ORIG018;DEST690;593.84;2023-05-11
ID07435;ORIG018;DEST338;737.18;2024-02-11
ID07436;ORIG017;DEST642;946.51;2023-12-24
ID07437;ORIG067;DEST574;960.39;2021-02-03
ID07438;ORIG037;DEST748;257.12;2021-10-22
ID07439;ORIG007;DEST645;281.00;2022-11-26
ID07440;ORIG018;DEST606;505.25;2022-07-18
ID07441;ORIG003;DEST233;563.90;2023-02-18
ID07442;ORIG012;DEST657;225.50;2021-06-21
ID07443;ORIG006;DEST539;30.74;2023-03-11
ID07444;ORIG015;DEST620;774.72;2023-07-16
ID07445;ORIG007;DEST466;308.68;2020-07-01
ID00442;ORIG017;DEST415;230.02;2023-01-23
ID07447;ORIG007;DEST325;226.94;2021-10-17
ID07448;ORIG012;DEST362;399.23;2022-04-25
ID07449;ORIG015;DEST209;687.25;2020-08-19
ID07450;ORIG007;DEST355;483.01;2020-01-18
ID07451;ORIG061;DEST402;153.25;2021-06-27
ID07452;ORIG047;DEST587;922.41;2022-07-25
ID07453;ORIG018;DEST400;550.23;2021-12-20
ID07454;ORIG011;DEST982;611.96;2023-11-08
ID07455;ORIG019;DEST120;269.33;2021-09-07
ID07456;ORIG017;DEST445;796.46;2024-07-21
ID07457;ORIG014;DEST837;605.80;2024-06-25
ID07458;ORIG006;DEST761;230.06;2024-08-08
ID07459;ORIG014;DEST108;89.92;2021-01-16
ID07460;ORIG007;DEST077;870.52;2023-09-19
ID07461;ORIG002;DEST742;73.48;2023-01-01
ID07462;ORIG002;DEST889;691.96;2023-04-04
ID07463;ORIG012;DEST467;646.72;2021-11-10
ID07464;ORIG015;DEST051;570.42;2023-01-13
ID07465;ORIG011;DEST298;380.54;2023-06-22
ID07466;ORIG056;DEST050;124.32;2020-07-05
ID07467;ORIG059;DEST142;706.54;2020-11-19
ID07468;ORIG001;DEST044;300.72;2020-02-02
ID07469;ORIG051;DEST306;142.10;2023-04-02
ID02504;ORIG016;DEST471;838.02;2024-10-22
ID07471;ORIG040;DEST819;503.88;2020-05-13
ID07472;ORIG002;DEST322;753.28;2020-02-27
ID07473;ORIG007;DEST826;960.09;2021-08-18
ID07474;ORIG010;DEST689;41.02;2022-02-25
ID07475;ORIG023;DEST476;998.95;2024-06-02
ID07476;ORIG007;DEST475;886.01;2023-09-03
ID02971;ORIG046;DEST800;257.64;2021-06-27
ID07478;ORIG005;DEST149;519.54;2024-10-15
ID07479;ORIG004;DEST827;742.46;2022-02-04
ID07480;ORIG046;DEST654;288.08;2021-03-21
ID07481;ORIG008;DEST189;73.16;2022-06-10
ID07482;ORIG010;DEST844;179.16;2022-12-28
ID07483;ORIG018;DEST388;535.92;2020-03-06
ID07484;ORIG019;DEST182;791.74;2023-01-17
ID07485;ORIG014;DEST074;251.16;2022-06-19
ID07486;ORIG015;DEST565;854.78;2022-01-21
ID07487;ORIG009;DEST694;570.37;2021-06-28
ID07488;ORIG011;DEST585;224.66;2021-10-21
ID07489;ORIG002;DEST388;446.89;2021-06-02
ID03528;ORIG056;DEST253;242.15;2024-02-19
ID07491;ORIG096;DEST482;759.71;2020-03-22
ID06550;ORIG014;DEST833;311.74;2022-05-04
ID07493;ORIG002;DEST934;26.65;2020-10-08
ID07494;ORIG044;DEST442;588.41;2024-01-08
ID07495;ORIG009;DEST870;904.14;2022-01-13
ID07496;ORIG004;DEST317;590.68;2020-07-23
ID07497;ORIG075;DEST268;699.04;2024-01-27
ID07498;ORIG018;DEST978;756.05;2022-06-26
ID07499;ORIG003;DEST204;523.89;2022-02-17
ID07500;ORIG019;DEST324;790.44;2023-07-22
ID07501;ORIG011;DEST730;587.94;2020-11-04
ID07502;ORIG001;DEST509;551.69;2024-11-10
ID07503;ORIG007;DEST664;642.71;2020-02-07
ID00494;ORIG009;DEST526;933.30;2020-09-13
ID07505;ORIG016;DEST443;741.11;2023-07-21
ID07506;ORIG002;DEST740;203.65;2020-06-26
ID07507;ORIG008;DEST909;686.24;2021-03-11
ID07508;ORIG002;DEST920;580.61;2023-02-25
ID07509;ORIG008;DEST208;801.06;2021-08-20
ID01854;ORIG006;DEST799;665.20;2024-01-16
ID07511;ORIG012;DEST199;672.76;2020-06-15
ID07512;ORIG010;DEST493;517.85;2024-06-24
ID07513;ORIG019;DEST470;685.55;2024-12-21
ID07514;ORIG009;DEST689;259.17;2020-02-17
ID07515;ORIG007;DEST244;958.64;2022-04-27
ID07516;ORIG009;DEST955;809.41;2022-11-21
ID07517;ORIG004;DEST046;818.71;2021-10-14
ID07518;ORIG012;DEST857;229.56;2020-12-14
ID07519;ORIG010;DEST767;882.56;2022-02-16
ID07520;ORIG018;DEST022;212.17;2024-06-27
ID07521;ORIG004;DEST475;618.20;2024-04-12
ID04429;ORIG006;DEST479;955.19;2023-09-10
ID07523;ORIG018;DEST856;346.23;2022-03-13
ID07524;ORIG097;DEST677;608.99;2023-02-01
ID07525;ORIG011;DEST471;291.94;2021-02-24
ID07526;ORIG011;DEST047;511.51;2020-04-13
ID07527;ORIG049;DEST492;663.61;2020-05-14
ID07528;ORIG005;DEST151;144.95;2021-07-16
ID07529;ORIG089;DEST021;976.72;2020-12-14
ID07530;ORIG011;DEST526;62.99;2022-11-19
ID07531;ORIG024;DEST468;474.96;2020-06-08
ID07532;ORIG010;DEST083;189.40;2021-01-14
ID07234;ORIG004;DEST505;334.39;2022-10-12
ID07534;ORIG017;DEST442;265.16;2020-09-26
ID07535;ORIG055;DEST266;35.12;2020-10-01
ID07536;ORIG025;DEST973;523.33;2020-05-19
ID07537;ORIG007;DEST855;182.31;2022-04-19
ID07538;ORIG068;DEST894;462.91;2021-08-14
ID02473;ORIG064;DEST965;61.24;2021-05-10
ID00536;ORIG005;DEST373;170.73;2024-10-06
ID07541;ORIG000;DEST803;690.14;2021-06-26
ID07542;ORIG016;DEST819;797.16;2022-02-08
ID07543;ORIG075;DEST136;349.63;2021-07-17
ID07544;ORIG010;DEST083;893.23;2020-08-23
ID07545;ORIG006;DEST605;116.78;2024-09-08
ID07546;ORIG014;DEST534;607.05;2020-09-18
ID07547;ORIG000;DEST411;883.99;2023-12-11
ID07548;ORIG012;DEST868;169.49;2020-03-04
ID07549;ORIG002;DEST945;415.85;2021-04-25
ID00155;ORIG012;DEST582;987.68;2024-02-22
ID07551;ORIG005;DEST680;933.09;2023-02-16
ID07552;ORIG061;DEST376;261.28;2020-12-15
ID07553;ORIG010;DEST041;341.41;2023-01-09
ID07554;ORIG015;DEST387;862.95;2023-08-23
ID07555;ORIG095;DEST644;859.49;2021-06-14
ID07556;ORIG013;DEST158;931.16;2023-09-26
ID07555;ORIG014;DEST916;368.99;2021-03-15
ID07558;ORIG008;DEST984;511.16;2022-06-14
ID07559;ORIG004;DEST822;888.28;2022-05-02
ID07560;ORIG000;DEST150;321.26;2024-07-20
ID07561;ORIG015;DEST422;894.50;2023-05-28
ID07562;ORIG012;DEST810;818.71;2021-09-24
ID07563;ORIG001;DEST351;508.98;2023-11-27
ID07564;ORIG004;DEST777;783.03;2024-06-19
ID03666;ORIG007;DEST101;349.95;2020-03-07
ID07566;ORIG014;DEST825;595.71;2024-08-25
ID00933;ORIG006;DEST305;953.36;2022-05-18
ID07568;ORIG008;DEST485;193.93;2022-09-26
ID00869;ORIG009;DEST989;359.52;2020-05-16
ID07570;ORIG011;DEST923;782.47;2023-03-11
ID07571;ORIG005;DEST524;981.72;2021-02-11
ID07572;ORIG012;DEST089;541.82;2020-01-04
ID00297;ORIG001;DEST898;215.02;2024-01-16
ID03736;ORIG009;DEST654;819.94;2020-04-25
ID07575;ORIG014;DEST233;464.58;2021-09-23
ID07576;ORIG019;DEST729;524.66;2022-06-20
ID07577;ORIG002;DEST165;748.07;2021-05-20
ID07578;ORIG010;DEST977;605.19;2023-02-19
ID00892;ORIG015;DEST765;241.04;2020-05-11
ID07580;ORIG018;DEST342;59.74;2024-06-19
ID07581;ORIG013;DEST365;946.86;2021-10-07
ID07582;ORIG009;DEST081;87.56;2023-12-13
ID07583;ORIG027;DEST279;292.89;2022-10-18
ID07584;ORIG010;DEST743;342.65;2023-12-01
ID07585;ORIG083;DEST928;127.75;2022-12-27
ID07586;ORIG045;DEST477;246.79;2020-01-10
ID07587;ORIG000;DEST259;542.86;2023-01-15
ID07588;ORIG006;DEST431;224.32;2022-09-27
ID07589;ORIG002;DEST958;358.79;2022-10-13
ID07590;ORIG008;DEST302;730.92;2020-12-12
ID07591;ORIG008;DEST061;893.00;2024-05-16
ID07592;ORIG019;DEST217;442.39;2023-03-04
ID07593;ORIG011;DEST861;963.72;2021-11-24
ID07594;ORIG001;DEST363;110.84;2021-12-28
ID07595;ORIG010;DEST707;17.18;2020-06-12
ID07596;ORIG006;DEST437;221.45;2022-11-22
ID07597;ORIG017;DEST024;379.33;2021-07-23
ID07598;ORIG009;DEST952;805.96;2022-08-21
ID07599;ORIG000;DEST797;773.72;2023-07-17
ID07600;ORIG001;DEST963;400.92;2021-09-23
ID07601;ORIG012;DEST766;783.54;2023-08-02
ID01294;ORIG059;DEST317;901.56;2022-09-21
ID07603;ORIG001;DEST113;806.73;2020-07-03
ID07604;ORIG008;DEST621;829.27;2021-12-03
ID07605;ORIG014;DEST480;253.17;2023-08-26
ID04834;ORIG073;DEST713;359.12;2021-09-09
ID02708;ORIG016;DEST650;196.56;2022-09-08
ID07608;ORIG001;DEST533;378.08;2023-08-07
ID07609;ORIG005;DEST281;439.02;2024-01-02
ID07610;ORIG017;DEST059;272.06;2021-10-07
ID07611;ORIG002;DEST949;50.55;2022-12-18
ID07612;ORIG009;DEST183;435.47;2022-10-22
ID07613;ORIG010;DEST448;867.31;2020-12-14
ID07614;ORIG000;DEST934;901.14;2020-09-04
ID07615;ORIG032;DEST279;802.56;2020-11-14
ID07616;ORIG014;DEST233;552.44;2023-01-27
ID02055;ORIG012;DEST505;189.46;2023-07-26
ID07618;ORIG059;DEST667;538.63;2021-05-08
ID07619;ORIG000;DEST041;72.43;2023-05-15
ID00902;ORIG073;DEST266;906.75;2024-04-24
ID07621;ORIG011;DEST191;396.29;2024-04-04
ID07622;ORIG019;DEST368;760.78;2022-03-20
ID07623;ORIG089;DEST613;464.58;2020-01-06
ID00261;ORIG002;DEST493;322.52;2022-11-10
ID05819;ORIG006;DEST544;688.65;2022-04-20
ID07626;ORIG004;DEST951;965.43;2024-12-17
ID07627;ORIG005;DEST095;840.01;2022-12-26
ID07628;ORIG014;DEST925;528.37;2020-09-11
ID07629;ORIG034;DEST612;934.75;2021-11-14
ID07630;ORIG043;DEST690;463.06;2024-06-03
ID07631;ORIG055;DEST376;591.03;2021-09-14
ID07632;ORIG002;DEST840;496.33;2021-05-13
ID07633;ORIG018;DEST319;799.27;2021-01-25
ID07634;ORIG018;DEST166;484.91;2022-04-19
ID07635;ORIG002;DEST531;201.82;2022-02-07
ID07636;ORIG072;DEST076;911.44;2020-03-12
ID07637;ORIG005;DEST781;866.76;2023-03-02
ID07638;ORIG067;DEST265;828.43;2022-02-02
ID07639;ORIG051;DEST092;997.15;2024-01-03
ID07640;ORIG019;DEST533;166.90;2024-01-27
ID07641;ORIG005;DEST345;605.61;2020-04-05
ID07642;ORIG008;DEST867;278.51;2023-05-04
ID07643;ORIG004;DEST744;464.43;2024-12-19
ID07644;ORIG008;DEST747;399.95;2023-04-24
ID07645;ORIG011;DEST457;468.27;2020-09-14
ID07646;ORIG024;DEST491;372.63;2023-09-12
ID07647;ORIG017;DEST597;439.62;2023-05-07
ID07648;ORIG031;DEST542;20.26;2024-04-22
ID07649;ORIG018;DEST661;899.20;2022-11-28
ID07650;ORIG019;DEST796;411.06;2020-02-28
ID02099;ORIG011;DEST144;325.13;2024-11-19
ID07652;ORIG016;DEST276;339.83;2023-06-01
ID07653;ORIG006;DEST163;897.74;2024-08-02
ID07654;ORIG000;DEST666;82.22;2020-06-15
ID07655;ORIG020;DEST483;990.81;2021-08-23
ID07656;ORIG035;DEST758;996.35;2020-01-17
ID07657;ORIG017;DEST152;482.42;2024-04-18
ID07658;ORIG014;DEST583;811.79;2023-10-27
ID07659;ORIG000;DEST508;587.72;2022-12-10
ID07660;ORIG006;DEST523;407.97;2021-07-20
ID07661;ORIG054;DEST066;412.21;2023-05-12
ID07662;ORIG002;DEST008;203.08;2023-12-07
ID07663;ORIG046;DEST814;877.91;2020-12-20
ID07664;ORIG011;DEST409;229.80;2022-10-05
ID07665;ORIG001;DEST262;674.25;2022-11-14
ID07666;ORIG011;DEST704;624.54;2023-02-09
ID07667;ORIG011;DEST071;443.98;2021-01-07
ID07668;ORIG006;DEST052;222.37;2024-03-17
ID07669;ORIG004;DEST524;497.47;2022-01-10
ID01159;ORIG005;DEST594;142.07;2021-12-05
ID02577;ORIG000;DEST002;951.25;2022-12-23
ID07672;ORIG011;DEST231;909.31;2021-08-17
ID07673;ORIG004;DEST155;134.82;2023-11-15
ID07674;ORIG013;DEST671;972.11;2023-01-18
ID07675;ORIG002;DEST821;775.47;2023-07-11
ID07676;ORIG002;DEST892;798.76;2020-07-28
ID07677;ORIG006;DEST172;581.47;2024-07-04
ID07678;ORIG009;DEST895;419.37;2022-06-14
ID07679;ORIG010;DEST339;920.58;2023-07-02
ID07680;ORIG016;DEST933;503.49;2024-09-01
ID07681;ORIG006;DEST549;37.63;2024-10-24
ID07682;ORIG009;DEST885;221.79;2024-02-24
ID07683;ORIG005;DEST647;999.73;2023-06-26
ID07684;ORIG019;DEST484;490.92;2022-05-02
ID07685;ORIG012;DEST379;663.05;2024-04-26
ID07686;ORIG022;DEST451;757.29;2021-01-20
ID07687;ORIG074;DEST708;284.06;2023-08-18
ID07688;ORIG008;DEST278;960.96;2022-12-27
ID07689;ORIG008;DEST256;190.26;2023-12-01
ID07690;ORIG005;DEST143;304.26;2024-05-20
ID07691;ORIG007;DEST950;579.11;2023-06-17
ID07692;ORIG066;DEST520;26.25;2021-09-13
ID07693;ORIG008;DEST441;38.44;2024-11-15
ID07694;ORIG006;DEST649;371.73;2023-04-07
ID07695;ORIG005;DEST437;836.15;2023-03-11
ID07696;ORIG007;DEST356;539.59;2020-03-18
ID07697;ORIG014;DEST377;843.92;2020-04-01
ID07698;ORIG008;DEST574;310.67;2020-07-01
ID07699;ORIG003;DEST062;737.36;2021-03-22
ID07700;ORIG001;DEST155;97.34;2023-04-09
ID07701;ORIG007;DEST597;477.86;2021-10-12
ID07702;ORIG007;DEST860;57.99;2023-07-23
ID07703;ORIG001;DEST848;846.54;2024-11-19
ID07704;ORIG011;DEST004;438.42;2023-06-28
ID07705;ORIG015;DEST062;966.17;2021-03-06
ID07706;ORIG012;DEST980;977.72;2020-07-23
ID07707;ORIG000;DEST631;454.37;2020-02-08
ID07708;ORIG060;DEST091;10.90;2024-08-05
ID07709;ORIG019;DEST301;768.35;2021-10-18
ID07710;ORIG088;DEST078;43.78;2024-05-25
ID07711;ORIG001;DEST168;463.43;2021-07-15
ID07712;ORIG010;DEST237;384.71;2024-06-10
ID07713;ORIG030;DEST846;734.30;2024-05-09
ID07714;ORIG009;DEST671;696.74;2024-05-26
ID07715;ORIG007;DEST386;137.78;2022-04-05
ID07716;ORIG017;DEST063;222.58;2024-11-18
ID07717;ORIG051;DEST509;821.37;2021-05-25
ID07718;ORIG006;DEST831;272.46;2020-11-21
ID07719;ORIG011;DEST781;682.33;2021-11-12
ID07720;ORIG016;DEST063;573.77;2022-07-06
ID07721;ORIG006;DEST446;900.56;2024-07-24
ID07722;ORIG013;DEST167;251.80;2022-06-05
ID07723;ORIG019;DEST233;379.57;2024-10-26
ID07724;ORIG018;DEST906;942.73;2021-05-20
ID07725;ORIG018;DEST284;207.60;2022-08-06
ID07726;ORIG007;DEST951;197.33;2021-06-17
ID07727;ORIG015;DEST373;406.73;2023-02-23
ID07728;ORIG006;DEST525;349.33;2023-07-14
ID03417;ORIG093;DEST313;65.53;2020-08-21
ID07730;ORIG000;DEST553;63.11;2024-11-27
ID07731;ORIG005;DEST382;873.58;2024-07-01
ID07732;ORIG015;DEST912;379.30;2021-10-20
ID07733;ORIG013;DEST788;866.84;2020-01-22
ID07734;ORIG015;DEST321;245.41;2020-03-02
ID07735;ORIG010;DEST954;991.17;2020-01-03
ID07736;ORIG015;DEST716;524.15;2024-10-23
ID07737;ORIG009;DEST039;72.19;2023-04-05
ID07738;ORIG014;DEST192;600.97;2020-03-14
ID07739;ORIG014;DEST637;694.37;2020-09-17
ID07740;ORIG012;DEST576;861.08;2020-04-06
ID07741;ORIG006;DEST342;335.24;2020-12-03
ID07742;ORIG000;DEST926;477.09;2023-01-10
ID07743;ORIG017;DEST314;267.43;2020-12-12
ID07744;ORIG009;DEST721;151.37;2024-09-16
ID07745;ORIG012;DEST324;222.59;2024-09-12
ID07746;ORIG025;DEST747;524.02;2024-06-05
ID07747;ORIG016;DEST288;651.02;2022-10-12
ID07748;ORIG016;DEST493;35.40;2022-11-13
ID07749;ORIG017;DEST156;631.54;2021-07-22
ID07750;ORIG005;DEST925;385.77;2021-04-03
ID07751;ORIG007;DEST870;345.36;2024-09-14
ID07752;ORIG019;DEST955;982.69;2023-05-09
ID07753;ORIG019;DEST122;649.72;2023-08-23
ID07754;ORIG002;DEST531;13.54;2022-06-04
ID07755;ORIG010;DEST161;137.54;2023-05-23
ID07756;ORIG033;DEST710;225.60;2022-10-16
ID07757;ORIG022;DEST280;559.67;2023-11-02
ID07758;ORIG001;DEST749;867.20;2021-07-25
ID07759;ORIG065;DEST566;416.41;2024-08-19
ID07760;ORIG036;DEST910;755.41;2023-05-07
ID07761;ORIG030;DEST045;243.38;2022-04-07
ID07762;ORIG032;DEST425;301.53;2023-04-24
ID07763;ORIG017;DEST537;367.25;2020-03-13
ID06336;ORIG017;DEST591;294.25;2022-01-10
ID07765;ORIG008;DEST716;273.61;2020-02-07
ID03573;ORIG002;DEST646;593.98;2024-08-25
ID07767;ORIG004;DEST197;723.36;2024-10-11
ID07768;ORIG005;DEST044;229.07;2023-03-22
ID07769;ORIG085;DEST982;905.04;2024-08-12
ID07770;ORIG005;DEST527;180.43;2021-01-08
ID07771;ORIG005;DEST650;611.80;2023-04-02
ID07772;ORIG002;DEST944;27.52;2022-10-21
ID07773;ORIG042;DEST257;811.09;2023-08-05
ID07774;ORIG016;DEST535;85.64;2024-04-04
ID07775;ORIG016;DEST735;404.91;2024-08-09
ID07776;ORIG008;DEST870;253.21;2024-09-26
ID07777;ORIG014;DEST898;622.08;2024-12-26
ID07778;ORIG006;DEST076;829.93;2022-03-14
ID07779;ORIG088;DEST525;697.93;2023-12-07
ID00082;ORIG032;DEST259;222.46;2024-11-12
ID05546;ORIG015;DEST672;707.95;2023-02-03
ID07782;ORIG041;DEST835;504.64;2022-02-04
ID07783;ORIG006;DEST556;533.55;2022-07-28
ID07784;ORIG003;DEST503;197.19;2024-02-15
ID07785;ORIG019;DEST044;902.02;2021-03-01
ID07786;ORIG018;DEST628;231.55;2023-06-17
ID07787;ORIG078;DEST075;95.23;2021-09-22
ID07788;ORIG003;DEST811;373.23;2023-10-24
ID07789;ORIG015;DEST074;608.94;2024-10-15
ID07790;ORIG018;DEST109;360.40;2023-09-26
ID07791;ORIG001;DEST020;14.34;2024-08-10
ID07792;ORIG002;DEST683;160.13;2023-02-25
ID07793;ORIG001;DEST814;929.47;2023-03-09
ID07794;ORIG005;DEST932;166.45;2023-08-24
ID07795;ORIG019;DEST039;520.19;2023-09-18
ID07796;ORIG011;DEST731;397.28;2020-01-10
ID07797;ORIG011;DEST176;463.63;2020-08-04
ID07798;ORIG003;DEST418;467.83;2022-05-04
ID07799;ORIG004;DEST896;973.40;2023-09-14
ID07800;ORIG016;DEST990;386.98;2024-09-04
ID02538;ORIG005;DEST655;610.53;2022-01-13
ID07802;ORIG015;DEST222;239.64;2023-01-15
ID07803;ORIG010;DEST624;370.56;2022-09-12
ID07804;ORIG002;DEST788;197.89;2020-01-22
ID07805;ORIG019;DEST173;729.19;2024-03-26
ID00773;ORIG011;DEST287;286.57;2021-05-01
ID07807;ORIG007;DEST348;881.61;2020-12-07
ID07808;ORIG005;DEST607;233.39;2021-03-15
ID07809;ORIG016;DEST092;333.10;2023-02-05
ID07810;ORIG035;DEST946;154.35;2023-08-06
ID07811;ORIG015;DEST704;726.89;2021-04-19
ID07812;ORIG009;DEST934;693.39;2021-02-26
ID07813;ORIG000;DEST803;854.68;2024-06-01
ID07814;ORIG001;DEST969;833.63;2020-12-05
ID07815;ORIG008;DEST092;521.82;2021-10-06
ID07816;ORIG052;DEST804;686.68;2024-05-09
ID07817;ORIG001;DEST240;34.01;2024-09-18
ID07818;ORIG019;DEST787;103.18;2021-05-27
ID07819;ORIG075;DEST175;181.89;2023-11-27
ID07820;ORIG013;DEST250;637.38;2023-06-26
ID07821;ORIG001;DEST936;325.28;2020-03-21
ID07822;ORIG008;DEST377;600.91;2021-03-23
ID07823;ORIG003;DEST738;968.01;2022-05-22
ID07824;ORIG017;DEST404;465.14;2024-08-05
ID07825;ORIG059;DEST386;573.66;2022-08-21
ID07826;ORIG017;DEST984;946.75;2022-11-24
ID07827;ORIG000;DEST540;122.28;2023-04-04
ID07828;ORIG012;DEST708;66.28;2021-12-04
ID07829;ORIG084;DEST117;44.28;2021-04-11
ID07830;ORIG062;DEST930;829.90;2020-07-26
ID07831;ORIG014;DEST712;521.73;2023-05-03
ID03381;ORIG018;DEST317;401.09;2023-04-01
ID07833;ORIG069;DEST788;37.61;2024-08-08
ID07834;ORIG076;DEST912;164.39;2024-02-28
ID04357;ORIG015;DEST812;900.36;2023-10-16
ID07836;ORIG046;DEST325;893.08;2022-04-24
ID07837;ORIG005;DEST252;658.47;2022-02-15
ID07838;ORIG001;DEST722;206.46;2022-02-24
ID07839;ORIG014;DEST516;902.11;2024-06-04
ID05673;ORIG019;DEST533;501.92;2021-11-03
ID07648;ORIG016;DEST311;854.86;2022-06-18
ID07842;ORIG037;DEST121;434.98;2023-06-05
ID07843;ORIG012;DEST101;951.51;2022-02-25
ID07844;ORIG016;DEST107;329.05;2022-07-21
ID07845;ORIG016;DEST791;410.69;2021-04-13
ID07846;ORIG019;DEST669;475.75;2022-09-01
ID07847;ORIG016;DEST467;918.94;2021-01-14
ID04657;ORIG001;DEST566;498.61;2020-12-20
ID07849;ORIG004;DEST310;186.72;2022-05-13
ID07850;ORIG010;DEST271;525.00;2020-02-02
ID07851;ORIG008;DEST357;538.06;2023-11-03
ID07852;ORIG022;DEST143;425.02;2020-08-28
ID07853;ORIG010;DEST941;651.46;2024-01-12
ID07854;ORIG002;DEST326;65.64;2021-01-25
ID07855;ORIG006;DEST592;182.28;2023-03-05
ID07856;ORIG014;DEST247;666.42;2020-07-23
ID07857;ORIG018;DEST424;238.03;2024-04-24
ID07858;ORIG087;DEST849;646.79;2022-09-04
ID07859;ORIG019;DEST844;719.04;2021-12-24
ID07860;ORIG012;DEST762;603.68;2023-08-12
ID07861;ORIG012;DEST522;236.69;2023-11-20
ID07862;ORIG016;DEST827;906.48;2021-12-12
ID07863;ORIG080;DEST651;74.08;2023-09-03
ID07864;ORIG012;DEST058;382.44;2022-05-02
ID07865;ORIG015;DEST111;879.72;2021-04-03
ID07866;ORIG092;DEST309;303.49;2022-12-11
ID06405;ORIG004;DEST337;577.04;2021-01-23
ID07868;ORIG007;DEST602;496.25;2020-02-06
ID07869;ORIG002;DEST773;262.90;2020-04-02
ID07870;ORIG014;DEST309;43.48;2020-08-07
ID07871;ORIG002;DEST385;203.33;2020-08-14
ID07872;ORIG068;DEST561;107.20;2021-09-22
ID00647;ORIG003;DEST511;801.33;2021-08-02
ID07874;ORIG001;DEST731;687.69;2023-11-15
ID07875;ORIG004;DEST737;330.50;2023-06-04
ID07876;ORIG008;DEST697;398.42;2020-11-07
ID07877;ORIG002;DEST789;584.56;2022-08-15
ID05158;ORIG009;DEST122;255.81;2021-07-15
ID07879;ORIG007;DEST790;945.65;2020-09-17
ID07880;ORIG013;DEST847;465.59;2020-05-07
ID07881;ORIG009;DEST335;915.90;2020-05-06
ID07882;ORIG002;DEST573;898.11;2021-06-09
ID07883;ORIG009;DEST865;108.12;2020-11-26
ID07884;ORIG013;DEST356;675.47;2020-07-05
ID07885;ORIG093;DEST283;857.86;2022-08-27
ID07886;ORIG028;DEST912;230.07;2023-11-04
ID07887;ORIG019;DEST531;724.19;2020-02-03
ID07888;ORIG018;DEST982;887.56;2020-12-07
ID07889;ORIG017;DEST483;253.40;2023-08-04
ID07890;ORIG006;DEST801;225.76;2023-05-07
ID07891;ORIG011;DEST733;763.17;2021-03-09
ID07892;ORIG012;DEST453;521.08;2021-07-24
ID07893;ORIG007;DEST688;825.36;2020-02-19
ID07894;ORIG072;DEST265;943.49;2022-03-19
ID07895;ORIG011;DEST604;281.45;2024-11-12
ID07896;ORIG009;DEST691;351.15;2021-05-20
ID07897;ORIG019;DEST833;201.48;2022-03-23
ID07898;ORIG006;DEST907;640.94;2023-10-22
ID01779;ORIG001;DEST778;534.40;2023-02-11
ID07900;ORIG006;DEST735;626.65;2024-02-02
ID07901;ORIG012;DEST508;385.01;2023-05-20
ID07902;ORIG028;DEST728;685.23;2021-10-01
ID07903;ORIG079;DEST397;850.81;2022-10-10
ID07904;ORIG013;DEST168;404.93;2021-06-16
ID07905;ORIG009;DEST646;712.47;2020-06-17
ID07906;ORIG017;DEST964;482.07;2023-10-27
ID07907;ORIG005;DEST851;123.95;2022-02-11
ID07908;ORIG000;DEST024;436.17;2022-06-19
ID07909;ORIG045;DEST090;315.80;2023-11-22
ID07910;ORIG017;DEST138;164.66;2020-04-07
ID07911;ORIG004;DEST013;670.83;2023-10-18
ID07912;ORIG002;DEST679;308.06;2020-06-08
ID01035;ORIG084;DEST665;607.69;2020-11-07
ID07914;ORIG007;DEST701;898.74;2024-11-22
ID07915;ORIG003;DEST251;107.51;2020-02-04
ID07916;ORIG003;DEST149;511.36;2023-05-16
ID07917;ORIG008;DEST780;273.90;2020-03-03
ID07918;ORIG018;DEST520;815.84;2022-12-13
ID07919;ORIG009;DEST191;309.85;2022-11-28
ID07920;ORIG003;DEST923;111.07;2024-05-14
ID07921;ORIG009;DEST809;443.75;2024-03-09
ID07922;ORIG017;DEST939;849.82;2023-10-14
ID07923;ORIG006;DEST660;198.63;2022-01-03
ID07924;ORIG004;DEST310;365.61;2022-03-07
ID07925;ORIG013;DEST953;823.99;2020-11-24
ID07926;ORIG019;DEST900;416.55;2021-09-10
ID07927;ORIG015;DEST623;684.75;2021-12-10
ID07928;ORIG008;DEST337;746.80;2020-02-23
ID07929;ORIG014;DEST192;995.07;2021-07-06
ID07930;ORIG017;DEST725;233.19;2023-11-27
ID07931;ORIG015;DEST311;125.74;2023-11-22
ID07932;ORIG015;DEST418;519.48;2022-11-12
ID07933;ORIG015;DEST312;164.10;2020-07-24
ID04167;ORIG015;DEST248;809.58;2022-10-18
ID07935;ORIG017;DEST105;889.90;2021-09-26
ID07936;ORIG003;DEST099;642.78;2024-02-08
ID07937;ORIG004;DEST749;17.07;2022-03-15
ID07938;ORIG014;DEST305;987.69;2021-12-15
ID07939;ORIG007;DEST991;307.25;2022-01-10
ID07940;ORIG001;DEST750;575.45;2023-09-04
ID07941;ORIG041;DEST044;740.33;2020-06-23
ID07942;ORIG088;DEST337;330.80;2022-02-03
ID07943;ORIG007;DEST548;980.27;2021-03-19
ID07944;ORIG068;DEST352;325.69;2023-11-12
ID07945;ORIG013;DEST470;234.22;2024-10-22
ID07946;ORIG019;DEST738;901.52;2023-02-12
ID07947;ORIG003;DEST177;207.93;2024-12-07
ID07948;ORIG001;DEST394;684.97;2021-05-27
ID07949;ORIG019;DEST975;396.28;2020-07-09
ID07950;ORIG005;DEST924;699.60;2024-06-28
ID07951;ORIG007;DEST655;469.99;2023-09-17
ID07952;ORIG053;DEST918;183.78;2024-11-16
ID07953;ORIG016;DEST457;664.86;2022-09-13
ID07954;ORIG008;DEST157;892.20;2024-09-18
ID07955;ORIG011;DEST878;335.38;2022-09-28
ID07956;ORIG011;DEST288;985.24;2020-07-14
ID07957;ORIG003;DEST114;482.96;2020-07-19
ID07958;ORIG002;DEST225;224.16;2023-06-05
ID07959;ORIG019;DEST044;147.32;2022-04-25
ID07960;ORIG029;DEST436;609.09;2020-04-04
ID07961;ORIG017;DEST007;324.78;2024-06-12
ID07962;ORIG003;DEST132;458.78;2022-12-13
ID07963;ORIG089;DEST996;642.65;2020-06-12
ID07964;ORIG008;DEST658;398.91;2023-12-03
ID07965;ORIG000;DEST449;310.18;2022-07-14
ID05965;ORIG040;DEST344;703.58;2023-10-17
ID07967;ORIG047;DEST013;529.95;2021-09-20
ID07968;ORIG014;DEST578;887.99;2023-09-11
ID06645;ORIG013;DEST633;40.13;2020-10-22
ID07827;ORIG009;DEST065;690.78;2024-05-15
ID02358;ORIG012;DEST729;380.77;2023-08-23
ID07972;ORIG018;DEST280;229.69;2020-09-18
ID07973;ORIG015;DEST231;98.23;2020-06-15
ID07974;ORIG006;DEST916;128.41;2023-12-26
ID07975;ORIG000;DEST195;17.29;2023-05-20
ID07976;ORIG004;DEST170;928.07;2023-02-05
ID07977;ORIG007;DEST077;231.35;2021-06-14
ID07978;ORIG004;DEST730;445.03;2021-08-04
ID02913;ORIG090;DEST637;411.24;2023-07-25
ID07980;ORIG010;DEST042;655.95;2023-07-24
ID07981;ORIG006;DEST968;334.96;2024-08-02
ID07982;ORIG008;DEST224;877.58;2023-02-23
ID07983;ORIG011;DEST226;329.11;2022-11-04
ID07984;ORIG008;DEST493;19.37;2023-03-22
ID07985;ORIG000;DEST684;140.19;2020-11-01
ID07986;ORIG039;DEST507;687.42;2022-09-12
ID07987;ORIG022;DEST276;701.00;2021-10-28
ID06652;ORIG004;DEST066;710.45;2021-05-15
ID07989;ORIG000;DEST527;734.89;2022-09-24
ID07990;ORIG008;DEST945;575.64;2024-02-25
ID07991;ORIG007;DEST353;971.53;2022-09-13
ID07992;ORIG009;DEST086;628.83;2021-03-03
ID07993;ORIG009;DEST611;803.11;2021-07-04
ID07994;ORIG087;DEST521;234.07;2020-01-02
ID07995;ORIG012;DEST422;202.78;2020-12-14
ID07996;ORIG033;DEST308;892.76;2021-11-18
ID07997;ORIG010;DEST734;881.48;2021-03-21
ID07998;ORIG011;DEST651;252.25;2024-08-08
ID07999;ORIG012;DEST696;985.06;2022-01-13
ID08000;ORIG001;DEST955;648.57;2022-02-09
ID08001;ORIG009;DEST181;647.82;2022-07-10
ID08002;ORIG017;DEST901;512.93;2024-08-23
ID01916;ORIG019;DEST831;988.68;2023-03-16
ID08004;ORIG048;DEST936;636.16;2020-01-01
ID08005;ORIG017;DEST826;377.20;2022-09-01
ID08006;ORIG010;DEST938;729.95;2022-07-03
ID07722;ORIG019;DEST947;181.64;2021-12-12
ID08008;ORIG009;DEST022;86.31;2024-11-19
ID08009;ORIG013;DEST867;267.56;2022-09-21
ID08010;ORIG010;DEST998;816.18;2024-01-21
ID02518;ORIG037;DEST901;857.45;2023-10-28
ID08012;ORIG060;DEST528;379.23;2022-02-03
ID08013;ORIG028;DEST093;616.84;2022-07-04
ID08014;ORIG034;DEST989;49.42;2021-05-28
ID08015;ORIG019;DEST495;147.15;2021-11-13
ID08016;ORIG043;DEST767;139.13;2024-12-19
ID08017;ORIG011;DEST699;814.84;2022-06-27
ID08018;ORIG009;DEST040;191.43;2024-05-22
ID08019;ORIG007;DEST699;20.27;2021-10-04
ID08020;ORIG003;DEST984;949.82;2024-01-04
ID08021;ORIG000;DEST137;879.24;2021-02-25
ID05169;ORIG067;DEST567;266.03;2024-10-19
ID08023;ORIG008;DEST919;867.60;2024-05-13
ID08024;ORIG008;DEST153;415.29;2020-02-05
ID08025;ORIG007;DEST076;381.43;2020-10-14
ID08026;ORIG000;DEST299;609.51;2024-01-07
ID08027;ORIG009;DEST063;498.45;2022-02-12
ID08028;ORIG035;DEST090;560.21;2021-10-10
ID08029;ORIG016;DEST716;811.67;2021-11-05
ID08030;ORIG005;DEST447;19.15;2023-01-02
ID08031;ORIG011;DEST788;230.87;2023-03-09
ID08032;ORIG003;DEST193;585.37;2024-05-24
ID08033;ORIG013;DEST420;510.76;2024-04-09
ID08034;ORIG010;DEST140;208.96;2021-04-17
ID08035;ORIG007;DEST106;987.06;2022-09-23
ID08036;ORIG010;DEST753;82.31;2024-04-26
ID08037;ORIG004;DEST592;278.74;2023-12-01
ID08038;ORIG002;DEST538;938.50;2024-01-02
ID08039;ORIG013;DEST635;707.96;2024-10-28
ID08040;ORIG071;DEST708;600.95;2023-06-28
ID08041;ORIG019;DEST882;224.15;2022-03-02
ID08042;ORIG006;DEST468;830.34;2024-12-11
ID07088;ORIG004;DEST397;782.20;2022-08-25
ID08044;ORIG014;DEST588;697.58;2020-04-26
ID08045;ORIG004;DEST145;392.36;2020-09-26
ID08046;ORIG025;DEST018;971.04;2024-03-11
ID08047;ORIG013;DEST691;398.11;2024-05-17
ID08048;ORIG016;DEST803;435.97;2020-11-16
ID08049;ORIG012;DEST931;685.90;2024-05-17
ID08050;ORIG009;DEST526;591.76;2023-01-22
ID08051;ORIG019;DEST234;218.53;2020-09-22
ID08052;ORIG001;DEST112;709.52;2024-10-24
ID07270;ORIG017;DEST141;334.07;2022-11-24
ID08054;ORIG098;DEST266;229.65;2020-08-01
ID08055;ORIG014;DEST588;24.55;2023-04-18
ID08056;ORIG019;DEST185;28.52;2022-05-22
ID08057;ORIG002;DEST934;134.85;2024-04-10
ID06739;ORIG018;DEST297;944.20;2022-01-02
ID08059;ORIG016;DEST484;885.13;2024-03-19
ID08060;ORIG002;DEST863;231.04;2021-12-26
ID08061;ORIG000;DEST084;538.64;2024-03-09
ID08062;ORIG088;DEST483;715.30;2022-02-15
ID08063;ORIG006;DEST572;557.21;2021-07-08
ID08064;ORIG019;DEST513;78.11;2024-03-22
ID08065;ORIG017;DEST192;908.20;2023-05-17
ID04145;ORIG003;DEST894;937.61;2021-07-23
ID08067;ORIG008;DEST265;633.80;2024-09-20
ID08068;ORIG015;DEST772;862.92;2023-05-07
ID08069;ORIG004;DEST445;391.19;2021-06-11
ID08070;ORIG006;DEST099;560.88;2021-09-15
ID08071;ORIG016;DEST840;886.49;2022-08-07
ID08072;ORIG016;DEST129;966.82;2021-05-16
ID08073;ORIG015;DEST685;985.82;2024-04-18
ID08074;ORIG005;DEST918;256.60;2023-07-19
ID08075;ORIG007;DEST772;401.63;2021-12-09
ID08076;ORIG000;DEST226;248.11;2021-02-27
ID08077;ORIG034;DEST933;654.81;2022-01-21
ID08078;ORIG037;DEST110;674.31;2020-08-17
ID08079;ORIG013;DEST544;298.62;2022-12-05
ID08080;ORIG009;DEST386;71.23;2024-12-24
ID08081;ORIG013;DEST139;955.99;2024-03-09
ID08082;ORIG005;DEST742;532.40;2024-01-14
ID08083;ORIG017;DEST485;193.56;2020-04-07
ID08084;ORIG006;DEST808;391.97;2023-07-09
ID08085;ORIG025;DEST598;847.66;2020-05-05
ID08086;ORIG013;DEST429;368.43;2020-11-24
ID06413;ORIG018;DEST045;660.27;2020-01-21
ID08088;ORIG007;DEST902;105.00;2021-03-08
ID08089;ORIG070;DEST210;224.80;2024-06-13
ID02451;ORIG013;DEST487;485.23;2024-11-12
ID08091;ORIG004;DEST136;341.52;2022-08-18
ID08092;ORIG016;DEST461;965.21;2022-06-12
ID08093;ORIG002;DEST065;717.06;2023-03-19
ID08094;ORIG014;DEST369;848.02;2023-08-14
ID08095;ORIG016;DEST855;361.90;2024-08-18
ID08096;ORIG010;DEST567;892.46;2020-06-17
ID08097;ORIG011;DEST892;993.55;2022-06-10
ID08098;ORIG008;DEST435;412.53;2021-01-13
ID08099;ORIG013;DEST139;927.74;2023-10-08
ID08100;ORIG000;DEST102;739.69;2023-09-17
ID01810;ORIG043;DEST141;924.27;2020-10-21
ID08102;ORIG056;DEST260;710.08;2021-09-18
ID08103;ORIG015;DEST129;12.24;2022-12-13
ID00692;ORIG009;DEST444;530.18;2023-02-07
ID01214;ORIG004;DEST568;414.62;2024-10-15
ID08106;ORIG005;DEST049;608.17;2022-01-02
ID08107;ORIG079;DEST246;65.25;2024-11-25
ID08108;ORIG004;DEST465;321.33;2024-04-23
ID08109;ORIG007;DEST786;752.67;2020-07-17
ID08110;ORIG009;DEST085;555.92;2020-06-28
ID04877;ORIG034;DEST405;63.16;2021-07-15
ID01751;ORIG001;DEST044;844.88;2020-01-09
ID08113;ORIG019;DEST340;545.16;2021-01-16
ID06945;ORIG017;DEST632;512.46;2020-01-22
ID08115;ORIG003;DEST036;23.11;2022-06-27
ID08116;ORIG014;DEST135;946.17;2022-01-28
ID08117;ORIG010;DEST498;725.30;2024-07-20
ID08118;ORIG029;DEST126;444.14;2024-08-23
ID08119;ORIG008;DEST936;641.66;2024-09-19
ID08120;ORIG005;DEST054;609.36;2024-05-01
ID08121;ORIG044;DEST440;315.15;2020-08-18
ID08122;ORIG007;DEST846;540.06;2022-10-08
ID08123;ORIG001;DEST508;14.31;2024-08-03
ID04794;ORIG006;DEST249;664.43;2020-06-07
ID06400;ORIG069;DEST008;378.69;2021-11-14
ID08126;ORIG008;DEST052;229.10;2022-07-23
ID08127;ORIG011;DEST633;549.96;2021-12-02
ID08128;ORIG006;DEST133;811.45;2023-12-07
ID08129;ORIG082;DEST027;810.01;2020-08-16
ID08130;ORIG015;DEST170;103.00;2022-12-02
ID08131;ORIG014;DEST170;709.45;2022-05-12
ID08132;ORIG012;DEST469;755.63;2022-01-21
ID08133;ORIG017;DEST810;953.19;2022-11-02
ID08134;ORIG000;DEST292;580.76;2022-05-12
ID08135;ORIG016;DEST649;353.96;2024-05-22
ID08136;ORIG010;DEST284;602.09;2024-09-19
ID08137;ORIG010;DEST126;354.48;2024-07-04
ID08138;ORIG019;DEST346;173.86;2021-05-16
ID08139;ORIG019;DEST507;263.55;2023-05-11
ID08140;ORIG010;DEST989;762.36;2022-01-24
ID08141;ORIG018;DEST508;321.44;2024-10-09
ID08142;ORIG005;DEST854;242.87;2024-10-28
ID08143;ORIG018;DEST769;304.07;2023-12-08
ID08144;ORIG010;DEST996;180.93;2021-04-02
ID08145;ORIG017;DEST075;607.43;2020-12-21
ID08146;ORIG001;DEST735;119.70;2024-09-14
ID08147;ORIG099;DEST956;292.93;2020-10-08
ID08148;ORIG018;DEST473;326.31;2021-11-24
ID08149;ORIG004;DEST907;485.59;2021-02-13
ID06581;ORIG019;DEST746;702.63;2024-04-18
ID08151;ORIG048;DEST923;132.45;2023-05-11
ID08152;ORIG007;DEST540;808.06;2020-10-26
ID08153;ORIG014;DEST559;979.17;2020-04-09
ID04375;ORIG058;DEST012;564.67;2020-07-09
ID08155;ORIG015;DEST316;99.99;2024-10-26
ID08156;ORIG014;DEST346;110.24;2021-10-28
ID08157;ORIG000;DEST781;844.71;2020-08-16
ID08158;ORIG007;DEST605;19.19;2023-04-03
ID08159;ORIG014;DEST684;181.57;2023-12-11
ID08160;ORIG006;DEST293;361.55;2024-11-24
ID08161;ORIG060;DEST543;68.31;2021-08-04
ID08162;ORIG017;DEST271;566.18;2023-09-03
ID08163;ORIG002;DEST716;313.06;2024-10-04
ID08164;ORIG071;DEST484;508.67;2023-07-18
ID08165;ORIG000;DEST409;874.73;2024-05-26
ID08166;ORIG005;DEST258;638.64;2022-12-25
ID08167;ORIG056;DEST514;435.62;2023-11-21
ID08168;ORIG017;DEST482;343.95;2023-03-16
ID05135;ORIG000;DEST463;344.07;2022-10-22
ID08170;ORIG007;DEST795;385.38;2020-11-26
ID08171;ORIG055;DEST984;791.87;2024-10-28
ID08172;ORIG005;DEST817;676.29;2024-01-09
ID08173;ORIG008;DEST264;851.40;2022-12-22
ID04182;ORIG003;DEST128;281.97;2022-06-01
ID08175;ORIG007;DEST300;855.66;2023-04-25
ID08176;ORIG014;DEST379;660.94;2020-03-22
ID08177;ORIG006;DEST920;301.83;2020-12-19
ID08178;ORIG018;DEST657;492.38;2022-11-15
ID08179;ORIG013;DEST771;939.01;2023-10-28
ID08180;ORIG027;DEST410;715.08;2022-05-04
ID00323;ORIG009;DEST391;189.02;2023-09-15
ID08182;ORIG017;DEST539;747.99;2023-11-03
ID08183;ORIG011;DEST347;614.17;2023-09-07
ID08184;ORIG017;DEST604;10.86;2020-09-02
ID08185;ORIG012;DEST209;621.96;2023-07-07
ID08186;ORIG004;DEST804;619.15;2020-04-17
ID08187;ORIG006;DEST916;771.02;2022-09-03
ID08188;ORIG000;DEST987;213.68;2023-02-28
ID08189;ORIG012;DEST752;688.61;2024-08-19
ID08190;ORIG012;DEST161;942.02;2023-04-12
ID08191;ORIG016;DEST005;621.06;2021-09-10
ID08192;ORIG010;DEST285;123.86;2024-04-09
ID08193;ORIG086;DEST009;167.51;2022-07-03
ID08194;ORIG001;DEST743;44.41;2023-07-27
ID08195;ORIG052;DEST887;194.61;2024-01-23
ID08196;ORIG012;DEST010;115.09;2022-02-13
ID08197;ORIG008;DEST762;327.39;2024-11-01
ID08198;ORIG016;DEST582;736.83;2023-08-24
ID08199;ORIG016;DEST002;793.24;2024-04-12
ID08200;ORIG003;DEST106;272.93;2022-10-15
ID07660;ORIG019;DEST441;752.55;2022-09-12
ID08202;ORIG007;DEST105;65.32;2020-10-10
ID08203;ORIG004;DEST226;54.18;2022-03-02
ID00643;ORIG078;DEST300;223.26;2023-11-20
ID08205;ORIG015;DEST978;807.21;2023-12-28
ID04669;ORIG005;DEST730;593.00;2024-04-16
ID08207;ORIG040;DEST731;85.15;2022-08-21
ID08208;ORIG013;DEST549;689.87;2024-03-21
ID02073;ORIG009;DEST688;249.53;2024-04-20
ID08210;ORIG010;DEST258;832.13;2024-07-15
ID08211;ORIG007;DEST447;459.95;2021-12-21
ID08212;ORIG004;DEST148;62.76;2021-12-05
ID07051;ORIG016;DEST211;127.04;2023-05-19
ID08214;ORIG017;DEST884;652.93;2022-10-06
ID08215;ORIG010;DEST420;651.80;2024-04-26
ID03098;ORIG015;DEST637;134.75;2024-01-10
ID08217;ORIG002;DEST111;141.55;2024-11-17
ID08218;ORIG015;DEST292;163.36;2021-08-06
ID08219;ORIG023;DEST625;373.55;2022-03-11
ID08220;ORIG016;DEST804;509.29;2022-09-19
ID08221;ORIG070;DEST233;280.83;2023-05-14
ID08222;ORIG000;DEST531;376.16;2021-05-03
ID08223;ORIG006;DEST761;938.23;2020-11-03
ID08224;ORIG087;DEST604;304.70;2024-04-09
ID08225;ORIG003;DEST570;67.97;2020-02-17
ID08226;ORIG072;DEST854;901.24;2023-10-18
ID08227;ORIG013;DEST179;701.29;2024-02-25
ID08228;ORIG018;DEST721;323.78;2023-07-20
ID08229;ORIG010;DEST131;272.28;2024-10-08
ID08230;ORIG073;DEST629;112.75;2020-02-15
ID01578;ORIG011;DEST209;873.20;2021-09-06
ID08232;ORIG001;DEST840;536.21;2021-05-13
ID08233;ORIG010;DEST925;583.74;2024-04-04
ID08234;ORIG001;DEST741;826.40;2020-10-20
ID08235;ORIG005;DEST187;601.08;2024-06-28
ID08236;ORIG000;DEST168;740.37;2023-08-27
ID08237;ORIG001;DEST745;637.34;2023-08-09
ID08238;ORIG009;DEST036;148.55;2023-01-14
ID00124;ORIG008;DEST977;238.72;2020-05-09
ID08240;ORIG012;DEST538;322.89;2021-03-02
ID08241;ORIG008;DEST535;271.09;2021-09-14
ID08242;ORIG017;DEST906;88.17;2024-12-06
ID08243;ORIG008;DEST458;230.96;2021-07-10
ID08244;ORIG012;DEST985;310.88;2024-05-22
ID08245;ORIG004;DEST970;601.48;2021-01-24
ID08246;ORIG041;DEST346;460.05;2020-02-22
ID08247;ORIG014;DEST475;450.48;2020-12-20
ID08248;ORIG011;DEST659;664.84;2021-04-14
ID08249;ORIG018;DEST121;868.50;2021-06-08
ID08250;ORIG017;DEST632;47.06;2021-03-17
ID08251;ORIG014;DEST915;442.88;2020-07-23
ID08252;ORIG003;DEST873;773.15;2023-12-14
ID08253;ORIG099;DEST680;610.49;2022-11-17
ID08254;ORIG012;DEST744;714.26;2023-01-21
ID08255;ORIG007;DEST976;201.48;2020-08-24
ID08256;ORIG015;DEST417;712.30;2020-10-06
ID08257;ORIG017;DEST145;925.78;2022-12-18
ID03229;ORIG061;DEST181;29.23;2024-10-11
ID08259;ORIG084;DEST704;664.56;2022-02-13
ID08260;ORIG093;DEST618;392.16;2022-12-04
ID01520;ORIG016;DEST621;602.12;2023-06-14
ID08262;ORIG016;DEST067;273.93;2020-05-08
ID08263;ORIG018;DEST279;871.26;2024-12-19
ID04017;ORIG002;DEST181;137.42;2020-09-07
ID08265;ORIG001;DEST612;110.86;2022-02-27
ID08266;ORIG003;DEST487;348.30;2023-04-09
ID08267;ORIG008;DEST521;315.16;2020-11-20
ID08268;ORIG004;DEST670;574.51;2024-12-05
ID08269;ORIG006;DEST340;684.08;2022-12-03
ID08270;ORIG068;DEST853;505.54;2021-07-09
ID08271;ORIG073;DEST284;700.04;2021-02-28
ID03497;ORIG007;DEST243;577.75;2023-12-03
ID08273;ORIG017;DEST502;636.29;2020-10-20
ID08274;ORIG071;DEST534;485.47;2024-06-14
ID08275;ORIG009;DEST884;718.47;2024-03-20
ID08276;ORIG009;DEST230;185.36;2021-06-27
ID08277;ORIG007;DEST813;725.33;2022-07-15
ID08278;ORIG002;DEST183;297.96;2022-10-14
ID08279;ORIG032;DEST544;25.55;2021-04-21
ID08280;ORIG029;DEST662;785.73;2024-11-24
ID05569;ORIG003;DEST680;847.80;2021-05-27
ID08282;ORIG003;DEST126;981.42;2022-12-05
ID08283;ORIG005;DEST488;114.31;2020-03-09
ID08284;ORIG016;DEST087;234.70;2022-05-08
ID08161;ORIG064;DEST515;171.37;2024-08-16
ID06686;ORIG015;DEST913;712.55;2024-12-04
ID08287;ORIG013;DEST521;107.45;2023-01-18
ID08288;ORIG003;DEST334;216.36;2022-10-06
ID08289;ORIG010;DEST892;168.11;2023-10-18
ID08290;ORIG007;DEST774;345.96;2023-01-04
ID08291;ORIG000;DEST031;453.43;2021-12-16
ID08292;ORIG000;DEST665;376.34;2020-06-23
ID08293;ORIG009;DEST109;407.36;2023-01-14
ID08294;ORIG011;DEST867;913.66;2023-12-15
ID08295;ORIG059;DEST424;953.71;2021-10-02
ID08296;ORIG012;DEST235;945.70;2021-09-14
ID08297;ORIG008;DEST575;115.33;2024-11-16
ID08298;ORIG016;DEST347;553.12;2020-07-13
ID08299;ORIG008;DEST557;744.63;2020-10-23
ID08300;ORIG004;DEST785;887.84;2020-03-01
ID08301;ORIG013;DEST985;148.53;2021-03-09
ID08302;ORIG017;DEST002;322.34;2020-07-17
ID08303;ORIG000;DEST650;725.68;2024-11-12
ID08304;ORIG001;DEST939;887.94;2022-11-05
ID08305;ORIG019;DEST432;145.42;2024-09-13
ID08306;ORIG093;DEST850;190.21;2022-02-11
ID08307;ORIG013;DEST983;951.24;2023-04-27
ID08308;ORIG013;DEST327;175.29;2023-11-02
ID08309;ORIG011;DEST672;790.79;2020-08-04
ID08310;ORIG008;DEST646;527.28;2020-04-19
ID08311;ORIG004;DEST892;985.07;2024-08-26
ID00653;ORIG091;DEST767;346.76;2022-02-19
ID08313;ORIG002;DEST334;497.19;2020-11-28
ID08314;ORIG017;DEST935;44.91;2023-02-17
ID08315;ORIG019;DEST286;438.75;2020-11-11
ID08316;ORIG011;DEST480;472.21;2023-07-11
ID08317;ORIG017;DEST519;349.64;2022-02-21
ID08318;ORIG090;DEST424;909.97;2024-10-18
ID08319;ORIG088;DEST389;52.14;2024-10-11
ID08320;ORIG018;DEST475;234.47;2021-09-11
ID08321;ORIG000;DEST658;268.89;2024-02-17
ID08322;ORIG014;DEST946;381.93;2023-05-03
ID08323;ORIG000;DEST646;115.41;2024-06-09
ID08324;ORIG019;DEST831;357.37;2023-12-04
ID08325;ORIG081;DEST886;76.19;2022-07-07
ID08326;ORIG008;DEST649;193.39;2022-12-03
ID08327;ORIG002;DEST775;578.74;2022-06-09
ID00266;ORIG045;DEST459;395.89;2023-10-22
ID08329;ORIG013;DEST000;24.87;2020-10-17
ID08330;ORIG010;DEST125;186.54;2024-12-04
ID08331;ORIG004;DEST566;693.62;2024-01-08
ID06051;ORIG002;DEST312;351.37;2024-01-06
ID08333;ORIG002;DEST865;390.17;2024-03-21
ID08334;ORIG097;DEST994;371.06;2020-09-11
ID08335;ORIG017;DEST670;304.89;2020-10-13
ID08336;ORIG015;DEST021;345.24;2023-05-11
ID00000;ORIG016;DEST945;404.27;2020-09-02
ID08338;ORIG053;DEST053;127.48;2020-10-15
ID08339;ORIG008;DEST760;602.34;2023-12-17
ID08340;ORIG003;DEST635;777.17;2021-06-01
ID08341;ORIG017;DEST503;949.55;2020-05-23
ID08342;ORIG005;DEST869;446.24;2024-04-14
ID08343;ORIG001;DEST824;831.16;2022-02-24
ID08344;ORIG011;DEST148;986.78;2021-09-12
ID08345;ORIG011;DEST812;266.73;2021-03-01
ID06645;ORIG003;DEST720;33.76;2020-05-25
ID08347;ORIG087;DEST282;694.46;2022-04-10
ID08348;ORIG039;DEST864;157.61;2022-08-25
ID08349;ORIG041;DEST630;487.83;2022-06-23
ID08350;ORIG015;DEST921;703.33;2023-01-03
ID08351;ORIG003;DEST853;32.30;2022-02-21
ID08352;ORIG001;DEST562;221.85;2021-10-01
ID08353;ORIG010;DEST011;333.07;2021-04-10
ID08354;ORIG018;DEST954;323.21;2024-03-15
ID08355;ORIG003;DEST588;596.02;2022-09-05
ID08356;ORIG007;DEST970;282.05;2021-09-13
ID08357;ORIG003;DEST943;94.68;2022-09-15
ID08358;ORIG002;DEST230;498.82;2022-11-20
ID08359;ORIG001;DEST163;984.84;2023-01-04
ID08360;ORIG016;DEST337;872.54;2023-02-19
ID08361;ORIG014;DEST905;977.73;2020-08-11
ID08362;ORIG004;DEST138;890.03;2024-06-17
ID08363;ORIG002;DEST878;638.63;2024-04-17
ID00453;ORIG003;DEST335;713.55;2021-09-27
ID08365;ORIG005;DEST095;955.85;2024-09-07
ID08366;ORIG027;DEST825;643.67;2021-05-09
ID08367;ORIG017;DEST491;168.69;2020-02-10
ID04120;ORIG001;DEST353;646.45;2020-07-12
ID08369;ORIG010;DEST403;847.82;2023-05-15
ID08370;ORIG026;DEST105;626.79;2024-03-22
ID08371;ORIG018;DEST538;519.39;2023-12-06
ID08372;ORIG014;DEST499;152.97;2020-05-22
ID08373;ORIG003;DEST321;520.91;2020-12-15
ID08374;ORIG015;DEST543;261.59;2021-12-04
ID08375;ORIG010;DEST412;523.24;2022-01-09
ID08376;ORIG012;DEST924;590.28;2020-02-17
ID08158;ORIG070;DEST392;659.08;2020-11-17
ID08378;ORIG000;DEST103;238.81;2021-08-10
ID08379;ORIG013;DEST632;217.84;2024-10-08
ID08380;ORIG008;DEST019;523.38;2021-01-12
ID08381;ORIG018;DEST725;623.85;2022-04-07
ID08382;ORIG016;DEST846;678.65;2024-01-25
ID08383;ORIG003;DEST308;666.88;2021-08-16
ID08384;ORIG012;DEST494;716.33;2022-05-23
ID08385;ORIG059;DEST096;468.48;2022-10-23
ID08386;ORIG015;DEST496;715.83;2024-09-23
ID08387;ORIG018;DEST487;128.39;2021-11-04
ID08388;ORIG007;DEST436;885.05;2022-03-27
ID08353;ORIG004;DEST763;129.50;2022-11-15
ID08390;ORIG005;DEST854;808.15;2024-09-10
ID08391;ORIG013;DEST833;74.70;2020-03-25
ID06907;ORIG011;DEST553;967.16;2023-05-15
ID08393;ORIG019;DEST465;523.60;2020-11-05
ID08394;ORIG088;DEST276;691.60;2022-08-07
ID08395;ORIG004;DEST955;938.90;2022-08-24
ID08396;ORIG052;DEST505;655.58;2023-08-07
ID08397;ORIG002;DEST673;813.01;2022-06-04
ID08398;ORIG005;DEST956;289.94;2022-09-25
ID08399;ORIG008;DEST220;511.76;2022-05-17
ID08400;ORIG015;DEST109;467.45;2024-05-13
ID08401;ORIG007;DEST386;475.29;2021-09-24
ID08402;ORIG009;DEST245;230.30;2022-03-25
ID08403;ORIG018;DEST119;206.47;2021-06-02
ID08404;ORIG003;DEST375;981.93;2023-11-19
ID07576;ORIG006;DEST667;147.56;2021-07-03
ID08406;ORIG007;DEST082;736.67;2023-04-06
ID08407;ORIG001;DEST501;343.17;2020-05-09
ID05449;ORIG037;DEST057;525.44;2020-12-11
ID08409;ORIG017;DEST736;157.61;2022-07-24
ID08410;ORIG012;DEST407;590.47;2022-01-15
ID08411;ORIG053;DEST259;929.54;2023-07-20
ID08412;ORIG063;DEST383;63.48;2021-06-10
ID08413;ORIG014;DEST546;647.96;2020-09-07
ID08414;ORIG009;DEST664;722.82;2021-03-21
ID08415;ORIG003;DEST819;466.28;2020-07-20
ID08416;ORIG003;DEST346;294.66;2024-10-05
ID08417;ORIG005;DEST319;408.00;2021-01-05
ID08418;ORIG006;DEST932;562.37;2023-12-13
ID08419;ORIG013;DEST875;530.05;2020-05-18
ID08420;ORIG018;DEST820;808.88;2024-01-06
ID08421;ORIG068;DEST922;694.46;2021-06-08
ID08422;ORIG001;DEST462;697.17;2020-12-26
ID08423;ORIG002;DEST144;634.47;2023-06-11
ID08424;ORIG005;DEST508;605.73;2023-08-09
ID08425;ORIG015;DEST798;687.71;2020-11-23
ID08426;ORIG000;DEST371;288.68;2022-01-01
ID08427;ORIG005;DEST316;475.19;2024-01-13
ID08428;ORIG011;DEST075;310.02;2023-06-15
ID08429;ORIG008;DEST895;660.95;2020-12-17
ID08430;ORIG002;DEST751;107.02;2020-06-14
ID08431;ORIG004;DEST604;44.46;2022-03-27
ID04079;ORIG016;DEST087;416.81;2022-09-25
ID07652;ORIG019;DEST916;281.18;2024-08-01
ID08434;ORIG005;DEST263;573.52;2023-10-06
ID08435;ORIG010;DEST676;919.76;2023-08-12
ID08436;ORIG004;DEST502;597.19;2022-10-04
ID08437;ORIG011;DEST667;713.92;2022-12-09
ID08438;ORIG057;DEST423;276.46;2020-12-26
ID08439;ORIG011;DEST856;351.94;2024-11-15
ID08440;ORIG017;DEST906;405.50;2020-08-14
ID08441;ORIG084;DEST317;324.97;2022-04-25
ID08442;ORIG019;DEST632;138.32;2021-09-15
ID08443;ORIG010;DEST966;153.32;2021-10-07
ID08444;ORIG016;DEST618;864.48;2023-03-01
ID08445;ORIG058;DEST759;755.83;2024-03-28
ID08446;ORIG014;DEST328;911.88;2023-11-25
ID08447;ORIG018;DEST184;591.45;2023-06-02
ID08448;ORIG067;DEST443;320.65;2021-05-05
ID08449;ORIG012;DEST525;955.96;2021-01-18
ID08450;ORIG079;DEST834;577.70;2022-08-08
ID04391;ORIG010;DEST902;319.85;2024-06-20
ID08452;ORIG015;DEST977;889.54;2024-05-21
ID08453;ORIG003;DEST169;313.66;2021-03-24
ID08454;ORIG005;DEST058;998.60;2020-08-25
ID08455;ORIG013;DEST615;126.22;2024-02-23
ID08456;ORIG015;DEST953;936.89;2024-02-24
ID08457;ORIG009;DEST200;110.97;2020-01-03
ID08458;ORIG015;DEST215;869.81;2024-01-11
ID04388;ORIG008;DEST158;664.96;2023-04-07
ID08460;ORIG013;DEST354;784.31;2024-09-22
ID08461;ORIG006;DEST044;865.94;2023-11-22
ID01638;ORIG044;DEST656;312.34;2020-10-23
ID08463;ORIG007;DEST060;133.24;2021-04-17
ID08464;ORIG001;DEST014;95.88;2021-10-16
ID08465;ORIG010;DEST305;442.53;2021-07-26
ID08466;ORIG013;DEST297;934.36;2022-08-27
ID08467;ORIG018;DEST246;336.92;2024-06-25
ID08468;ORIG005;DEST704;34.30;2022-04-19
ID08469;ORIG001;DEST820;947.19;2022-01-06
ID06723;ORIG000;DEST740;665.50;2020-07-23
ID08471;ORIG062;DEST712;707.68;2022-09-09
ID08472;ORIG015;DEST266;326.22;2022-12-17
ID00815;ORIG006;DEST884;359.71;2020-05-03
ID08474;ORIG007;DEST022;87.90;2024-10-03
ID08475;ORIG018;DEST525;69.82;2024-07-08
ID08476;ORIG005;DEST525;375.48;2024-04-17
ID08477;ORIG063;DEST527;516.71;2023-05-02
ID08478;ORIG004;DEST190;947.74;2020-10-10
ID08479;ORIG010;DEST144;705.03;2024-09-13
ID08480;ORIG012;DEST255;638.96;2022-02-01
ID08481;ORIG001;DEST927;511.68;2020-09-09
ID08482;ORIG017;DEST111;575.87;2023-02-27
ID08483;ORIG014;DEST851;613.65;2021-04-17
ID08484;ORIG005;DEST300;701.91;2020-12-18
ID08485;ORIG012;DEST608;826.09;2024-03-16
ID08486;ORIG041;DEST410;169.92;2020-07-14
ID08487;ORIG007;DEST259;412.50;2024-11-18
ID08453;ORIG055;DEST843;259.52;2020-03-04
ID08489;ORIG006;DEST582;159.46;2024-05-09
ID08490;ORIG018;DEST292;944.06;2020-11-24
ID08491;ORIG014;DEST354;671.28;2024-03-07
ID08492;ORIG017;DEST170;533.44;2024-09-05
ID08493;ORIG005;DEST291;271.32;2023-07-26
ID08494;ORIG004;DEST578;437.35;2023-04-04
ID08495;ORIG025;DEST212;194.80;2024-03-01
ID08496;ORIG009;DEST250;78.53;2023-05-20
ID08497;ORIG098;DEST482;580.82;2023-06-28
ID07401;ORIG002;DEST244;951.75;2022-12-11
ID08499;ORIG059;DEST027;501.27;2023-03-06
ID08500;ORIG005;DEST285;283.36;2021-01-22
ID08501;ORIG010;DEST651;314.10;2023-08-15
ID08502;ORIG081;DEST286;596.97;2023-06-11
ID08503;ORIG015;DEST449;416.26;2023-03-20
ID08504;ORIG011;DEST301;162.47;2020-12-16
ID08505;ORIG035;DEST029;199.78;2024-09-27
ID08506;ORIG012;DEST749;599.28;2023-10-17
ID08507;ORIG060;DEST731;707.59;2023-12-27
ID08508;ORIG081;DEST920;145.98;2024-07-20
ID08509;ORIG000;DEST798;380.88;2024-05-18
ID08510;ORIG013;DEST369;411.20;2020-07-11
ID08511;ORIG009;DEST481;646.58;2023-03-18
ID08512;ORIG080;DEST455;170.22;2021-01-05
ID00125;ORIG003;DEST812;16.25;2023-10-10
ID08514;ORIG005;DEST417;138.14;2022-11-20
ID08515;ORIG002;DEST339;320.75;2020-10-16
ID00804;ORIG018;DEST483;549.41;2024-11-15
ID08517;ORIG014;DEST548;379.90;2021-10-28
ID08518;ORIG019;DEST218;278.34;2023-02-11
ID08519;ORIG005;DEST289;274.36;2023-04-21
ID08520;ORIG009;DEST363;863.45;2020-06-03
ID08521;ORIG016;DEST615;929.04;2022-10-14
ID08522;ORIG011;DEST690;612.97;2024-05-22
ID08523;ORIG006;DEST292;211.31;2023-12-05
ID08524;ORIG013;DEST605;816.33;2023-10-04
ID08525;ORIG089;DEST845;776.50;2021-01-13
ID08526;ORIG047;DEST465;316.85;2021-08-23
ID05690;ORIG010;DEST751;139.94;2022-05-10
ID08528;ORIG011;DEST051;484.21;2022-04-10
ID08529;ORIG012;DEST119;285.17;2024-12-20
ID06500;ORIG014;DEST018;88.55;2023-12-13
ID08531;ORIG018;DEST230;922.82;2024-08-14
ID08532;ORIG001;DEST518;334.12;2024-02-27
ID08533;ORIG004;DEST759;787.78;2024-06-04
ID08534;ORIG001;DEST779;690.45;2022-07-25
ID08535;ORIG019;DEST338;62.77;2020-03-12
ID08536;ORIG000;DEST785;808.57;2020-12-19
ID08537;ORIG017;DEST303;88.91;2022-09-07
ID08538;ORIG003;DEST375;616.59;2023-10-20
ID08539;ORIG018;DEST268;853.16;2020-06-01
ID07392;ORIG014;DEST961;860.91;2023-07-10
ID04018;ORIG002;DEST588;47.64;2021-11-19
ID08542;ORIG010;DEST354;367.91;2023-12-25
ID08543;ORIG006;DEST644;538.08;2023-03-13
ID08544;ORIG018;DEST055;197.13;2021-06-28
ID01057;ORIG004;DEST680;859.19;2021-04-02
ID08546;ORIG012;DEST961;233.25;2022-04-05
ID08547;ORIG019;DEST145;123.02;2023-03-09
ID08548;ORIG007;DEST123;730.51;2022-05-01
ID08549;ORIG006;DEST269;605.05;2022-12-15
ID08550;ORIG039;DEST108;498.23;2022-05-14
ID08551;ORIG019;DEST102;112.29;2021-10-01
ID08552;ORIG014;DEST146;91.53;2023-09-11
ID08553;ORIG007;DEST624;24.54;2022-03-07
ID08554;ORIG014;DEST699;662.66;2021-01-26
ID08555;ORIG018;DEST948;919.95;2021-05-23
ID08556;ORIG085;DEST444;513.12;2022-10-22
ID08557;ORIG019;DEST306;645.15;2021-06-11
ID08558;ORIG086;DEST765;902.81;2023-07-18
ID08559;ORIG019;DEST327;959.56;2022-03-26
ID08560;ORIG000;DEST046;67.80;2022-01-11
ID08561;ORIG030;DEST205;820.50;2024-07-10
ID08562;ORIG001;DEST037;636.94;2024-06-20
ID08563;ORIG008;DEST564;818.14;2024-02-10
ID03641;ORIG021;DEST205;732.51;2021-12-26
ID08565;ORIG007;DEST845;95.35;2022-08-09
ID08566;ORIG008;DEST218;114.45;2021-07-13
ID08567;ORIG017;DEST583;452.35;2022-01-05
ID08568;ORIG016;DEST381;115.08;2020-11-02
ID08569;ORIG016;DEST663;219.59;2020-07-26
ID08570;ORIG017;DEST171;14.81;2022-11-26
ID08571;ORIG003;DEST619;743.40;2023-05-25
ID08572;ORIG003;DEST947;167.77;2023-03-01
ID08573;ORIG011;DEST303;932.07;2024-06-07
ID08574;ORIG003;DEST739;615.38;2024-06-06
ID08575;ORIG068;DEST425;461.43;2021-05-03
ID08576;ORIG080;DEST416;189.77;2020-06-11
ID08577;ORIG014;DEST323;142.61;2023-05-09
ID08578;ORIG011;DEST031;427.39;2023-06-18
ID08579;ORIG006;DEST202;492.08;2021-04-09
ID08580;ORIG010;DEST201;384.95;2022-02-08
ID08581;ORIG015;DEST543;681.77;2023-03-13
ID02665;ORIG001;DEST476;979.93;2020-09-24
ID06787;ORIG052;DEST551;946.09;2020-11-14
ID08584;ORIG035;DEST517;107.68;2023-07-14
ID08585;ORIG010;DEST759;608.26;2023-03-06
ID08586;ORIG007;DEST279;421.54;2023-02-02
ID08587;ORIG015;DEST657;852.76;2022-03-09
ID07297;ORIG005;DEST594;793.19;2023-01-16
ID08589;ORIG000;DEST361;672.87;2020-12-01
ID08590;ORIG011;DEST202;75.34;2021-02-05
ID02678;ORIG082;DEST430;448.33;2024-03-22
ID01768;ORIG016;DEST233;154.56;2021-10-15
ID08593;ORIG007;DEST396;836.73;2020-12-10
ID08594;ORIG000;DEST300;558.94;2023-11-14
ID08595;ORIG002;DEST099;679.01;2021-12-27
ID08596;ORIG009;DEST421;794.73;2022-06-27
ID08597;ORIG008;DEST377;378.74;2021-06-05
ID08598;ORIG010;DEST557;149.76;2020-09-28
ID08599;ORIG000;DEST931;613.70;2024-10-25
ID08600;ORIG012;DEST005;655.78;2020-06-03
ID08601;ORIG003;DEST676;319.05;2024-04-21
ID08602;ORIG018;DEST747;663.82;2021-04-11
ID08603;ORIG081;DEST301;204.63;2023-06-04
ID08604;ORIG009;DEST169;382.34;2024-09-26
ID08605;ORIG019;DEST977;851.48;2024-03-10
ID08606;ORIG014;DEST810;738.11;2022-03-07
ID08607;ORIG014;DEST159;833.11;2020-01-04
ID02168;ORIG048;DEST874;522.90;2020-02-26
ID08609;ORIG013;DEST778;882.21;2021-05-17
ID00640;ORIG000;DEST256;635.61;2020-09-27
ID08611;ORIG009;DEST641;375.41;2020-09-20
ID08612;ORIG014;DEST504;889.24;2022-07-05
ID08613;ORIG019;DEST713;819.89;2024-08-03
ID08614;ORIG005;DEST877;132.47;2020-06-26
ID08615;ORIG007;DEST480;605.65;2022-07-26
ID08616;ORIG000;DEST264;473.80;2020-12-15
ID08617;ORIG009;DEST569;341.79;2022-10-23
ID08618;ORIG032;DEST146;266.57;2020-03-03
ID08619;ORIG079;DEST827;157.59;2020-06-20
ID03477;ORIG010;DEST822;481.39;2024-12-20
ID08621;ORIG004;DEST178;760.71;2021-04-28
ID08622;ORIG008;DEST671;869.07;2021-07-13
ID08623;ORIG018;DEST025;155.27;2024-10-21
ID08624;ORIG006;DEST087;352.78;2020-09-27
ID08625;ORIG094;DEST046;318.04;2022-07-19
ID08626;ORIG005;DEST002;861.66;2022-03-28
ID08627;ORIG017;DEST449;14.77;2023-04-10
ID08628;ORIG080;DEST013;377.29;2022-04-19
ID08629;ORIG002;DEST015;541.36;2024-06-02
ID08630;ORIG019;DEST900;611.57;2020-01-01
ID08631;ORIG019;DEST266;761.14;2022-11-20
ID08632;ORIG004;DEST749;214.51;2021-08-25
ID08633;ORIG012;DEST727;313.75;2021-10-27
ID08634;ORIG017;DEST866;625.02;2024-07-09
ID08635;ORIG012;DEST428;756.90;2022-06-17
ID08636;ORIG011;DEST200;670.50;2021-05-05
ID08637;ORIG050;DEST548;654.01;2022-05-14
ID08638;ORIG007;DEST825;387.41;2020-11-24
ID08639;ORIG013;DEST744;913.31;2021-06-04
ID08640;ORIG017;DEST655;532.73;2020-02-07
ID08641;ORIG010;DEST234;120.13;2021-02-01
ID08642;ORIG011;DEST823;776.88;2024-07-01
ID08643;ORIG001;DEST492;81.43;2022-08-21
ID08644;ORIG018;DEST477;762.97;2023-04-18
ID08645;ORIG007;DEST977;937.09;2023-07-27
ID06584;ORIG010;DEST395;988.35;2022-07-17
ID08647;ORIG007;DEST521;494.53;2023-11-22
ID08648;ORIG064;DEST905;231.41;2020-06-09
ID08649;ORIG005;DEST215;719.41;2024-02-03
ID06686;ORIG087;DEST728;407.19;2023-07-16
ID08651;ORIG017;DEST979;502.52;2022-11-27
ID08652;ORIG001;DEST404;660.74;2023-05-02
ID08653;ORIG001;DEST890;116.05;2023-04-23
ID08654;ORIG079;DEST467;747.45;2020-09-11
ID08655;ORIG010;DEST897;695.14;2021-10-02
ID08656;ORIG007;DEST433;610.22;2024-09-10
ID08657;ORIG012;DEST582;488.22;2024-05-22
ID08576;ORIG011;DEST874;307.84;2022-01-21
ID08659;ORIG019;DEST824;598.64;2022-04-24
ID08660;ORIG017;DEST077;683.64;2023-11-04
ID08661;ORIG058;DEST081;214.98;2024-02-12
ID08662;ORIG006;DEST302;259.13;2020-09-02
ID08663;ORIG016;DEST343;457.33;2021-10-18
ID08664;ORIG013;DEST043;603.13;2022-01-26
ID08665;ORIG008;DEST810;548.83;2022-12-19
ID08666;ORIG090;DEST032;894.23;2021-08-12
ID08667;ORIG061;DEST120;806.07;2020-02-07
ID08668;ORIG009;DEST238;163.76;2023-07-05
ID08669;ORIG030;DEST466;56.88;2020-12-27
ID08670;ORIG018;DEST138;154.01;2022-11-04
ID08671;ORIG043;DEST229;177.47;2020-10-24
ID08672;ORIG014;DEST191;533.80;2023-07-03
ID08673;ORIG000;DEST994;437.10;2020-06-04
ID08064;ORIG094;DEST915;242.14;2023-06-24
ID08675;ORIG006;DEST074;430.31;2022-09-21
ID08676;ORIG004;DEST271;749.81;2021-10-07
ID08677;ORIG008;DEST830;33.25;2020-10-12
ID08678;ORIG009;DEST746;271.76;2021-05-07
ID08679;ORIG024;DEST781;495.98;2022-03-08
ID08680;ORIG011;DEST186;256.58;2023-03-14
ID08681;ORIG010;DEST403;54.24;2024-07-15
ID08682;ORIG065;DEST634;364.79;2022-11-25
ID08683;ORIG082;DEST305;947.88;2021-05-05
ID08684;ORIG002;DEST918;696.42;2020-03-22
ID08685;ORIG006;DEST904;92.17;2022-08-01
ID08686;ORIG010;DEST667;401.85;2020-07-11
ID08687;ORIG082;DEST613;337.64;2022-05-16
ID08688;ORIG005;DEST052;42.23;2020-03-22
ID08689;ORIG009;DEST695;471.81;2022-05-17
ID08690;ORIG013;DEST083;462.21;2023-12-10
ID08691;ORIG065;DEST522;813.66;2022-11-25
ID08692;ORIG012;DEST266;808.24;2020-05-05
ID08693;ORIG018;DEST868;416.78;2024-08-22
ID08694;ORIG004;DEST219;440.22;2024-05-23
ID08695;ORIG014;DEST208;843.12;2024-02-26
ID08696;ORIG007;DEST343;17.11;2024-08-21
ID08697;ORIG007;DEST075;769.94;2024-08-23
ID08698;ORIG009;DEST288;657.47;2020-04-03
ID08699;ORIG017;DEST063;587.24;2024-11-21
ID08700;ORIG008;DEST093;888.88;2020-05-14
ID08701;ORIG012;DEST884;124.67;2024-11-01
ID08702;ORIG006;DEST801;538.97;2022-11-28
ID08703;ORIG003;DEST049;511.91;2022-10-09
ID08704;ORIG027;DEST708;348.25;2024-04-14
ID06208;ORIG019;DEST777;421.22;2023-02-07
ID08706;ORIG017;DEST825;173.47;2020-10-06
ID08707;ORIG001;DEST700;63.50;2024-08-16
ID08708;ORIG000;DEST908;401.66;2023-03-27
ID08709;ORIG079;DEST679;246.04;2020-11-02
ID08710;ORIG005;DEST998;762.83;2023-09-09
ID08493;ORIG011;DEST789;373.72;2022-09-13
ID08712;ORIG016;DEST066;178.29;2020-03-22
ID08713;ORIG006;DEST573;625.31;2023-05-17
ID08714;ORIG011;DEST360;769.24;2023-03-10
ID08715;ORIG018;DEST864;499.54;2021-06-03
ID00891;ORIG011;DEST366;164.71;2023-08-21
ID01009;ORIG037;DEST685;754.17;2020-02-22
ID08718;ORIG021;DEST547;95.00;2024-03-23
ID08719;ORIG001;DEST078;115.18;2023-06-14
ID08720;ORIG009;DEST892;639.95;2021-11-13
ID08721;ORIG002;DEST906;270.02;2022-04-25
ID08722;ORIG015;DEST127;738.62;2024-09-21
ID08723;ORIG004;DEST209;408.67;2024-05-12
ID08724;ORIG011;DEST851;193.22;2021-04-20
ID08725;ORIG019;DEST351;682.82;2023-12-23
ID08726;ORIG002;DEST360;310.23;2022-07-08
ID08727;ORIG011;DEST906;561.76;2021-03-05
ID08728;ORIG067;DEST754;610.22;2020-04-06
ID08623;ORIG009;DEST052;767.25;2021-03-23
ID08730;ORIG014;DEST264;553.11;2021-12-22
ID08731;ORIG010;DEST199;866.60;2021-12-12
ID08732;ORIG092;DEST682;687.76;2023-12-28
ID08733;ORIG013;DEST747;87.34;2021-04-17
ID08734;ORIG008;DEST472;559.85;2023-02-05
ID08735;ORIG008;DEST514;207.13;2023-05-22
ID08736;ORIG011;DEST570;139.19;2022-07-13
ID08737;ORIG024;DEST566;148.72;2021-04-16
ID08027;ORIG006;DEST193;432.10;2021-12-03
ID08739;ORIG003;DEST065;423.04;2023-09-19
ID08740;ORIG061;DEST200;840.10;2021-06-07
ID08741;ORIG016;DEST100;554.83;2023-08-18
ID08742;ORIG013;DEST252;29.48;2020-07-13
ID08743;ORIG002;DEST169;91.59;2020-08-09
ID00644;ORIG007;DEST721;751.59;2020-07-06
ID08745;ORIG038;DEST840;17.77;2023-03-21
ID08746;ORIG001;DEST427;671.74;2021-05-24
ID08747;ORIG012;DEST559;837.95;2020-10-06
ID08748;ORIG007;DEST167;248.08;2021-10-17
ID08749;ORIG008;DEST203;935.72;2022-11-27
ID08750;ORIG000;DEST369;508.02;2021-01-02
ID08751;ORIG013;DEST164;670.84;2020-03-11
ID08752;ORIG031;DEST995;894.63;2022-11-17
ID08753;ORIG001;DEST570;406.66;2020-10-15
ID08754;ORIG009;DEST882;552.79;2024-03-04
ID08755;ORIG005;DEST827;42.82;2022-05-04
ID08756;ORIG018;DEST613;976.91;2020-09-26
ID08757;ORIG041;DEST103;224.31;2021-06-18
ID08758;ORIG010;DEST973;112.78;2024-06-02
ID08759;ORIG004;DEST142;456.05;2022-05-18
ID08760;ORIG041;DEST699;515.25;2024-05-24
ID08761;ORIG016;DEST349;228.06;2022-03-09
ID08762;ORIG004;DEST856;505.11;2020-03-20
ID08763;ORIG075;DEST162;619.36;2021-04-21
ID08764;ORIG013;DEST325;816.51;2020-01-24
ID08765;ORIG013;DEST763;84.61;2024-10-27
ID08766;ORIG011;DEST121;904.85;2021-10-15
ID08767;ORIG089;DEST284;177.48;2022-02-04
ID08768;ORIG018;DEST743;532.66;2024-04-19
ID01229;ORIG033;DEST687;79.95;2022-08-11
ID08770;ORIG008;DEST759;599.06;2023-08-11
ID08771;ORIG010;DEST422;482.98;2022-03-23
ID08772;ORIG005;DEST262;408.01;2023-10-25
ID08773;ORIG018;DEST480;129.71;2024-11-12
ID08774;ORIG016;DEST683;392.38;2022-01-23
ID08775;ORIG015;DEST254;961.37;2023-02-12
ID08776;ORIG002;DEST129;319.40;2023-08-27
ID08777;ORIG005;DEST455;276.35;2023-07-21
ID08778;ORIG012;DEST619;952.96;2020-01-25
ID08779;ORIG013;DEST620;868.02;2021-06-25
ID00800;ORIG019;DEST467;654.82;2024-02-03
ID00267;ORIG013;DEST033;910.55;2024-08-25
ID08782;ORIG009;DEST598;35.77;2020-07-08
ID08783;ORIG006;DEST747;291.06;2022-12-13
ID08784;ORIG012;DEST008;585.24;2020-05-27
ID08785;ORIG010;DEST538;860.42;2024-08-19
ID08786;ORIG018;DEST448;998.96;2023-10-19
ID08787;ORIG011;DEST354;250.85;2024-10-18
ID06634;ORIG070;DEST894;667.85;2024-06-22
ID08789;ORIG010;DEST345;140.24;2023-08-28
ID08790;ORIG019;DEST617;98.77;2024-10-28
ID08791;ORIG015;DEST089;792.61;2022-11-16
ID08792;ORIG018;DEST673;558.23;2022-01-19
ID04790;ORIG015;DEST028;307.11;2023-08-19
ID08794;ORIG008;DEST477;250.41;2021-09-28
ID08795;ORIG008;DEST991;240.84;2020-01-12
ID08796;ORIG007;DEST444;957.72;2023-03-16
ID08797;ORIG015;DEST007;63.92;2022-07-21
ID08798;ORIG005;DEST894;824.27;2020-07-12
ID08799;ORIG007;DEST373;477.86;2024-02-04
ID08800;ORIG084;DEST570;299.98;2022-10-23
ID08801;ORIG009;DEST559;569.19;2021-04-27
ID08802;ORIG011;DEST442;360.91;2020-08-09
ID08803;ORIG008;DEST099;235.54;2024-07-26
ID08804;ORIG078;DEST733;997.65;2021-05-20
ID08805;ORIG011;DEST231;576.61;2023-09-18
ID08806;ORIG058;DEST136;204.29;2023-04-18
ID08807;ORIG004;DEST221;486.73;2023-04-01
ID08808;ORIG012;DEST933;401.45;2023-07-28
ID08809;ORIG015;DEST087;240.83;2020-05-11
ID08810;ORIG009;DEST131;622.17;2024-09-20
ID08811;ORIG003;DEST779;783.38;2021-12-20
ID00420;ORIG077;DEST772;913.70;2023-08-15
ID02117;ORIG016;DEST058;835.10;2024-10-20
ID08814;ORIG002;DEST632;370.94;2021-05-09
ID08815;ORIG014;DEST429;586.15;2022-08-24
ID08816;ORIG008;DEST697;545.43;2022-05-12
ID08817;ORIG016;DEST381;894.47;2024-08-04
ID07564;ORIG001;DEST832;447.01;2022-08-10
ID08819;ORIG020;DEST939;988.18;2022-04-21
ID08820;ORIG008;DEST940;349.55;2021-09-02
ID08821;ORIG018;DEST083;99.17;2021-12-03
ID08822;ORIG007;DEST966;656.95;2023-11-26
ID08823;ORIG014;DEST515;869.77;2024-09-07
ID08824;ORIG009;DEST373;946.54;2021-02-13
ID08825;ORIG016;DEST307;677.26;2023-01-16
ID08826;ORIG002;DEST653;393.99;2021-07-15
ID08827;ORIG010;DEST268;320.49;2023-09-07
ID08828;ORIG019;DEST923;628.59;2023-02-23
ID08829;ORIG000;DEST372;158.82;2022-04-25
ID08830;ORIG008;DEST777;520.41;2024-07-15
ID08831;ORIG002;DEST035;381.08;2022-09-26
ID05335;ORIG010;DEST980;766.00;2024-01-08
ID08833;ORIG017;DEST856;853.23;2023-04-06
ID08834;ORIG001;DEST022;438.02;2020-01-19
ID08835;ORIG005;DEST440;595.56;2024-10-07
ID01797;ORIG015;DEST701;533.09;2022-08-11
ID08837;ORIG014;DEST816;562.62;2024-12-16
ID08838;ORIG000;DEST300;393.30;2022-02-12
ID08839;ORIG004;DEST636;729.22;2022-02-25
ID08840;ORIG006;DEST068;977.38;2022-07-21
ID08841;ORIG053;DEST575;571.07;2021-06-05
ID08842;ORIG049;DEST860;302.37;2020-03-27
ID08843;ORIG019;DEST852;871.73;2024-01-02
ID08844;ORIG012;DEST352;865.08;2023-11-07
ID08845;ORIG004;DEST981;213.44;2022-03-05
ID08846;ORIG019;DEST087;770.33;2021-08-10
ID08847;ORIG075;DEST106;118.31;2020-10-25
ID08848;ORIG013;DEST971;808.26;2022-05-17
ID08849;ORIG065;DEST415;677.54;2021-06-12
ID08850;ORIG015;DEST324;883.04;2020-10-06
ID08851;ORIG063;DEST010;97.96;2021-04-09
ID01822;ORIG001;DEST083;508.87;2021-02-19
ID08853;ORIG002;DEST991;533.57;2020-03-23
ID08854;ORIG011;DEST299;29.56;2023-10-18
ID08855;ORIG000;DEST031;377.92;2024-06-02
ID01335;ORIG005;DEST315;224.76;2022-07-21
ID08857;ORIG005;DEST139;198.40;2022-01-24
ID08858;ORIG019;DEST454;900.07;2022-10-14
ID08859;ORIG011;DEST868;948.05;2022-08-17
ID08860;ORIG007;DEST508;650.23;2021-06-10
ID08861;ORIG017;DEST736;283.41;2021-04-01
ID08862;ORIG002;DEST041;914.33;2024-03-18
ID08863;ORIG013;DEST454;913.22;2024-05-13
ID08864;ORIG012;DEST639;909.73;2020-08-21
ID08865;ORIG013;DEST006;143.46;2023-12-17
ID08866;ORIG009;DEST168;699.34;2020-11-08
ID08867;ORIG006;DEST989;895.87;2022-11-14
ID08868;ORIG018;DEST228;572.90;2020-06-05
ID08869;ORIG002;DEST316;937.94;2020-06-04
ID08870;ORIG010;DEST252;550.50;2020-12-14
ID08871;ORIG063;DEST919;911.22;2022-11-26
ID08872;ORIG050;DEST834;86.96;2024-07-14
ID08873;ORIG019;DEST578;763.85;2020-11-22
ID08874;ORIG002;DEST025;99.08;2024-09-17
ID03732;ORIG049;DEST723;389.47;2023-12-26
ID08876;ORIG013;DEST969;609.91;2024-12-26
ID08877;ORIG008;DEST217;700.55;2022-02-16
ID03237;ORIG008;DEST387;289.65;2023-08-05
ID08879;ORIG007;DEST907;628.28;2024-11-11
ID08880;ORIG011;DEST666;756.35;2023-08-03
ID08881;ORIG012;DEST111;698.90;2024-10-28
ID08882;ORIG017;DEST613;589.42;2021-11-14
ID08883;ORIG019;DEST889;839.97;2020-05-04
ID08884;ORIG019;DEST909;928.70;2020-11-24
ID08885;ORIG076;DEST390;891.64;2024-04-17
ID08886;ORIG014;DEST007;281.71;2023-02-06
ID08887;ORIG012;DEST921;76.96;2024-01-08
ID08888;ORIG093;DEST857;500.33;2024-09-13
ID08889;ORIG008;DEST072;631.58;2023-12-26
ID08890;ORIG017;DEST524;25.30;2023-12-21
ID00121;ORIG008;DEST589;860.60;2020-04-13
ID08892;ORIG013;DEST631;892.74;2022-01-27
ID08893;ORIG015;DEST307;948.28;2020-02-09
ID08894;ORIG010;DEST486;396.91;2023-12-26
ID08895;ORIG016;DEST664;368.45;2024-08-09
ID08896;ORIG018;DEST763;818.22;2022-08-20
ID08897;ORIG063;DEST832;65.51;2022-12-07
ID08898;ORIG077;DEST255;663.33;2024-12-06
ID05159;ORIG009;DEST715;750.80;2023-02-10
ID08900;ORIG018;DEST186;576.91;2021-04-04
ID08901;ORIG002;DEST370;549.06;2023-12-08
ID08902;ORIG013;DEST877;99.74;2023-04-14
ID08903;ORIG041;DEST780;120.51;2022-02-20
ID08904;ORIG032;DEST868;492.42;2020-10-12
ID08905;ORIG038;DEST221;799.53;2021-03-28
ID08906;ORIG048;DEST335;87.79;2024-03-24
ID08907;ORIG002;DEST366;626.65;2024-02-15
ID08908;ORIG008;DEST778;605.94;2023-07-26
ID08909;ORIG049;DEST497;191.37;2023-02-15
ID08910;ORIG021;DEST766;789.08;2024-02-14
ID08911;ORIG003;DEST932;264.84;2022-08-02
ID08912;ORIG007;DEST478;569.56;2024-09-01
ID08913;ORIG000;DEST731;975.56;2021-10-08
ID08914;ORIG016;DEST688;862.99;2020-07-03
ID08915;ORIG007;DEST650;370.49;2024-02-06
ID08916;ORIG000;DEST223;322.13;2020-06-11
ID08917;ORIG011;DEST155;805.15;2022-01-18
ID08918;ORIG018;DEST503;396.78;2020-03-18
ID08919;ORIG011;DEST836;328.60;2024-10-09
ID08920;ORIG002;DEST712;640.66;2023-02-01
ID08921;ORIG010;DEST381;89.78;2022-11-24
ID08922;ORIG010;DEST834;626.82;2023-09-16
ID08923;ORIG004;DEST999;787.32;2020-12-10
ID08924;ORIG018;DEST945;866.23;2023-08-07
ID00323;ORIG013;DEST696;353.17;2024-10-04
ID08926;ORIG007;DEST624;925.11;2021-07-17
ID02133;ORIG011;DEST719;267.48;2024-03-10
ID08928;ORIG006;DEST166;461.79;2024-05-28
ID07392;ORIG040;DEST685;642.21;2022-01-01
ID08930;ORIG018;DEST492;759.94;2023-11-21
ID08931;ORIG008;DEST343;307.16;2023-11-10
ID08932;ORIG000;DEST979;457.36;2024-06-23
ID08933;ORIG019;DEST155;264.28;2023-05-25
ID08934;ORIG002;DEST866;406.34;2021-05-24
ID08935;ORIG012;DEST187;164.00;2023-11-23
ID04693;ORIG060;DEST944;573.78;2023-10-03
ID01152;ORIG015;DEST245;950.20;2024-06-07
ID08938;ORIG017;DEST154;658.03;2020-07-14
ID08939;ORIG006;DEST855;510.59;2022-10-27
ID08940;ORIG019;DEST451;111.32;2023-05-26
ID02216;ORIG004;DEST678;634.32;2021-11-02
ID06022;ORIG013;DEST258;760.31;2023-04-20
ID08943;ORIG008;DEST767;780.30;2020-03-02
ID08409;ORIG004;DEST826;305.86;2024-01-22
ID07179;ORIG024;DEST206;48.01;2020-09-26
ID08946;ORIG005;DEST640;843.07;2022-04-17
ID08947;ORIG011;DEST458;94.96;2020-10-17
ID08948;ORIG008;DEST659;468.40;2021-10-28
ID08949;ORIG007;DEST364;916.31;2022-10-03
ID08950;ORIG007;DEST699;669.18;2023-09-25
ID08951;ORIG025;DEST033;443.34;2024-10-27
ID08952;ORIG052;DEST027;715.56;2024-09-10
ID08953;ORIG003;DEST393;67.71;2022-02-23
ID08954;ORIG086;DEST045;767.62;2022-12-18
ID08955;ORIG006;DEST042;983.10;2022-02-06
ID08956;ORIG017;DEST393;487.81;2021-08-06
ID08957;ORIG014;DEST465;366.71;2022-11-12
ID05342;ORIG027;DEST447;929.79;2024-09-10
ID08959;ORIG012;DEST488;844.02;2022-01-17
ID08960;ORIG011;DEST126;61.11;2023-09-01
ID08961;ORIG079;DEST398;270.75;2022-08-27
ID08962;ORIG001;DEST947;885.89;2022-09-04
ID08963;ORIG018;DEST652;202.53;2020-07-17
ID08964;ORIG001;DEST404;171.87;2022-09-01
ID08965;ORIG013;DEST892;371.53;2020-07-26
ID08966;ORIG008;DEST263;980.49;2022-12-07
ID08831;ORIG005;DEST571;95.33;2020-12-15
ID08968;ORIG001;DEST647;864.22;2023-05-15
ID08969;ORIG017;DEST718;607.30;2021-11-14
ID08970;ORIG003;DEST326;962.73;2023-11-24
ID06653;ORIG012;DEST168;180.35;2021-12-14
ID08972;ORIG014;DEST509;602.34;2023-06-02
ID08973;ORIG007;DEST581;828.82;2020-09-04
ID08974;ORIG008;DEST216;912.32;2021-08-18
ID08975;ORIG012;DEST607;144.33;2020-05-13
ID08976;ORIG005;DEST267;301.22;2024-07-18
ID03311;ORIG001;DEST346;837.04;2021-03-21
ID08978;ORIG017;DEST551;292.03;2022-08-11
ID08979;ORIG003;DEST635;150.34;2024-03-19
ID08980;ORIG000;DEST213;971.82;2024-07-25
ID08981;ORIG014;DEST521;934.94;2023-01-06
ID08982;ORIG018;DEST098;595.69;2024-08-02
ID08983;ORIG065;DEST477;697.91;2023-08-01
ID08984;ORIG007;DEST910;784.86;2021-09-05
ID08985;ORIG015;DEST319;794.05;2022-09-12
ID08986;ORIG017;DEST963;655.66;2023-06-14
ID08987;ORIG081;DEST532;414.44;2020-07-08
ID08988;ORIG000;DEST761;416.77;2022-12-26
ID08989;ORIG018;DEST746;426.50;2023-12-14
ID08990;ORIG009;DEST955;211.94;2024-08-26
ID03500;ORIG071;DEST900;40.43;2024-05-07
ID08992;ORIG065;DEST170;439.44;2023-11-11
ID00003;ORIG018;DEST652;566.28;2022-08-18
ID08994;ORIG010;DEST680;845.57;2022-07-10
ID08995;ORIG011;DEST961;772.31;2022-11-14
ID08996;ORIG001;DEST226;735.29;2022-04-17
ID08997;ORIG013;DEST753;545.81;2020-12-02
ID08998;ORIG003;DEST526;735.73;2021-07-22
ID08999;ORIG004;DEST007;880.87;2021-02-12
ID09000;ORIG014;DEST647;106.28;2022-08-19
ID09001;ORIG017;DEST882;691.08;2020-11-23
ID09002;ORIG000;DEST447;518.33;2023-03-22
ID09003;ORIG006;DEST153;973.47;2020-09-16
ID09004;ORIG007;DEST864;11.35;2020-06-27
ID09005;ORIG008;DEST619;835.38;2023-09-13
ID09006;ORIG005;DEST905;799.62;2024-12-09
ID09007;ORIG010;DEST477;922.71;2022-01-08
ID09008;ORIG055;DEST430;256.24;2020-03-26
ID09009;ORIG002;DEST758;796.23;2021-03-20
ID09010;ORIG008;DEST760;268.51;2024-01-06
ID09011;ORIG018;DEST540;443.74;2023-03-20
ID02459;ORIG003;DEST174;93.13;2023-01-27
ID03271;ORIG015;DEST507;841.32;2024-09-20
ID09014;ORIG099;DEST163;443.90;2021-07-09
ID09015;ORIG003;DEST191;669.19;2021-01-25
ID09016;ORIG012;DEST105;452.52;2023-10-09
ID09017;ORIG002;DEST755;206.02;2024-07-28
ID09018;ORIG007;DEST454;645.73;2021-03-02
ID09019;ORIG000;DEST689;935.03;2024-10-21
ID09020;ORIG035;DEST184;733.50;2024-03-27
ID09021;ORIG009;DEST203;894.07;2021-12-06
ID00891;ORIG010;DEST989;466.16;2022-04-27
ID09023;ORIG049;DEST059;731.68;2022-10-24
ID09024;ORIG019;DEST232;599.46;2021-02-04
ID09025;ORIG017;DEST913;650.71;2021-12-22
ID09026;ORIG005;DEST940;366.29;2024-12-23
ID09027;ORIG013;DEST287;392.54;2021-02-19
ID09028;ORIG016;DEST406;136.17;2021-02-08
ID09029;ORIG019;DEST952;996.65;2023-04-28
ID09030;ORIG001;DEST610;684.37;2020-03-21
ID09031;ORIG006;DEST800;595.06;2022-05-10
ID09032;ORIG005;DEST301;986.44;2023-10-19
ID09033;ORIG006;DEST549;953.64;2020-08-19
ID09034;ORIG019;DEST574;13.74;2020-05-05
ID09035;ORIG003;DEST285;191.61;2020-09-20
ID09036;ORIG013;DEST343;309.78;2021-01-14
ID09037;ORIG018;DEST623;218.51;2023-12-03
ID00239;ORIG036;DEST507;279.11;2021-04-17
ID09039;ORIG013;DEST329;575.19;2020-12-14
ID08293;ORIG046;DEST037;706.58;2022-09-20
ID02678;ORIG096;DEST879;476.71;2024-12-25
ID09042;ORIG003;DEST185;486.76;2022-04-13
ID09043;ORIG001;DEST761;400.43;2020-11-12
ID09044;ORIG013;DEST858;543.62;2020-04-18
ID09045;ORIG014;DEST462;614.12;2022-03-09
ID09046;ORIG047;DEST816;602.50;2020-09-27
ID09047;ORIG003;DEST553;771.22;2020-03-04
ID09048;ORIG079;DEST302;396.90;2024-11-05
ID02993;ORIG001;DEST976;690.70;2022-04-04
ID09050;ORIG017;DEST315;244.77;2021-05-21
ID09051;ORIG015;DEST157;606.25;2024-01-02
ID09052;ORIG044;DEST502;216.42;2021-09-21
ID09053;ORIG012;DEST224;612.44;2020-08-04
ID09054;ORIG008;DEST487;79.59;2021-07-12
ID09055;ORIG051;DEST605;837.42;2024-08-06
ID09056;ORIG032;DEST280;734.08;2023-03-09
ID09057;ORIG006;DEST986;696.72;2020-04-11
ID09058;ORIG018;DEST477;221.87;2024-06-28
ID09059;ORIG018;DEST126;490.07;2023-02-22
ID09060;ORIG011;DEST340;67.75;2020-01-13
ID09061;ORIG014;DEST797;877.17;2024-11-26
ID09062;ORIG053;DEST652;238.21;2020-10-09
ID02142;ORIG088;DEST537;575.06;2022-09-05
ID09064;ORIG017;DEST323;339.93;2021-01-03
ID09065;ORIG014;DEST799;177.63;2024-03-04
ID09066;ORIG002;DEST220;198.62;2024-06-09
ID09067;ORIG008;DEST737;907.50;2022-05-16
ID02250;ORIG008;DEST544;829.23;2020-08-04
ID09069;ORIG030;DEST152;994.35;2024-07-01
ID09070;ORIG009;DEST123;665.37;2023-11-05
ID09071;ORIG016;DEST476;697.70;2023-08-22
ID09072;ORIG017;DEST456;373.36;2024-09-10
ID09073;ORIG097;DEST612;306.78;2020-02-13
ID09074;ORIG029;DEST377;232.39;2020-10-16
ID09075;ORIG011;DEST410;823.93;2020-03-19
ID09076;ORIG016;DEST265;578.69;2021-10-21
ID04394;ORIG001;DEST947;476.33;2022-11-05
ID09078;ORIG006;DEST708;820.99;2023-12-15
ID02207;ORIG013;DEST981;229.50;2023-07-25
ID09080;ORIG003;DEST332;230.41;2021-03-07
ID09081;ORIG003;DEST837;913.94;2022-11-10
ID05417;ORIG010;DEST975;523.81;2020-12-17
ID09083;ORIG063;DEST808;551.56;2020-03-24
ID09084;ORIG080;DEST669;996.59;2023-01-14
ID09085;ORIG009;DEST592;367.94;2024-06-16
ID09086;ORIG043;DEST652;418.74;2020-12-14
ID09087;ORIG004;DEST893;481.96;2020-09-04
ID09088;ORIG017;DEST176;602.28;2022-07-13
ID09089;ORIG017;DEST841;659.47;2022-09-26
ID08525;ORIG002;DEST941;419.49;2022-06-23
ID09091;ORIG004;DEST253;12.85;2021-02-04
ID09092;ORIG086;DEST152;327.96;2022-12-19
ID09093;ORIG052;DEST898;337.05;2023-09-07
ID09094;ORIG012;DEST865;601.24;2023-08-04
ID09095;ORIG013;DEST564;325.79;2020-11-27
ID09096;ORIG014;DEST009;26.41;2020-08-22
ID09097;ORIG006;DEST684;464.09;2021-05-26
ID09098;ORIG026;DEST310;597.95;2024-12-07
ID08708;ORIG017;DEST428;875.29;2022-04-21
ID09100;ORIG069;DEST980;769.27;2023-07-20
ID09101;ORIG081;DEST014;883.34;2023-10-14
ID09102;ORIG055;DEST238;159.53;2022-04-10
ID09103;ORIG009;DEST795;934.97;2021-09-13
ID09104;ORIG019;DEST306;930.64;2023-08-24
ID09105;ORIG081;DEST851;336.75;2024-11-25
ID09106;ORIG005;DEST618;182.91;2020-03-06
ID09107;ORIG015;DEST650;833.54;2020-12-19
ID09108;ORIG093;DEST048;127.05;2022-08-12
ID09109;ORIG019;DEST056;336.40;2024-08-13
ID09110;ORIG014;DEST983;136.27;2022-06-28
ID09111;ORIG012;DEST862;275.93;2022-05-24
ID09112;ORIG013;DEST009;902.53;2020-05-24
ID09113;ORIG002;DEST319;23.33;2020-02-17
ID09114;ORIG067;DEST785;863.72;2022-10-09
ID09115;ORIG000;DEST758;124.89;2022-12-07
ID09116;ORIG013;DEST155;607.65;2022-06-08
ID09117;ORIG005;DEST123;119.76;2021-05-23
ID09118;ORIG013;DEST525;233.57;2022-09-06
ID09119;ORIG011;DEST353;906.06;2023-05-21
ID09120;ORIG098;DEST230;81.47;2023-11-18
ID09121;ORIG001;DEST360;987.93;2024-12-05
ID09122;ORIG018;DEST080;383.72;2021-06-13
ID09123;ORIG005;DEST846;274.90;2024-08-26
ID09124;ORIG008;DEST943;448.00;2022-05-02
ID09125;ORIG010;DEST297;671.93;2020-01-16
ID09126;ORIG008;DEST874;165.21;2022-06-16
ID09127;ORIG053;DEST057;75.48;2022-03-07
ID09128;ORIG012;DEST753;636.17;2021-12-04
ID09129;ORIG065;DEST552;741.01;2024-11-26
ID08989;ORIG072;DEST126;172.26;2023-02-06
ID09131;ORIG014;DEST536;524.27;2022-07-27
ID09132;ORIG076;DEST958;411.96;2023-01-24
ID09133;ORIG015;DEST366;794.60;2021-04-11
ID09134;ORIG015;DEST516;368.97;2023-12-28
ID09135;ORIG002;DEST052;657.18;2023-06-27
ID09136;ORIG022;DEST301;674.11;2023-08-04
ID09137;ORIG013;DEST348;849.33;2021-06-23
ID09138;ORIG004;DEST700;920.17;2021-09-22
ID09139;ORIG014;DEST003;397.93;2024-02-21
ID09140;ORIG007;DEST927;380.92;2020-09-20
ID04122;ORIG082;DEST191;835.03;2024-07-20
ID09142;ORIG003;DEST293;663.24;2020-05-18
ID09143;ORIG012;DEST042;788.28;2021-08-22
ID09144;ORIG007;DEST061;269.73;2022-04-20
ID09145;ORIG006;DEST787;193.10;2020-11-12
ID09146;ORIG018;DEST256;913.99;2024-09-15
ID09147;ORIG000;DEST689;102.93;2020-09-04
ID09148;ORIG062;DEST698;780.79;2020-11-27
ID09149;ORIG007;DEST009;431.27;2024-01-18
ID09150;ORIG012;DEST492;884.63;2023-02-24
ID09151;ORIG000;DEST859;205.76;2020-08-22
ID09152;ORIG082;DEST655;316.60;2022-11-17
ID09153;ORIG009;DEST687;540.39;2022-12-19
ID09154;ORIG011;DEST890;171.73;2024-08-19
ID09155;ORIG009;DEST093;738.72;2021-03-12
ID09156;ORIG018;DEST627;96.55;2021-12-21
ID09157;ORIG017;DEST773;334.39;2020-09-15
ID09158;ORIG059;DEST854;462.96;2021-06-25
ID09159;ORIG018;DEST260;945.32;2021-02-27
ID09160;ORIG005;DEST835;153.22;2021-12-22
ID09161;ORIG001;DEST335;70.52;2024-04-16
ID09162;ORIG005;DEST957;394.55;2021-02-23
ID09163;ORIG002;DEST882;127.00;2022-10-06
ID09164;ORIG016;DEST677;973.83;2024-06-17
ID09165;ORIG001;DEST508;813.11;2023-01-11
ID09166;ORIG001;DEST018;103.48;2020-12-01
ID09167;ORIG092;DEST563;994.49;2023-10-12
ID09168;ORIG006;DEST956;775.07;2022-08-11
ID08629;ORIG001;DEST669;364.74;2022-01-20
ID09170;ORIG024;DEST665;281.91;2021-08-02
ID09171;ORIG018;DEST520;342.63;2023-04-10
ID09172;ORIG014;DEST241;520.28;2022-03-13
ID09173;ORIG011;DEST597;770.93;2022-03-01
ID09174;ORIG014;DEST108;638.31;2024-05-11
ID09175;ORIG092;DEST076;334.28;2023-05-22
ID02153;ORIG011;DEST551;149.61;2022-09-27
ID09177;ORIG014;DEST334;912.72;2020-03-09
ID09178;ORIG012;DEST333;182.96;2023-02-10
ID09179;ORIG000;DEST478;796.12;2023-05-25
ID03641;ORIG073;DEST078;676.41;2023-11-07
ID09181;ORIG008;DEST602;234.01;2024-11-22
ID09182;ORIG002;DEST585;660.87;2022-01-02
ID09183;ORIG022;DEST399;154.27;2021-08-02
ID09184;ORIG078;DEST749;375.01;2020-09-14
ID09185;ORIG000;DEST021;472.50;2020-10-11
ID09186;ORIG017;DEST310;943.91;2024-01-15
ID09187;ORIG002;DEST239;856.25;2020-07-15
ID09188;ORIG006;DEST841;159.65;2021-02-13
ID09189;ORIG007;DEST648;150.90;2023-10-02
ID09190;ORIG009;DEST810;929.51;2022-09-21
ID07763;ORIG002;DEST933;338.20;2023-06-20
ID09192;ORIG000;DEST646;314.22;2023-05-14
ID09193;ORIG018;DEST003;377.87;2021-01-11
ID09194;ORIG089;DEST748;25.45;2023-03-20
ID09195;ORIG006;DEST766;570.29;2020-03-04
ID04368;ORIG019;DEST706;838.00;2023-02-10
ID09197;ORIG001;DEST576;358.05;2020-12-11
ID09198;ORIG006;DEST239;998.93;2022-09-02
ID09199;ORIG073;DEST219;871.73;2022-11-17
ID09200;ORIG000;DEST387;932.27;2022-10-19
ID09201;ORIG018;DEST606;855.37;2023-12-22
ID09202;ORIG001;DEST384;115.99;2021-07-24
ID09203;ORIG017;DEST372;722.26;2022-08-27
ID01168;ORIG011;DEST721;141.81;2022-10-09
ID09205;ORIG004;DEST040;237.03;2024-09-07
ID09206;ORIG001;DEST581;831.12;2023-10-08
ID09207;ORIG014;DEST045;958.88;2020-08-22
ID09208;ORIG002;DEST111;320.79;2022-08-06
ID09209;ORIG014;DEST572;792.37;2021-09-17
ID09210;ORIG019;DEST347;617.76;2022-10-02
ID05862;ORIG043;DEST165;726.41;2023-04-21
ID09212;ORIG003;DEST948;317.68;2020-12-17
ID09213;ORIG064;DEST362;966.84;2020-11-14
ID09214;ORIG062;DEST532;691.18;2024-10-12
ID09215;ORIG017;DEST258;637.75;2024-11-22
ID09216;ORIG014;DEST687;317.80;2023-09-10
ID09217;ORIG091;DEST554;496.04;2024-12-16
ID09218;ORIG017;DEST965;834.88;2023-09-20
ID09219;ORIG014;DEST076;766.15;2022-10-24
ID09220;ORIG006;DEST081;16.56;2024-11-10
ID09221;ORIG013;DEST809;157.85;2020-02-15
ID09222;ORIG038;DEST657;911.88;2021-05-07
ID09223;ORIG090;DEST641;921.41;2024-12-19
ID09224;ORIG010;DEST781;962.99;2023-03-28
ID09225;ORIG015;DEST257;860.06;2024-07-22
ID04634;ORIG062;DEST964;137.68;2022-06-25
ID09227;ORIG016;DEST348;274.00;2020-12-07
ID09228;ORIG068;DEST968;200.54;2024-01-19
ID09229;ORIG013;DEST858;708.40;2023-04-09
ID09230;ORIG088;DEST627;840.96;2023-12-26
ID09231;ORIG007;DEST577;74.90;2020-08-17
ID09232;ORIG057;DEST510;160.36;2023-05-08
ID09233;ORIG000;DEST454;827.08;2022-06-11
ID09234;ORIG017;DEST762;477.85;2024-03-02
ID09235;ORIG013;DEST454;685.63;2024-06-15
ID09236;ORIG016;DEST961;605.61;2024-11-02
ID09237;ORIG011;DEST570;827.84;2023-08-08
ID09238;ORIG054;DEST306;19.82;2022-12-16
ID09239;ORIG015;DEST074;55.46;2024-01-16
ID08421;ORIG014;DEST602;437.27;2021-05-27
ID09241;ORIG001;DEST690;428.52;2024-10-21
ID09242;ORIG010;DEST148;245.99;2024-10-06
ID09243;ORIG004;DEST815;51.70;2023-06-26
ID09244;ORIG010;DEST337;23.04;2022-02-14
ID09245;ORIG004;DEST768;375.58;2020-08-20
ID09246;ORIG016;DEST180;587.99;2020-08-27
ID09247;ORIG058;DEST645;627.33;2020-10-11
ID09248;ORIG018;DEST991;303.73;2021-12-07
ID09249;ORIG004;DEST226;360.88;2021-06-04
ID09250;ORIG018;DEST302;146.55;2021-04-20
ID09251;ORIG063;DEST574;564.05;2021-05-21
ID09252;ORIG068;DEST249;797.90;2024-08-11
ID09253;ORIG001;DEST898;193.82;2021-04-09
ID09254;ORIG004;DEST920;461.95;2023-11-20
ID06247;ORIG017;DEST725;832.35;2020-11-18
ID09256;ORIG007;DEST120;812.55;2024-08-17
ID09257;ORIG058;DEST841;426.72;2023-07-18
ID09258;ORIG047;DEST874;504.26;2023-03-25
ID09259;ORIG015;DEST205;195.49;2024-11-21
ID09260;ORIG013;DEST539;204.01;2022-10-11
ID09261;ORIG003;DEST169;600.43;2024-04-21
ID09262;ORIG000;DEST825;663.72;2021-05-28
ID09263;ORIG002;DEST193;257.28;2024-12-21
ID09264;ORIG014;DEST534;370.06;2021-10-14
ID09265;ORIG005;DEST907;646.14;2022-10-01
ID08708;ORIG008;DEST063;298.01;2023-01-16
ID09267;ORIG003;DEST776;738.56;2022-01-22
ID09268;ORIG035;DEST925;963.55;2020-03-25
ID09269;ORIG025;DEST849;881.24;2023-11-01
ID09270;ORIG012;DEST422;358.57;2022-04-21
ID09271;ORIG003;DEST529;936.10;2020-05-11
ID09272;ORIG019;DEST704;233.40;2021-07-15
ID09273;ORIG069;DEST080;791.39;2023-12-06
ID09274;ORIG018;DEST880;837.79;2020-07-12
ID04020;ORIG019;DEST857;703.30;2023-02-14
ID09276;ORIG013;DEST320;260.34;2021-06-28
ID09277;ORIG034;DEST057;107.09;2022-03-08
ID09278;ORIG005;DEST760;369.84;2021-12-09
ID09279;ORIG012;DEST544;778.91;2024-12-03
ID09280;ORIG017;DEST657;287.61;2020-01-21
ID09281;ORIG004;DEST141;137.27;2024-08-01
ID09282;ORIG003;DEST579;678.64;2024-07-01
ID09283;ORIG064;DEST612;621.32;2022-02-24
ID09284;ORIG007;DEST661;313.46;2023-01-15
ID09285;ORIG001;DEST951;625.09;2022-03-08
ID09286;ORIG027;DEST470;485.97;2024-01-01
ID09287;ORIG019;DEST873;227.24;2021-08-22
ID09288;ORIG007;DEST704;17.12;2022-12-18
ID06786;ORIG009;DEST824;266.76;2022-02-08
ID09290;ORIG075;DEST415;140.82;2022-02-12
ID09291;ORIG023;DEST896;690.19;2020-08-05
ID09292;ORIG007;DEST417;229.32;2022-05-16
ID09293;ORIG011;DEST911;115.94;2022-09-09
ID09294;ORIG009;DEST845;353.85;2020-05-20
ID09295;ORIG010;DEST354;168.27;2023-07-09
ID09296;ORIG019;DEST161;745.64;2020-04-11
ID09297;ORIG008;DEST307;141.27;2020-10-26
ID09298;ORIG017;DEST810;843.09;2021-10-14
ID09299;ORIG008;DEST655;402.15;2020-09-28
ID09300;ORIG008;DEST151;424.04;2020-04-06
ID09301;ORIG007;DEST477;786.91;2023-01-12
ID09302;ORIG005;DEST350;784.11;2020-03-07
ID09303;ORIG013;DEST317;547.57;2022-10-10
ID09304;ORIG013;DEST689;509.80;2020-05-27
ID09305;ORIG006;DEST646;481.30;2021-09-22
ID02431;ORIG009;DEST360;971.71;2024-08-04
ID09307;ORIG013;DEST631;925.00;2021-07-17
ID09308;ORIG017;DEST808;807.78;2021-12-27
ID09309;ORIG014;DEST895;500.43;2024-12-02
ID09310;ORIG016;DEST906;875.33;2023-05-11
ID09311;ORIG009;DEST176;788.54;2020-04-04
ID09312;ORIG008;DEST486;17.48;2020-04-12
ID09313;ORIG010;DEST841;537.17;2021-04-19
ID09314;ORIG017;DEST458;194.76;2023-03-26
ID09315;ORIG006;DEST725;462.80;2024-03-24
ID09316;ORIG011;DEST961;771.55;2020-09-21
ID09317;ORIG091;DEST460;105.23;2024-05-11
ID09318;ORIG005;DEST332;291.56;2023-08-21
ID08242;ORIG013;DEST907;540.54;2023-08-25
ID09320;ORIG075;DEST577;871.59;2024-02-26
ID09321;ORIG010;DEST448;881.74;2022-05-03
ID09322;ORIG099;DEST540;242.18;2023-02-18
ID09323;ORIG013;DEST081;289.78;2021-06-23
ID09324;ORIG012;DEST780;720.03;2022-08-04
ID09325;ORIG005;DEST381;48.32;2022-07-09
ID09326;ORIG010;DEST650;204.42;2020-09-27
ID09327;ORIG012;DEST887;215.18;2023-05-08
ID09328;ORIG016;DEST207;861.69;2022-01-02
ID09329;ORIG002;DEST655;500.78;2023-01-10
ID09330;ORIG014;DEST449;37.29;2024-09-27
ID09331;ORIG014;DEST332;851.10;2023-05-10
ID09332;ORIG001;DEST946;98.28;2020-03-16
ID07153;ORIG009;DEST934;669.75;2023-08-18
ID01822;ORIG016;DEST556;480.32;2021-02-03
ID09335;ORIG017;DEST623;42.13;2021-09-26
ID09336;ORIG019;DEST058;366.93;2024-04-16
ID09337;ORIG017;DEST357;486.90;2021-05-12
ID09338;ORIG076;DEST287;193.28;2022-12-26
ID09339;ORIG014;DEST608;315.25;2022-04-03
ID09340;ORIG030;DEST976;260.74;2020-01-28
ID07173;ORIG007;DEST523;495.26;2022-12-18
ID02192;ORIG050;DEST774;343.04;2023-12-05
ID09343;ORIG000;DEST346;472.29;2023-08-26
ID09344;ORIG013;DEST556;897.46;2020-03-17
ID09345;ORIG026;DEST447;999.22;2020-06-11
ID09346;ORIG017;DEST607;486.93;2020-05-24
ID07005;ORIG007;DEST587;103.32;2020-02-25
ID09348;ORIG005;DEST220;695.39;2023-05-07
ID09349;ORIG001;DEST463;30.35;2022-02-13
ID09350;ORIG015;DEST764;242.22;2024-12-04
ID09351;ORIG017;DEST598;878.66;2021-06-18
ID09352;ORIG017;DEST142;319.64;2023-06-12
ID09353;ORIG014;DEST276;709.23;2024-07-06
ID09354;ORIG003;DEST549;112.74;2023-06-05
ID09355;ORIG010;DEST149;24.86;2022-04-20
ID09356;ORIG002;DEST102;320.12;2024-05-27
ID06175;ORIG017;DEST403;790.14;2020-04-25
ID09358;ORIG061;DEST109;51.51;2023-01-24
ID00165;ORIG019;DEST397;583.94;2020-06-02
ID09360;ORIG013;DEST798;448.75;2023-04-10
ID09361;ORIG010;DEST191;619.83;2022-04-04
ID09362;ORIG015;DEST569;16.84;2024-01-19
ID09363;ORIG014;DEST137;624.86;2020-03-21
ID09364;ORIG019;DEST337;607.75;2023-10-02
ID09365;ORIG038;DEST140;422.33;2020-09-05
ID03701;ORIG004;DEST622;973.51;2020-07-01
ID09367;ORIG005;DEST055;848.31;2021-01-05
ID09368;ORIG014;DEST058;853.63;2024-10-17
ID09369;ORIG010;DEST409;298.32;2020-11-12
ID09370;ORIG001;DEST897;907.65;2020-10-14
ID01416;ORIG005;DEST482;537.65;2024-05-10
ID09372;ORIG004;DEST327;867.46;2024-12-24
ID09373;ORIG008;DEST671;882.39;2022-07-06
ID09374;ORIG002;DEST863;12.24;2023-03-12
ID09375;ORIG060;DEST128;440.72;2023-09-27
ID09376;ORIG018;DEST192;13.39;2024-03-07
ID09377;ORIG018;DEST024;603.55;2021-11-14
ID09378;ORIG011;DEST967;797.26;2022-08-06
ID09379;ORIG012;DEST279;749.60;2024-09-22
ID09380;ORIG013;DEST547;424.92;2024-03-21
ID09381;ORIG014;DEST666;187.07;2022-07-19
ID09382;ORIG014;DEST969;18.72;2023-05-08
ID09383;ORIG004;DEST975;251.37;2022-10-04
ID09384;ORIG000;DEST974;206.10;2021-01-17
ID09385;ORIG015;DEST378;531.16;2022-08-07
ID09386;ORIG011;DEST128;730.17;2023-01-21
ID09387;ORIG084;DEST341;820.13;2020-01-09
ID06718;ORIG005;DEST980;288.55;2020-04-15
ID09389;ORIG004;DEST849;914.50;2024-03-14
ID09390;ORIG009;DEST711;443.21;2020-03-27
ID09391;ORIG009;DEST623;494.33;2024-07-10
ID09392;ORIG019;DEST311;284.08;2020-01-21
ID09393;ORIG054;DEST369;714.47;2022-07-28
ID09394;ORIG002;DEST620;98.47;2021-10-14
ID09395;ORIG001;DEST885;425.26;2023-09-21
ID09396;ORIG019;DEST582;182.42;2024-06-05
ID09397;ORIG005;DEST060;325.90;2022-02-23
ID09398;ORIG072;DEST185;12.01;2024-01-04
ID09399;ORIG012;DEST259;980.08;2024-03-23
ID09400;ORIG011;DEST509;690.91;2020-10-24
ID09401;ORIG006;DEST906;440.38;2022-12-01
ID09402;ORIG045;DEST172;830.48;2024-02-17
ID09403;ORIG010;DEST055;716.73;2020-03-17
ID09102;ORIG014;DEST797;543.16;2022-04-15
ID09405;ORIG008;DEST881;551.16;2023-10-20
ID09406;ORIG060;DEST257;795.79;2024-03-22
ID09407;ORIG010;DEST216;35.92;2022-06-06
ID09408;ORIG004;DEST336;535.99;2022-11-16
ID09409;ORIG016;DEST769;216.90;2023-10-08
ID09410;ORIG012;DEST957;826.28;2021-11-10
ID09411;ORIG013;DEST497;282.46;2022-12-19
ID09412;ORIG016;DEST103;941.71;2021-12-19
ID09413;ORIG075;DEST551;307.95;2022-06-20
ID09414;ORIG006;DEST923;712.79;2020-07-03
ID02556;ORIG002;DEST564;973.01;2022-04-05
ID01378;ORIG010;DEST028;774.87;2023-06-16
ID09417;ORIG019;DEST521;155.06;2024-12-04
ID09418;ORIG018;DEST696;49.53;2024-10-05
ID09419;ORIG005;DEST502;137.37;2023-12-11
ID09420;ORIG009;DEST804;699.19;2024-11-22
ID09421;ORIG048;DEST470;866.83;2020-09-02
ID09422;ORIG019;DEST064;129.53;2024-02-14
ID09423;ORIG015;DEST703;434.03;2024-12-10
ID02952;ORIG000;DEST309;126.24;2023-04-06
ID09425;ORIG006;DEST768;832.33;2023-05-25
ID09426;ORIG010;DEST478;634.65;2024-11-02
ID02236;ORIG013;DEST627;487.78;2023-08-04
ID09428;ORIG010;DEST666;268.99;2024-10-05
ID09429;ORIG016;DEST529;906.88;2024-04-22
ID09430;ORIG029;DEST204;694.70;2023-04-14
ID09431;ORIG003;DEST104;73.07;2020-05-11
ID09432;ORIG098;DEST714;740.19;2024-01-03
ID09189;ORIG019;DEST394;546.32;2024-12-05
ID09434;ORIG004;DEST642;963.89;2023-12-10
ID09435;ORIG008;DEST800;406.71;2021-01-26
ID09436;ORIG012;DEST201;310.37;2022-07-17
ID09437;ORIG011;DEST711;817.03;2023-08-09
ID09438;ORIG008;DEST814;581.88;2023-06-26
ID09439;ORIG041;DEST728;927.33;2020-07-02
ID09440;ORIG061;DEST263;16.54;2021-09-04
ID09441;ORIG009;DEST205;195.63;2021-09-28
ID09442;ORIG012;DEST168;724.67;2021-01-15
ID09443;ORIG012;DEST647;667.00;2021-06-28
ID09444;ORIG007;DEST317;335.82;2021-04-22
ID09445;ORIG059;DEST224;881.39;2023-03-15
ID09446;ORIG081;DEST907;373.42;2021-03-23
ID09447;ORIG002;DEST591;548.94;2023-05-17
ID09448;ORIG016;DEST634;850.44;2023-10-20
ID09449;ORIG025;DEST630;672.96;2020-12-03
ID09450;ORIG043;DEST245;802.37;2024-07-28
ID09451;ORIG064;DEST751;125.43;2021-05-15
ID09452;ORIG004;DEST737;705.51;2023-06-25
ID09453;ORIG004;DEST264;820.20;2022-12-16
ID09454;ORIG005;DEST332;326.82;2023-05-11
ID09455;ORIG008;DEST938;445.76;2024-12-21
ID09456;ORIG036;DEST601;84.33;2020-10-16
ID09457;ORIG010;DEST426;430.52;2023-07-02
ID09458;ORIG009;DEST247;894.23;2024-01-11
ID09459;ORIG004;DEST389;332.00;2023-04-07
ID09460;ORIG002;DEST917;50.49;2020-03-05
ID09461;ORIG001;DEST497;88.39;2023-09-26
ID03449;ORIG061;DEST846;771.87;2024-09-14
ID09463;ORIG001;DEST198;315.75;2022-05-18
ID09464;ORIG010;DEST854;395.28;2022-07-24
ID09465;ORIG009;DEST043;141.26;2023-11-22
ID09466;ORIG050;DEST700;703.71;2020-08-08
ID09467;ORIG002;DEST976;622.05;2023-08-12
ID09468;ORIG080;DEST941;810.91;2024-05-02
ID09469;ORIG005;DEST298;624.79;2024-06-18
ID09470;ORIG009;DEST172;887.85;2020-06-24
ID09471;ORIG056;DEST889;80.04;2024-07-12
ID09352;ORIG005;DEST525;168.43;2020-06-27
ID09473;ORIG098;DEST455;37.92;2021-06-05
ID09474;ORIG019;DEST846;467.17;2024-09-05
ID09475;ORIG048;DEST968;989.77;2023-10-08
ID09476;ORIG017;DEST867;124.59;2021-03-11
ID09477;ORIG019;DEST681;559.47;2020-02-27
ID09478;ORIG013;DEST796;714.40;2024-04-17
ID09479;ORIG006;DEST935;217.50;2021-04-20
ID09480;ORIG012;DEST880;359.41;2020-01-27
ID09481;ORIG095;DEST906;907.01;2022-08-20
ID09482;ORIG011;DEST174;768.83;2023-09-09
ID05680;ORIG019;DEST653;293.21;2022-09-17
ID00909;ORIG074;DEST050;711.37;2023-05-26
ID09485;ORIG011;DEST484;643.88;2020-06-21
ID09486;ORIG014;DEST186;336.38;2021-09-22
ID09487;ORIG077;DEST605;254.06;2023-04-08
ID09488;ORIG017;DEST678;65.54;2020-06-11
ID09489;ORIG009;DEST063;857.29;2023-10-17
ID09490;ORIG009;DEST893;530.30;2024-06-04
ID09491;ORIG007;DEST419;723.93;2022-08-16
ID09492;ORIG010;DEST309;820.06;2024-03-20
ID09493;ORIG017;DEST576;964.95;2024-12-07
ID09494;ORIG018;DEST180;268.84;2020-04-11
ID09495;ORIG014;DEST209;249.38;2022-08-08
ID09496;ORIG005;DEST554;788.04;2022-12-28
ID09497;ORIG059;DEST369;496.86;2022-07-18
ID09498;ORIG016;DEST728;270.83;2023-12-16
ID09499;ORIG014;DEST295;827.06;2023-12-24
ID09500;ORIG009;DEST720;400.17;2020-05-11
ID09501;ORIG012;DEST376;191.40;2021-12-25
ID09502;ORIG015;DEST813;432.51;2023-02-02
ID09503;ORIG000;DEST833;880.02;2023-09-07
ID09504;ORIG015;DEST025;254.29;2024-06-22
ID09505;ORIG015;DEST377;367.64;2023-04-01
ID09506;ORIG011;DEST848;76.01;2024-03-27
ID09507;ORIG001;DEST137;412.10;2020-08-10
ID00888;ORIG007;DEST612;149.31;2022-02-11
ID06011;ORIG009;DEST161;346.63;2023-07-14
ID09510;ORIG004;DEST863;775.49;2022-04-26
ID09511;ORIG005;DEST458;151.06;2023-05-20
ID09512;ORIG005;DEST910;117.94;2023-08-06
ID09513;ORIG019;DEST073;621.93;2024-02-10
ID02181;ORIG000;DEST468;975.79;2022-02-01
ID09515;ORIG009;DEST338;35.89;2023-02-04
ID09516;ORIG003;DEST749;280.44;2024-07-08
ID09517;ORIG010;DEST080;315.74;2022-10-07
ID09518;ORIG003;DEST800;779.22;2022-11-04
ID09519;ORIG004;DEST567;47.84;2024-01-17
ID09520;ORIG014;DEST681;742.16;2020-04-26
ID09521;ORIG011;DEST583;899.61;2023-02-21
ID08676;ORIG039;DEST166;318.45;2024-12-05
ID09523;ORIG015;DEST758;942.85;2021-03-08
ID09524;ORIG005;DEST562;778.21;2023-04-10
ID09525;ORIG078;DEST740;735.44;2020-05-26
ID09526;ORIG060;DEST729;390.28;2020-11-25
ID09527;ORIG001;DEST379;810.49;2020-07-19
ID09528;ORIG005;DEST144;922.12;2020-12-05
ID09529;ORIG004;DEST831;129.51;2023-04-24
ID09530;ORIG006;DEST834;499.03;2021-11-14
ID03271;ORIG018;DEST422;954.14;2023-11-02
ID09532;ORIG002;DEST570;135.14;2024-10-18
ID09533;ORIG006;DEST190;631.72;2021-06-07
ID09534;ORIG017;DEST945;917.69;2024-11-24
ID09535;ORIG013;DEST293;659.74;2020-01-28
ID05072;ORIG019;DEST262;994.66;2020-12-02
ID09537;ORIG011;DEST807;644.13;2020-10-07
ID09538;ORIG013;DEST241;63.68;2022-11-11
ID09539;ORIG010;DEST781;994.42;2020-08-15
ID09540;ORIG012;DEST919;761.00;2024-07-25
ID09541;ORIG015;DEST729;991.38;2020-09-02
ID09542;ORIG017;DEST271;922.85;2020-04-07
ID09543;ORIG003;DEST139;704.88;2021-12-16
ID09544;ORIG015;DEST231;222.71;2024-02-20
ID09545;ORIG011;DEST568;492.80;2021-02-05
ID09546;ORIG001;DEST767;531.20;2020-03-16
ID09547;ORIG008;DEST060;116.62;2024-02-08
ID09548;ORIG059;DEST848;830.80;2023-07-15
ID09549;ORIG000;DEST161;35.29;2021-08-01
ID09550;ORIG002;DEST748;808.75;2020-10-09
ID01700;ORIG080;DEST588;327.28;2023-04-04
ID09552;ORIG005;DEST195;984.12;2022-03-04
ID09553;ORIG005;DEST124;821.32;2022-01-08
ID09554;ORIG002;DEST777;587.10;2023-04-01
ID09555;ORIG092;DEST612;475.01;2024-10-12
ID09556;ORIG016;DEST238;13.55;2023-05-27
ID09557;ORIG014;DEST212;361.20;2024-10-27
ID09558;ORIG017;DEST391;764.15;2024-06-09
ID09559;ORIG005;DEST668;213.22;2024-04-08
ID09560;ORIG015;DEST670;54.90;2020-04-22
ID09561;ORIG015;DEST446;228.20;2024-06-13
ID09562;ORIG070;DEST721;373.21;2023-02-05
ID09563;ORIG018;DEST632;42.61;2021-02-02
ID09564;ORIG021;DEST650;718.35;2023-11-05
ID09565;ORIG028;DEST983;494.63;2024-11-20
ID04603;ORIG000;DEST294;941.82;2022-02-09
ID09567;ORIG006;DEST989;828.51;2021-08-28
ID09568;ORIG015;DEST245;558.42;2023-05-18
ID09569;ORIG001;DEST262;413.66;2020-02-11
ID00800;ORIG009;DEST813;327.03;2023-08-03
ID09571;ORIG014;DEST177;717.34;2022-09-22
ID09572;ORIG015;DEST380;177.44;2021-10-13
ID09573;ORIG000;DEST336;905.53;2023-01-02
ID09574;ORIG094;DEST660;258.94;2020-12-06
ID09575;ORIG019;DEST597;284.91;2022-12-20
ID09576;ORIG009;DEST161;397.19;2020-02-10
ID09577;ORIG010;DEST992;214.66;2023-11-12
ID09578;ORIG015;DEST506;413.39;2021-06-25
ID09579;ORIG016;DEST239;376.15;2024-11-18
ID09580;ORIG068;DEST923;699.87;2020-12-24
ID09581;ORIG018;DEST338;951.61;2023-03-13
ID09582;ORIG036;DEST120;222.87;2024-03-23
ID09583;ORIG019;DEST938;279.04;2022-05-04
ID09584;ORIG031;DEST898;820.43;2022-06-22
ID09585;ORIG012;DEST398;895.20;2021-09-17
ID09586;ORIG061;DEST007;158.17;2023-04-14
ID09587;ORIG014;DEST001;815.06;2020-09-28
ID09588;ORIG009;DEST296;283.02;2020-04-14
ID04593;ORIG002;DEST425;527.50;2022-04-05
ID03229;ORIG018;DEST093;512.89;2022-09-08
ID09591;ORIG085;DEST005;922.52;2021-05-24
ID09592;ORIG001;DEST350;420.48;2023-10-16
ID09593;ORIG005;DEST295;177.19;2021-01-20
ID09594;ORIG004;DEST847;696.92;2022-10-05
ID09595;ORIG000;DEST452;395.24;2021-12-27
ID09596;ORIG008;DEST324;781.80;2022-01-06
ID09597;ORIG011;DEST691;92.40;2021-01-27
ID09598;ORIG012;DEST855;613.20;2023-06-24
ID09599;ORIG055;DEST935;595.77;2021-05-24
ID09600;ORIG011;DEST645;750.29;2024-06-04
ID09601;ORIG008;DEST523;159.60;2023-11-10
ID09602;ORIG037;DEST766;858.88;2020-03-08
ID09603;ORIG009;DEST105;150.55;2023-07-13
ID09604;ORIG005;DEST419;712.61;2022-08-20
ID09605;ORIG070;DEST651;538.62;2024-07-16
ID09606;ORIG007;DEST662;446.31;2020-08-23
ID09607;ORIG008;DEST042;512.01;2024-02-09
ID09608;ORIG095;DEST366;905.79;2022-09-26
ID09499;ORIG016;DEST807;356.51;2022-11-12
ID09610;ORIG011;DEST162;259.45;2020-01-10
ID09611;ORIG036;DEST571;407.05;2022-09-10
ID09612;ORIG029;DEST228;472.51;2022-12-12
ID09613;ORIG020;DEST239;570.32;2020-09-14
ID09614;ORIG012;DEST448;127.27;2022-06-12
ID09615;ORIG009;DEST271;917.56;2022-01-22
ID09616;ORIG009;DEST054;704.36;2021-06-08
ID09617;ORIG016;DEST130;707.18;2021-10-25
ID09618;ORIG009;DEST240;476.32;2022-03-09
ID09619;ORIG001;DEST312;371.77;2021-06-11
ID09620;ORIG014;DEST327;594.38;2022-01-05
ID09621;ORIG096;DEST857;984.25;2021-05-07
ID09622;ORIG013;DEST661;757.86;2023-06-27
ID09623;ORIG005;DEST044;525.59;2020-05-24
ID09624;ORIG001;DEST610;657.37;2020-05-07
ID09625;ORIG091;DEST452;803.17;2020-05-01
ID09626;ORIG053;DEST971;470.17;2022-01-04
ID09627;ORIG005;DEST268;126.58;2021-03-20
ID09628;ORIG015;DEST020;469.69;2023-11-21
ID09629;ORIG018;DEST446;787.42;2022-07-08
ID09630;ORIG001;DEST624;475.09;2020-08-14
ID09631;ORIG011;DEST759;15.59;2021-09-21
ID09632;ORIG009;DEST970;300.13;2023-05-21
ID09633;ORIG017;DEST512;665.48;2024-07-12
ID09634;ORIG010;DEST472;477.85;2023-07-05
ID09635;ORIG013;DEST629;675.79;2024-07-07
ID09636;ORIG000;DEST797;973.67;2024-11-09
ID09637;ORIG013;DEST129;251.46;2023-12-08
ID09638;ORIG000;DEST527;172.32;2020-02-11
ID09639;ORIG049;DEST700;383.45;2021-10-28
ID09640;ORIG005;DEST798;137.77;2024-07-12
ID09641;ORIG010;DEST912;927.79;2022-08-08
ID09642;ORIG005;DEST664;538.71;2022-01-20
ID07055;ORIG010;DEST233;577.92;2023-04-03
ID07022;ORIG066;DEST220;628.39;2021-05-08
ID09645;ORIG000;DEST543;415.96;2022-04-21
ID09646;ORIG002;DEST441;170.56;2020-08-25
ID09647;ORIG012;DEST816;454.05;2024-07-16
ID09648;ORIG015;DEST360;807.67;2023-09-21
ID09649;ORIG029;DEST947;133.68;2022-10-27
ID09650;ORIG015;DEST559;240.56;2023-02-22
ID09651;ORIG019;DEST163;82.88;2021-01-04
ID09652;ORIG015;DEST234;914.73;2021-08-18
ID09653;ORIG008;DEST515;868.99;2023-10-23
ID09654;ORIG005;DEST362;879.57;2022-11-16
ID09655;ORIG004;DEST069;419.29;2023-02-02
ID09656;ORIG009;DEST164;681.61;2022-03-19
ID09657;ORIG066;DEST402;793.06;2024-04-19
ID09658;ORIG022;DEST054;17.00;2022-06-02
ID09659;ORIG009;DEST910;527.18;2023-05-01
ID09660;ORIG015;DEST067;713.06;2021-11-25
ID09661;ORIG015;DEST360;342.21;2020-03-27
ID09662;ORIG007;DEST629;903.46;2024-04-24
ID09663;ORIG090;DEST610;70.45;2022-04-09
ID09664;ORIG012;DEST320;296.47;2022-06-23
ID09665;ORIG013;DEST683;166.11;2023-04-16
ID09666;ORIG019;DEST804;81.90;2024-10-09
ID09667;ORIG010;DEST083;885.15;2020-11-24
ID09668;ORIG008;DEST808;62.51;2022-03-04
ID09669;ORIG000;DEST936;747.16;2020-09-14
ID09670;ORIG041;DEST684;532.30;2021-12-27
ID09671;ORIG010;DEST622;85.54;2020-08-22
ID09672;ORIG005;DEST110;359.68;2024-09-17
ID09673;ORIG013;DEST021;486.72;2020-12-28
ID09674;ORIG012;DEST357;326.24;2023-09-23
ID09675;ORIG008;DEST899;914.31;2022-09-06
ID09676;ORIG017;DEST961;985.67;2023-08-10
ID09677;ORIG016;DEST932;837.46;2024-07-01
ID09678;ORIG016;DEST645;506.41;2024-07-16
ID09679;ORIG001;DEST006;932.98;2021-04-06
ID06444;ORIG001;DEST937;186.34;2022-07-15
ID09681;ORIG005;DEST282;38.30;2020-03-21
ID09682;ORIG002;DEST917;927.63;2022-11-28
ID09683;ORIG019;DEST432;39.54;2020-09-03
ID09684;ORIG016;DEST533;433.66;2022-06-24
ID09685;ORIG043;DEST350;86.03;2021-08-22
ID09686;ORIG005;DEST929;898.32;2021-07-26
ID09687;ORIG002;DEST269;577.10;2023-09-19
ID09688;ORIG075;DEST147;314.04;2023-11-11
ID09689;ORIG013;DEST098;805.25;2022-05-19
ID09690;ORIG050;DEST727;758.80;2024-03-14
ID09691;ORIG012;DEST619;108.89;2023-11-26
ID09692;ORIG015;DEST031;467.55;2022-05-09
ID05586;ORIG018;DEST829;984.35;2022-05-10
ID09694;ORIG005;DEST948;996.21;2024-10-15
ID09695;ORIG007;DEST438;179.54;2024-04-02
ID09696;ORIG013;DEST114;118.68;2024-01-19
ID09697;ORIG004;DEST969;581.43;2024-02-28
ID00444;ORIG007;DEST052;701.47;2021-11-07
ID01205;ORIG000;DEST342;89.54;2024-05-08
ID09700;ORIG059;DEST411;341.80;2022-06-12
ID09701;ORIG014;DEST666;897.52;2020-05-25
ID09702;ORIG009;DEST608;959.51;2021-02-15
ID09703;ORIG013;DEST971;629.06;2024-03-06
ID09704;ORIG013;DEST258;964.54;2022-12-26
ID09705;ORIG008;DEST613;13.26;2023-07-15
ID09706;ORIG031;DEST952;243.69;2023-03-25
ID09707;ORIG079;DEST007;560.79;2023-12-18
ID09708;ORIG055;DEST489;114.38;2024-06-17
ID06437;ORIG007;DEST973;311.60;2022-02-25
ID09710;ORIG007;DEST965;71.84;2022-05-15
ID09711;ORIG003;DEST519;906.90;2024-01-28
ID09712;ORIG017;DEST480;368.46;2020-09-13
ID09713;ORIG001;DEST505;646.32;2020-12-09
ID09714;ORIG019;DEST062;189.20;2021-10-19
ID09715;ORIG019;DEST985;438.97;2024-12-22
ID09716;ORIG017;DEST327;808.48;2021-10-01
ID09717;ORIG006;DEST797;647.78;2023-02-28
ID09718;ORIG014;DEST961;116.47;2022-08-10
ID09719;ORIG012;DEST848;757.62;2023-04-15
ID09720;ORIG014;DEST865;579.74;2021-08-09
ID09721;ORIG013;DEST000;275.34;2023-06-24
ID09722;ORIG000;DEST381;719.25;2023-09-03
ID09723;ORIG016;DEST576;854.02;2020-09-13
ID09724;ORIG003;DEST809;647.46;2021-08-11
ID09725;ORIG008;DEST460;106.65;2023-05-10
ID09726;ORIG024;DEST649;486.41;2020-06-12
ID09727;ORIG003;DEST987;652.05;2020-11-04
ID09728;ORIG050;DEST075;975.59;2020-11-05
ID03973;ORIG003;DEST221;961.00;2024-09-28
ID09730;ORIG090;DEST876;120.63;2023-10-04
ID09731;ORIG004;DEST528;265.38;2024-02-17
ID09732;ORIG003;DEST159;160.54;2022-10-15
ID04979;ORIG006;DEST475;362.80;2023-11-01
ID02513;ORIG005;DEST073;797.17;2022-09-15
ID09027;ORIG009;DEST641;609.69;2021-01-23
ID09736;ORIG015;DEST985;62.01;2021-02-21
ID09737;ORIG018;DEST862;81.20;2024-02-03
ID09738;ORIG018;DEST703;150.59;2020-06-02
ID09739;ORIG007;DEST604;355.10;2024-06-03
ID09740;ORIG015;DEST737;771.75;2020-02-28
ID09741;ORIG014;DEST435;296.08;2022-04-09
ID09742;ORIG009;DEST727;857.47;2024-06-09
ID09743;ORIG006;DEST913;878.62;2024-04-04
ID09744;ORIG011;DEST834;178.86;2024-10-07
ID09745;ORIG009;DEST898;328.87;2023-03-09
ID09746;ORIG013;DEST453;16.53;2023-02-07
ID09747;ORIG079;DEST839;119.69;2024-04-02
ID09748;ORIG017;DEST376;241.98;2021-06-11
ID09749;ORIG012;DEST436;308.40;2023-08-28
ID09750;ORIG080;DEST512;666.10;2022-01-13
ID09751;ORIG007;DEST751;708.80;2023-12-06
ID09752;ORIG018;DEST128;855.00;2024-05-22
ID09753;ORIG001;DEST998;388.92;2021-06-07
ID09754;ORIG067;DEST304;131.69;2021-06-23
ID03585;ORIG019;DEST445;62.66;2023-08-05
ID09756;ORIG002;DEST553;513.37;2024-05-19
ID09757;ORIG017;DEST373;987.43;2022-01-15
ID09758;ORIG083;DEST744;284.48;2020-03-04
ID09759;ORIG007;DEST851;790.38;2021-12-13
ID09760;ORIG045;DEST454;857.30;2021-04-04
ID09761;ORIG019;DEST038;306.31;2021-10-23
ID09762;ORIG000;DEST100;93.33;2021-04-22
ID09763;ORIG006;DEST330;509.83;2021-12-11
ID09764;ORIG008;DEST127;649.60;2024-08-24
ID09765;ORIG042;DEST873;549.89;2021-04-10
ID02903;ORIG014;DEST006;433.74;2024-09-05
ID09767;ORIG008;DEST721;570.52;2020-12-02
ID09768;ORIG000;DEST984;754.24;2020-11-13
ID03862;ORIG004;DEST230;633.96;2023-12-11
ID09770;ORIG014;DEST014;931.52;2022-07-01
ID09771;ORIG011;DEST053;320.39;2020-12-28
ID09772;ORIG009;DEST998;139.26;2024-10-01
ID02209;ORIG015;DEST623;98.53;2023-08-09
ID09774;ORIG015;DEST890;10.27;2022-04-06
ID09775;ORIG026;DEST259;522.45;2023-07-03
ID09776;ORIG007;DEST689;429.90;2020-07-07
ID09777;ORIG018;DEST287;695.08;2023-07-16
ID09778;ORIG017;DEST574;111.24;2024-04-23
ID09779;ORIG055;DEST441;666.06;2024-09-06
ID09780;ORIG016;DEST327;601.13;2021-11-03
ID09781;ORIG010;DEST896;13.34;2022-03-25
ID09782;ORIG039;DEST756;330.57;2024-07-28
ID09783;ORIG016;DEST528;135.41;2021-08-14
ID09784;ORIG042;DEST252;714.01;2021-12-19
ID09785;ORIG015;DEST168;274.19;2022-06-13
ID09786;ORIG001;DEST441;333.37;2020-10-24
ID09787;ORIG008;DEST597;124.86;2021-09-18
ID09788;ORIG008;DEST982;492.45;2021-12-19
ID09789;ORIG012;DEST627;820.97;2022-01-01
ID09790;ORIG016;DEST080;409.65;2023-01-04
ID09791;ORIG002;DEST805;939.11;2020-07-25
ID09792;ORIG014;DEST402;21.72;2024-07-01
ID00909;ORIG037;DEST972;356.70;2023-12-08
ID09794;ORIG006;DEST716;871.46;2024-07-16
ID09795;ORIG010;DEST296;513.89;2021-03-13
ID09796;ORIG073;DEST373;743.94;2024-05-16
ID08307;ORIG013;DEST745;257.93;2023-06-20
ID09798;ORIG021;DEST582;696.97;2024-08-01
ID09799;ORIG019;DEST697;380.52;2022-07-14
ID09800;ORIG018;DEST669;828.21;2023-10-25
ID09801;ORIG004;DEST941;502.14;2021-12-17
ID09802;ORIG000;DEST166;441.27;2020-04-15
ID09803;ORIG019;DEST734;874.11;2022-07-26
ID09804;ORIG000;DEST311;749.67;2020-01-02
ID09805;ORIG015;DEST245;376.08;2023-08-04
ID09806;ORIG016;DEST217;975.78;2023-05-14
ID09807;ORIG005;DEST551;634.35;2023-12-24
ID09808;ORIG001;DEST481;270.09;2021-05-06
ID09809;ORIG008;DEST797;601.65;2024-03-01
ID09810;ORIG003;DEST041;705.03;2020-10-20
ID09811;ORIG005;DEST109;859.23;2022-03-14
ID09812;ORIG001;DEST477;552.92;2023-11-26
ID09813;ORIG070;DEST676;502.98;2023-07-17
ID09814;ORIG005;DEST315;153.44;2021-05-02
ID09815;ORIG056;DEST351;556.66;2021-04-22
ID09816;ORIG000;DEST036;544.79;2021-06-20
ID09817;ORIG008;DEST675;91.89;2020-05-14
ID09818;ORIG019;DEST770;206.65;2022-02-19
ID09819;ORIG014;DEST273;682.93;2023-03-04
ID09820;ORIG008;DEST155;755.45;2021-06-05
ID09821;ORIG009;DEST346;460.27;2023-01-12
ID09822;ORIG009;DEST340;29.13;2020-03-07
ID09823;ORIG007;DEST010;876.65;2020-04-11
ID09824;ORIG019;DEST969;413.97;2023-05-13
ID09825;ORIG012;DEST322;360.85;2021-11-15
ID09826;ORIG013;DEST663;899.81;2021-06-15
ID09827;ORIG012;DEST260;177.87;2022-12-18
ID09828;ORIG017;DEST211;55.46;2021-11-16
ID09829;ORIG012;DEST429;833.76;2022-04-18
ID09830;ORIG015;DEST775;401.54;2020-08-28
ID09831;ORIG014;DEST502;504.52;2022-08-09
ID09832;ORIG011;DEST820;445.51;2020-06-18
ID09833;ORIG004;DEST354;164.54;2024-10-23
ID09834;ORIG001;DEST488;872.00;2021-12-14
ID09835;ORIG008;DEST685;316.76;2024-11-05
ID09836;ORIG007;DEST124;531.79;2020-04-26
ID09837;ORIG086;DEST749;321.50;2022-06-17
ID09838;ORIG004;DEST699;563.71;2021-11-22
ID09839;ORIG014;DEST360;892.65;2021-03-18
ID09840;ORIG004;DEST378;323.73;2021-05-16
ID09841;ORIG014;DEST243;89.31;2020-11-09
ID09842;ORIG014;DEST816;902.24;2024-02-03
ID09843;ORIG014;DEST586;15.10;2021-09-08
ID09844;ORIG002;DEST969;331.58;2024-12-17
ID09845;ORIG011;DEST915;147.21;2023-11-05
ID09846;ORIG016;DEST087;140.42;2023-02-02
ID09847;ORIG006;DEST745;19.66;2023-11-17
ID09848;ORIG003;DEST413;187.91;2022-10-24
ID09849;ORIG008;DEST352;455.99;2022-02-03
ID09850;ORIG008;DEST867;925.23;2023-08-11
ID09851;ORIG003;DEST204;151.07;2020-04-18
ID09852;ORIG001;DEST735;275.03;2020-02-14
ID04723;ORIG003;DEST199;259.28;2022-09-24
ID09854;ORIG096;DEST024;966.11;2024-05-11
ID09855;ORIG079;DEST033;326.59;2020-12-06
ID09856;ORIG008;DEST352;537.59;2024-08-12
ID09857;ORIG018;DEST797;280.69;2022-05-25
ID01055;ORIG019;DEST744;641.25;2022-12-02
ID09859;ORIG012;DEST940;431.80;2020-02-10
ID09860;ORIG047;DEST238;134.59;2023-07-17
ID09861;ORIG038;DEST510;25.03;2020-12-04
ID09862;ORIG005;DEST405;969.66;2024-10-07
ID09863;ORIG033;DEST207;173.20;2023-12-23
ID09864;ORIG002;DEST076;586.31;2024-01-18
ID09865;ORIG008;DEST424;961.64;2022-03-27
ID09866;ORIG016;DEST580;741.85;2020-09-22
ID09867;ORIG008;DEST932;546.66;2024-04-25
ID09868;ORIG003;DEST441;271.90;2024-11-07
ID09869;ORIG009;DEST797;249.08;2022-04-01
ID09870;ORIG018;DEST167;173.04;2024-07-14
ID09871;ORIG017;DEST524;796.50;2021-01-07
ID09872;ORIG091;DEST230;695.76;2023-03-27
ID09873;ORIG000;DEST578;987.72;2021-09-28
ID09874;ORIG021;DEST322;422.31;2020-02-13
ID09875;ORIG012;DEST606;636.50;2023-02-22
ID09876;ORIG054;DEST603;815.35;2021-09-02
ID09877;ORIG032;DEST222;35.20;2024-08-06
ID09878;ORIG014;DEST948;52.19;2020-06-07
ID09879;ORIG017;DEST221;946.66;2021-06-01
ID09880;ORIG015;DEST289;735.71;2024-09-20
ID09881;ORIG002;DEST925;583.02;2020-08-16
ID09882;ORIG015;DEST577;805.14;2024-05-12
ID09883;ORIG006;DEST511;722.08;2021-05-19
ID09884;ORIG011;DEST410;103.48;2022-08-25
ID09885;ORIG001;DEST355;715.35;2020-06-25
ID09886;ORIG016;DEST043;60.89;2024-04-06
ID04787;ORIG012;DEST107;585.10;2021-05-25
ID09888;ORIG007;DEST663;10.99;2022-12-05
ID08140;ORIG075;DEST425;985.63;2022-08-16
ID09890;ORIG021;DEST514;784.07;2023-08-09
ID09891;ORIG009;DEST590;493.72;2020-06-23
ID09892;ORIG008;DEST436;15.07;2023-02-09
ID09893;ORIG000;DEST466;587.28;2024-07-04
ID09894;ORIG015;DEST851;354.16;2023-03-11
ID09895;ORIG013;DEST481;125.25;2021-02-22
ID09896;ORIG004;DEST251;123.71;2024-05-24
ID09897;ORIG005;DEST936;922.68;2024-03-20
ID09898;ORIG010;DEST569;735.21;2022-11-25
ID09899;ORIG016;DEST884;319.99;2020-09-21
ID09900;ORIG010;DEST635;368.04;2024-02-25
ID09901;ORIG076;DEST156;417.46;2021-08-27
ID09902;ORIG005;DEST299;800.12;2021-01-11
ID09903;ORIG005;DEST251;52.95;2023-11-12
ID09904;ORIG007;DEST150;843.29;2022-09-12
ID09905;ORIG009;DEST069;191.58;2020-01-12
ID09906;ORIG039;DEST184;747.34;2020-09-12
ID09907;ORIG019;DEST219;560.10;2023-06-09
ID09908;ORIG019;DEST130;196.95;2021-04-18
ID09909;ORIG001;DEST788;705.85;2023-04-03
ID09910;ORIG001;DEST347;706.68;2022-07-18
ID09911;ORIG013;DEST094;326.95;2020-06-15
ID09912;ORIG015;DEST819;663.74;2021-05-23
ID09913;ORIG095;DEST111;287.54;2022-02-26
ID09914;ORIG015;DEST042;792.50;2024-01-27
ID09915;ORIG015;DEST328;437.48;2023-03-11
ID09916;ORIG005;DEST358;345.54;2023-01-07
ID09917;ORIG015;DEST279;218.21;2021-08-21
ID09918;ORIG034;DEST356;176.99;2024-08-16
ID09919;ORIG007;DEST431;892.30;2024-09-07
ID09920;ORIG099;DEST412;719.92;2024-02-25
ID09921;ORIG011;DEST317;196.91;2021-09-07
ID09922;ORIG012;DEST693;890.42;2024-04-11
ID09923;ORIG058;DEST401;408.17;2021-02-04
ID09924;ORIG003;DEST171;675.59;2021-04-15
ID09925;ORIG014;DEST454;395.11;2024-01-23
ID09926;ORIG000;DEST448;289.22;2021-10-11
ID09927;ORIG039;DEST086;378.83;2021-08-23
ID09928;ORIG012;DEST436;177.27;2024-09-17
ID09929;ORIG007;DEST776;825.73;2022-04-23
ID09930;ORIG013;DEST184;180.34;2021-04-20
ID09931;ORIG027;DEST637;42.60;2022-10-20
ID09932;ORIG010;DEST666;735.43;2024-08-07
ID09933;ORIG099;DEST533;712.17;2022-12-24
ID09934;ORIG009;DEST443;643.61;2022-07-17
ID02180;ORIG016;DEST856;408.49;2023-07-22
ID09936;ORIG092;DEST820;198.36;2024-01-23
ID06931;ORIG004;DEST058;177.64;2020-09-10
ID09938;ORIG002;DEST899;988.75;2021-11-27
ID09939;ORIG010;DEST124;581.12;2020-05-28
ID09940;ORIG001;DEST004;744.96;2023-10-23
ID09941;ORIG009;DEST303;119.65;2020-11-16
ID09942;ORIG004;DEST002;909.39;2022-11-09
ID09943;ORIG000;DEST371;816.84;2023-05-14
ID09944;ORIG015;DEST315;285.05;2020-10-16
ID09945;ORIG013;DEST224;804.77;2022-07-13
ID09946;ORIG080;DEST675;204.84;2023-02-23
ID09947;ORIG088;DEST149;724.49;2020-08-24
ID09948;ORIG002;DEST769;96.94;2023-07-23
ID09949;ORIG002;DEST535;270.20;2021-12-03
ID09950;ORIG005;DEST848;833.04;2022-04-06
ID09951;ORIG012;DEST049;461.31;2023-10-24
ID09307;ORIG006;DEST412;111.78;2024-11-07
ID09953;ORIG016;DEST352;146.32;2021-04-12
ID09954;ORIG007;DEST790;643.63;2020-06-19
ID09955;ORIG018;DEST271;159.47;2024-03-19
ID09956;ORIG001;DEST857;101.23;2022-12-19
ID09957;ORIG016;DEST385;540.16;2023-11-02
ID09958;ORIG009;DEST029;795.92;2023-11-06
ID09959;ORIG015;DEST389;302.09;2021-02-12
ID09960;ORIG019;DEST064;201.89;2022-02-11
ID09961;ORIG011;DEST538;477.32;2020-09-06
ID09962;ORIG016;DEST663;201.51;2023-02-01
ID09963;ORIG015;DEST840;329.26;2023-07-17
ID09964;ORIG018;DEST532;778.09;2024-12-11
ID09965;ORIG019;DEST108;574.95;2024-11-22
ID05460;ORIG016;DEST520;223.30;2024-03-18
ID09967;ORIG002;DEST676;462.96;2024-03-13
ID09968;ORIG018;DEST113;613.93;2024-11-11
ID09969;ORIG014;DEST950;130.15;2024-01-24
ID09970;ORIG016;DEST568;571.73;2020-07-25
ID09971;ORIG014;DEST762;811.12;2020-03-07
ID09972;ORIG008;DEST276;753.40;2021-07-17
ID09973;ORIG004;DEST929;210.64;2024-12-21
ID09974;ORIG008;DEST638;957.60;2023-05-02
ID09975;ORIG012;DEST496;580.54;2024-08-28
ID09976;ORIG072;DEST695;452.48;2023-08-06
ID09977;ORIG015;DEST965;247.06;2021-01-01
ID09978;ORIG055;DEST600;714.80;2022-01-06
ID09979;ORIG004;DEST086;92.13;2024-06-02
ID09980;ORIG017;DEST931;562.81;2023-04-13
ID09981;ORIG014;DEST491;768.68;2023-02-19
ID09982;ORIG012;DEST570;101.73;2024-02-05
ID09983;ORIG019;DEST616;308.77;2020-06-04
ID09984;ORIG024;DEST648;421.47;2021-05-03
ID09985;ORIG003;DEST103;391.21;2023-08-11
ID09986;ORIG013;DEST246;561.03;2020-09-22
ID09987;ORIG010;DEST465;337.30;2022-07-08
ID09988;ORIG035;DEST161;329.32;2020-03-14
ID09989;ORIG016;DEST363;858.36;2024-11-11
ID09990;ORIG005;DEST726;574.50;2024-03-02
ID07629;ORIG002;DEST165;377.86;2024-03-13
ID09992;ORIG001;DEST585;791.56;2021-10-05
ID09993;ORIG017;DEST066;868.53;2022-06-18
ID09994;ORIG017;DEST456;320.95;2020-11-28
ID09995;ORIG019;DEST375;739.13;2020-07-05
ID09996;ORIG007;DEST364;604.10;2023-03-25
ID09997;ORIG007;DEST198;672.63;2024-08-28
ID09998;ORIG098;DEST379;965.35;2023-10-01
ID08690;ORIG005;DEST134;122.86;2021-10-10
